[ 2025-12-05 13:04:06,964 ] Using spritesheet cache size of 910
[ 2025-12-05 13:04:07,104 ] Sound engine initialized with default sound device "Headphones (High Definition Audio Device)"
[ 2025-12-05 13:04:07,112 ] Switch used audio device to "Headphones (High Definition Audio Device)"
[ 2025-12-05 13:04:10,818 ] Client is started for first the time.
[ 2025-12-05 13:04:11,100 ] Asset loading complete
[ 2025-12-05 13:04:11,195 ] QObject: Cannot create children for a parent that is in a different thread.
(Parent is QQmlEngine(0x1ffba7b4d90), parent's thread is QThread(0x1ffb25389a0), current thread is QSGRenderThread(0x1ffb2497000)
[ 2025-12-08 10:45:01,758 ] Using spritesheet cache size of 910
[ 2025-12-08 10:45:01,961 ] Sound engine initialized with default sound device "Headphones (High Definition Audio Device)"
[ 2025-12-08 10:45:01,969 ] Switch used audio device to "Headphones (High Definition Audio Device)"
[ 2025-12-08 10:45:17,848 ] Asset loading complete
[ 2025-12-08 10:45:20,563 ] QObject: Cannot create children for a parent that is in a different thread.
(Parent is QQmlEngine(0x27cf8cb4d80), parent's thread is QThread(0x27cf188d290), current thread is QSGRenderThread(0x27cf97dd890)
[ 2025-12-08 10:46:23,352 ] BattlEye: "Initialized (v1.249)"
[ 2025-12-08 10:46:23,352 ] BattlEye: "Config entry: GameID tibia"
[ 2025-12-08 10:46:23,352 ] BattlEye: "Config entry: MasterPort 7171"
[ 2025-12-08 10:46:23,500 ] Request connection to gameserver  "tcp://prod-cf-sa.tibia.com:7171"  (unprotected:  "tcp://prod-lb-sa.tibia.com:7171" )  requested (Charakter "Yiroshinho" )
[ 2025-12-08 10:46:23,500 ] Request connection to gameserver  "tcp://prod-cf-sa.tibia.com:7171" "Gentebra"
[ 2025-12-08 10:46:23,526 ] Connected to gameserver  "tcp://prod-cf-sa.tibia.com:7171" "Gentebra"
[ 2025-12-08 10:46:23,956 ] Request connection to gameserver  "tcp://prod-lb-sa.tibia.com:7171" "Gentebra"
[ 2025-12-08 10:46:24,054 ] Backup connection to gameserver  "tcp://prod-lb-sa.tibia.com:7171" "Gentebra" established
[ 2025-12-08 10:46:27,354 ] BattlEye: "Server computed GUID: 031a12b54f228dbf77284cb52878a4f5"
[ 2025-12-08 10:50:19,112 ] Connection to gameserver  "tcp://prod-lb-sa.tibia.com:7171" "Gentebra"  was disconnected ( "The remote host closed the connection" )
[ 2025-12-08 10:50:19,112 ] Connection to gameserver  "tcp://prod-cf-sa.tibia.com:7171" "Gentebra"  was disconnected ( "The remote host closed the connection" )
[ 2025-12-08 10:50:19,162 ] Disconnected from gameserver
[ 2026-01-18 09:45:02,208 ] Using spritesheet cache size of 910
[ 2026-01-18 09:45:02,296 ] Sound engine initialized with default sound device "Headphones (High Definition Audio Device)"
[ 2026-01-18 09:45:02,301 ] Switch used audio device to "Headphones (High Definition Audio Device)"
[ 2026-01-18 09:45:03,660 ] Asset loading complete
[ 2026-01-18 09:45:04,813 ] QObject: Cannot create children for a parent that is in a different thread.
(Parent is QQmlEngine(0x1afa95d56f0), parent's thread is QThread(0x1afa2260d90), current thread is QSGRenderThread(0x1afaa25df70)
[ 2026-01-18 17:03:14,348 ] Using spritesheet cache size of 910
[ 2026-01-18 17:03:14,486 ] Sound engine initialized with default sound device "Headphones (High Definition Audio Device)"
[ 2026-01-18 17:03:14,497 ] Switch used audio device to "Headphones (High Definition Audio Device)"
[ 2026-01-18 17:03:29,862 ] Asset loading complete
[ 2026-01-18 17:03:32,238 ] QObject: Cannot create children for a parent that is in a different thread.
(Parent is QQmlEngine(0x2818b8e3b90), parent's thread is QThread(0x2818449bf00), current thread is QSGRenderThread(0x2818d8e85b0)
[ 2026-01-18 17:08:54,942 ] Retrying to obtain clipboard.
[ 2026-01-18 17:10:11,923 ] BattlEye: "Initialized (v1.249)"
[ 2026-01-18 17:10:11,924 ] BattlEye: "Config entry: GameID tibia"
[ 2026-01-18 17:10:11,924 ] BattlEye: "Config entry: MasterPort 7171"
[ 2026-01-18 17:10:12,075 ] Request connection to gameserver  "tcp://prod-cf-sa.tibia.com:7171"  (unprotected:  "tcp://prod-lb-sa.tibia.com:7171" )  requested (Charakter "Anninha Paladina" )
[ 2026-01-18 17:10:12,076 ] Request connection to gameserver  "tcp://prod-cf-sa.tibia.com:7171" "Issobra"
[ 2026-01-18 17:10:12,102 ] Connected to gameserver  "tcp://prod-cf-sa.tibia.com:7171" "Issobra"
[ 2026-01-18 17:10:12,531 ] Request connection to gameserver  "tcp://prod-lb-sa.tibia.com:7171" "Issobra"
[ 2026-01-18 17:10:12,589 ] Backup connection to gameserver  "tcp://prod-lb-sa.tibia.com:7171" "Issobra" established
[ 2026-01-18 17:10:16,916 ] BattlEye: "Server computed GUID: 5fd02760bd910d2e2c911d7ea42bbcb3"
[ 2026-01-18 17:12:00,181 ] Retrying to obtain clipboard.
[ 2026-02-02 09:27:21,263 ] Using spritesheet cache size of 910
[ 2026-02-02 09:27:21,352 ] Sound engine initialized with default sound device "Headphones (High Definition Audio Device)"
[ 2026-02-02 09:27:21,359 ] Switch used audio device to "Headphones (High Definition Audio Device)"
[ 2026-02-02 09:27:22,525 ] Asset loading complete
[ 2026-02-02 09:27:24,232 ] QObject: Cannot create children for a parent that is in a different thread.
(Parent is QQmlEngine(0x21a9ff6adf0), parent's thread is QThread(0x21a98a17a40), current thread is QSGRenderThread(0x21aa7390050)
[ 2026-02-02 09:28:00,950 ] BattlEye: "Initialized (v1.249)"
[ 2026-02-02 09:28:00,950 ] BattlEye: "Config entry: GameID tibia"
[ 2026-02-02 09:28:00,950 ] BattlEye: "Config entry: MasterPort 7171"
[ 2026-02-02 09:28:01,072 ] Request connection to gameserver  "tcp://prod-cf-sa.tibia.com:7171"  (unprotected:  "tcp://prod-lb-sa.tibia.com:7171" )  requested (Charakter "Kalexus" )
[ 2026-02-02 09:28:01,072 ] Request connection to gameserver  "tcp://prod-cf-sa.tibia.com:7171" "Issobra"
[ 2026-02-02 09:28:01,094 ] Connected to gameserver  "tcp://prod-cf-sa.tibia.com:7171" "Issobra"
[ 2026-02-02 09:28:01,594 ] Request connection to gameserver  "tcp://prod-lb-sa.tibia.com:7171" "Issobra"
[ 2026-02-02 09:28:01,662 ] Backup connection to gameserver  "tcp://prod-lb-sa.tibia.com:7171" "Issobra" established
[ 2026-02-02 09:28:04,946 ] BattlEye: "Server computed GUID: b735fbc87a301dbc2eab3d22914e004d"
[ 2026-02-02 09:31:40,196 ] Connection to gameserver  "tcp://prod-lb-sa.tibia.com:7171" "Issobra"  was disconnected ( "The remote host closed the connection" )
[ 2026-02-02 09:31:40,196 ] Connection to gameserver  "tcp://prod-cf-sa.tibia.com:7171" "Issobra"  was disconnected ( "The remote host closed the connection" )
[ 2026-02-02 09:31:40,254 ] Disconnected from gameserver
[ 2026-02-04 08:38:05,749 ] Using spritesheet cache size of 910
[ 2026-02-04 08:38:05,939 ] Sound engine initialized with default sound device "Headphones (High Definition Audio Device)"
[ 2026-02-04 08:38:05,945 ] Switch used audio device to "Headphones (High Definition Audio Device)"
[ 2026-02-04 08:38:07,766 ] Asset loading complete
[ 2026-02-04 08:38:08,261 ] QObject: Cannot create children for a parent that is in a different thread.
(Parent is QQmlEngine(0x18c70e4ae50), parent's thread is QThread(0x18c69746a60), current thread is QSGRenderThread(0x18c72f1cc50)
[ 2026-02-04 08:38:42,691 ] BattlEye: "Initialized (v1.249)"
[ 2026-02-04 08:38:42,691 ] BattlEye: "Config entry: GameID tibia"
[ 2026-02-04 08:38:42,691 ] BattlEye: "Config entry: MasterPort 7171"
[ 2026-02-04 08:38:42,786 ] Request connection to gameserver  "tcp://prod-cf-sa.tibia.com:7171"  (unprotected:  "tcp://prod-lb-sa.tibia.com:7171" )  requested (Charakter "Yiroshinho" )
[ 2026-02-04 08:38:42,786 ] Request connection to gameserver  "tcp://prod-cf-sa.tibia.com:7171" "Gentebra"
[ 2026-02-04 08:38:42,808 ] Connected to gameserver  "tcp://prod-cf-sa.tibia.com:7171" "Gentebra"
[ 2026-02-04 08:38:43,220 ] Request connection to gameserver  "tcp://prod-lb-sa.tibia.com:7171" "Gentebra"
[ 2026-02-04 08:38:43,273 ] Backup connection to gameserver  "tcp://prod-lb-sa.tibia.com:7171" "Gentebra" established
[ 2026-02-04 08:38:47,687 ] BattlEye: "Server computed GUID: 031a12b54f228dbf77284cb52878a4f5"
[ 2026-02-04 08:41:59,466 ] Connection to gameserver  "tcp://prod-cf-sa.tibia.com:7171" "Gentebra"  was disconnected ( "The remote host closed the connection" )
[ 2026-02-04 08:41:59,467 ] Connection to gameserver  "tcp://prod-lb-sa.tibia.com:7171" "Gentebra"  was disconnected ( "The remote host closed the connection" )
[ 2026-02-04 08:41:59,550 ] Disconnected from gameserver
[ 2026-02-04 08:42:08,217 ] BattlEye: "Initialized (v1.249)"
[ 2026-02-04 08:42:08,217 ] BattlEye: "Config entry: GameID tibia"
[ 2026-02-04 08:42:08,217 ] BattlEye: "Config entry: MasterPort 7171"
[ 2026-02-04 08:42:08,457 ] Request connection to gameserver  "tcp://prod-cf-sa.tibia.com:7171"  (unprotected:  "tcp://prod-lb-sa.tibia.com:7171" )  requested (Charakter "Yiroshi" )
[ 2026-02-04 08:42:08,457 ] Request connection to gameserver  "tcp://prod-cf-sa.tibia.com:7171" "Kalibra"
[ 2026-02-04 08:42:08,490 ] Connected to gameserver  "tcp://prod-cf-sa.tibia.com:7171" "Kalibra"
[ 2026-02-04 08:42:08,957 ] Request connection to gameserver  "tcp://prod-lb-sa.tibia.com:7171" "Kalibra"
[ 2026-02-04 08:42:09,168 ] Backup connection to gameserver  "tcp://prod-lb-sa.tibia.com:7171" "Kalibra" established
[ 2026-02-04 08:42:12,218 ] BattlEye: "Server computed GUID: c5f1434b400af958c4cf4f80aebf4156"
[ 2026-02-04 08:43:08,891 ] Connection to gameserver  "tcp://prod-cf-sa.tibia.com:7171" "Kalibra"  was disconnected ( "The remote host closed the connection" )
[ 2026-02-04 08:43:08,891 ] Connection to gameserver  "tcp://prod-lb-sa.tibia.com:7171" "Kalibra"  was disconnected ( "The remote host closed the connection" )
[ 2026-02-04 08:43:08,944 ] Disconnected from gameserver
[ 2026-02-04 08:43:12,718 ] BattlEye: "Initialized (v1.249)"
[ 2026-02-04 08:43:12,719 ] BattlEye: "Config entry: GameID tibia"
[ 2026-02-04 08:43:12,719 ] BattlEye: "Config entry: MasterPort 7171"
[ 2026-02-04 08:43:12,816 ] Request connection to gameserver  "tcp://prod-cf-sa.tibia.com:7171"  (unprotected:  "tcp://prod-lb-sa.tibia.com:7171" )  requested (Charakter "Yiroshi" )
[ 2026-02-04 08:43:12,816 ] Request connection to gameserver  "tcp://prod-cf-sa.tibia.com:7171" "Kalibra"
[ 2026-02-04 08:43:12,842 ] Connected to gameserver  "tcp://prod-cf-sa.tibia.com:7171" "Kalibra"
[ 2026-02-04 08:43:13,283 ] Request connection to gameserver  "tcp://prod-lb-sa.tibia.com:7171" "Kalibra"
[ 2026-02-04 08:43:13,343 ] Backup connection to gameserver  "tcp://prod-lb-sa.tibia.com:7171" "Kalibra" established
[ 2026-02-04 08:43:14,891 ] Connection to gameserver  "tcp://prod-cf-sa.tibia.com:7171" "Kalibra"  was disconnected ( "The remote host closed the connection" )
[ 2026-02-04 08:43:14,891 ] Connection to gameserver  "tcp://prod-lb-sa.tibia.com:7171" "Kalibra"  was disconnected ( "The remote host closed the connection" )
[ 2026-02-04 08:43:14,942 ] Disconnected from gameserver
[ 2026-03-06 08:58:25,179 ] Using spritesheet cache size of 910
[ 2026-03-06 08:58:25,307 ] Sound engine initialized with default sound device "Headphones (High Definition Audio Device)"
[ 2026-03-06 08:58:25,315 ] Switch used audio device to "Headphones (High Definition Audio Device)"
[ 2026-03-06 08:58:26,682 ] StartDownload:  QUrl("https://static.tibia.com/hints.json")
[ 2026-03-06 08:58:27,871 ] Asset loading complete
[ 2026-03-06 08:58:28,419 ] QObject: Cannot create children for a parent that is in a different thread.
(Parent is QQmlEngine(0x1cb26eefbc0), parent's thread is QThread(0x1cb1d81de90), current thread is QSGRenderThread(0x1cb25a5e3d0)
[ 2026-03-06 08:59:25,011 ] BattlEye: "Initialized (v1.249)"
[ 2026-03-06 08:59:25,011 ] BattlEye: "Config entry: GameID tibia"
[ 2026-03-06 08:59:25,011 ] BattlEye: "Config entry: MasterPort 7171"
[ 2026-03-06 08:59:25,153 ] Request connection to gameserver  "tcp://prod-cf-sa.tibia.com:7171"  (unprotected:  "tcp://prod-lb-sa.tibia.com:7171" )  requested (Charakter "Yiroshinho" )
[ 2026-03-06 08:59:25,154 ] Request connection to gameserver  "tcp://prod-cf-sa.tibia.com:7171" "Gentebra"
[ 2026-03-06 08:59:25,176 ] Connected to gameserver  "tcp://prod-cf-sa.tibia.com:7171" "Gentebra"
[ 2026-03-06 08:59:25,620 ] Request connection to gameserver  "tcp://prod-lb-sa.tibia.com:7171" "Gentebra"
[ 2026-03-06 08:59:25,678 ] Backup connection to gameserver  "tcp://prod-lb-sa.tibia.com:7171" "Gentebra" established
[ 2026-03-06 08:59:29,010 ] BattlEye: "Server computed GUID: 031a12b54f228dbf77284cb52878a4f5"
[ 2026-03-06 08:59:48,774 ] StartDownload:  QUrl("https://static.tibia.com/images/store/13/Category_PremiumTime.png")
[ 2026-03-06 08:59:48,791 ] StartDownload:  QUrl("https://static.tibia.com/images/store/13/Category_Consumables.png")
[ 2026-03-06 08:59:48,809 ] StartDownload:  QUrl("https://static.tibia.com/images/store/13/Category_Bundles.png")
[ 2026-03-06 08:59:48,824 ] StartDownload:  QUrl("https://static.tibia.com/images/store/13/Category_Cosmetics.png")
[ 2026-03-06 08:59:48,840 ] StartDownload:  QUrl("https://static.tibia.com/images/store/13/Category_HouseTools.png")
[ 2026-03-06 08:59:48,858 ] StartDownload:  QUrl("https://static.tibia.com/images/store/13/Category_Boosts.png")
[ 2026-03-06 08:59:49,080 ] StartDownload:  QUrl("https://static.tibia.com/images/store/13/Category_Extras.png")
[ 2026-03-06 08:59:49,095 ] StartDownload:  QUrl("https://static.tibia.com/images/store/64/Product_December2025_Bundle.png")
[ 2026-03-06 08:59:52,667 ] StartDownload:  QUrl("https://static.tibia.com/images/store/64/Product_December2025_Bundle.png")
[ 2026-03-06 08:59:52,679 ] StartDownload:  QUrl("https://static.tibia.com/images/store/64/Product_CharacterNameChange.png")
[ 2026-03-06 08:59:52,784 ] QQuickPixmap: connectFinished() called when not loading.
[ 2026-03-06 08:59:52,784 ] QQuickPixmap: connectFinished() called when not loading.
[ 2026-03-06 08:59:55,785 ] StartDownload:  QUrl("https://static.tibia.com/images/store/13/Category_PremiumTime.png")
[ 2026-03-06 08:59:55,787 ] StartDownload:  QUrl("https://static.tibia.com/images/store/13/Category_Consumables.png")
[ 2026-03-06 08:59:55,788 ] StartDownload:  QUrl("https://static.tibia.com/images/store/13/Category_Bundles.png")
[ 2026-03-06 08:59:55,789 ] StartDownload:  QUrl("https://static.tibia.com/images/store/13/Category_Cosmetics.png")
[ 2026-03-06 08:59:55,790 ] StartDownload:  QUrl("https://static.tibia.com/images/store/13/Category_HouseTools.png")
[ 2026-03-06 08:59:55,791 ] StartDownload:  QUrl("https://static.tibia.com/images/store/13/Category_Boosts.png")
[ 2026-03-06 08:59:55,807 ] StartDownload:  QUrl("https://static.tibia.com/images/store/13/Category_Extras.png")
[ 2026-03-06 08:59:55,809 ] StartDownload:  QUrl("https://static.tibia.com/images/store/64/Product_CharacterNameChange.png")
[ 2026-03-06 09:00:58,605 ] StartDownload:  QUrl("https://static.tibia.com/images/store/13/Category_PremiumTime.png")
[ 2026-03-06 09:00:58,607 ] StartDownload:  QUrl("https://static.tibia.com/images/store/13/Category_Consumables.png")
[ 2026-03-06 09:00:58,608 ] StartDownload:  QUrl("https://static.tibia.com/images/store/13/Category_Bundles.png")
[ 2026-03-06 09:00:58,609 ] StartDownload:  QUrl("https://static.tibia.com/images/store/13/Category_Cosmetics.png")
[ 2026-03-06 09:00:58,610 ] StartDownload:  QUrl("https://static.tibia.com/images/store/13/Category_HouseTools.png")
[ 2026-03-06 09:00:58,611 ] StartDownload:  QUrl("https://static.tibia.com/images/store/13/Category_Boosts.png")
[ 2026-03-06 09:00:58,631 ] StartDownload:  QUrl("https://static.tibia.com/images/store/13/Category_Extras.png")
[ 2026-03-06 09:00:58,632 ] StartDownload:  QUrl("https://static.tibia.com/images/store/64/Product_CharacterNameChange.png")
[ 2026-03-06 09:01:04,507 ] StartDownload:  QUrl("https://static.tibia.com/images/store/13/Category_PremiumTime.png")
[ 2026-03-06 09:01:04,509 ] StartDownload:  QUrl("https://static.tibia.com/images/store/13/Category_Consumables.png")
[ 2026-03-06 09:01:04,509 ] StartDownload:  QUrl("https://static.tibia.com/images/store/13/Category_Bundles.png")
[ 2026-03-06 09:01:04,510 ] StartDownload:  QUrl("https://static.tibia.com/images/store/13/Category_Cosmetics.png")
[ 2026-03-06 09:01:04,511 ] StartDownload:  QUrl("https://static.tibia.com/images/store/13/Category_HouseTools.png")
[ 2026-03-06 09:01:04,512 ] StartDownload:  QUrl("https://static.tibia.com/images/store/13/Category_Boosts.png")
[ 2026-03-06 09:01:04,525 ] StartDownload:  QUrl("https://static.tibia.com/images/store/13/Category_Extras.png")
[ 2026-03-06 09:01:04,527 ] StartDownload:  QUrl("https://static.tibia.com/images/store/64/Product_CharacterNameChange.png")
[ 2026-03-06 09:01:30,276 ] StartDownload:  QUrl("https://static.tibia.com/images/store/13/Category_PremiumTime.png")
[ 2026-03-06 09:01:30,277 ] StartDownload:  QUrl("https://static.tibia.com/images/store/13/Category_Consumables.png")
[ 2026-03-06 09:01:30,278 ] StartDownload:  QUrl("https://static.tibia.com/images/store/13/Category_Bundles.png")
[ 2026-03-06 09:01:30,280 ] StartDownload:  QUrl("https://static.tibia.com/images/store/13/Category_Cosmetics.png")
[ 2026-03-06 09:01:30,281 ] StartDownload:  QUrl("https://static.tibia.com/images/store/13/Category_HouseTools.png")
[ 2026-03-06 09:01:30,282 ] StartDownload:  QUrl("https://static.tibia.com/images/store/13/Category_Boosts.png")
[ 2026-03-06 09:01:30,292 ] StartDownload:  QUrl("https://static.tibia.com/images/store/13/Category_Extras.png")
[ 2026-03-06 09:01:30,293 ] StartDownload:  QUrl("https://static.tibia.com/images/store/64/Product_CharacterNameChange.png")
[ 2026-03-06 09:03:26,776 ] Connection to gameserver  "tcp://prod-cf-sa.tibia.com:7171" "Gentebra"  was disconnected ( "The remote host closed the connection" )
[ 2026-03-06 09:03:26,776 ] Connection to gameserver  "tcp://prod-lb-sa.tibia.com:7171" "Gentebra"  was disconnected ( "The remote host closed the connection" )
[ 2026-03-06 09:03:26,849 ] Disconnected from gameserver
[ 2026-03-06 09:32:49,855 ] Using spritesheet cache size of 910
[ 2026-03-06 09:32:50,009 ] Sound engine initialized with default sound device "Headphones (High Definition Audio Device)"
[ 2026-03-06 09:32:50,014 ] Switch used audio device to "Headphones (High Definition Audio Device)"
[ 2026-03-06 09:32:51,240 ] StartDownload:  QUrl("https://static.tibia.com/hints.json")
[ 2026-03-06 09:32:52,102 ] Asset loading complete
[ 2026-03-06 09:32:52,517 ] QObject: Cannot create children for a parent that is in a different thread.
(Parent is QQmlEngine(0x1c7175dff70), parent's thread is QThread(0x1c71017a130), current thread is QSGRenderThread(0x1c7174d38c0)
[ 2026-03-06 09:34:12,037 ] BattlEye: "Initialized (v1.249)"
[ 2026-03-06 09:34:12,037 ] BattlEye: "Config entry: GameID tibia"
[ 2026-03-06 09:34:12,037 ] BattlEye: "Config entry: MasterPort 7171"
[ 2026-03-06 09:34:12,160 ] Request connection to gameserver  "tcp://prod-cf-sa.tibia.com:7171"  (unprotected:  "tcp://prod-lb-sa.tibia.com:7171" )  requested (Charakter "Kalexus" )
[ 2026-03-06 09:34:12,160 ] Request connection to gameserver  "tcp://prod-cf-sa.tibia.com:7171" "Issobra"
[ 2026-03-06 09:34:12,185 ] Connected to gameserver  "tcp://prod-cf-sa.tibia.com:7171" "Issobra"
[ 2026-03-06 09:34:12,606 ] Request connection to gameserver  "tcp://prod-lb-sa.tibia.com:7171" "Issobra"
[ 2026-03-06 09:34:12,920 ] Backup connection to gameserver  "tcp://prod-lb-sa.tibia.com:7171" "Issobra" established
[ 2026-03-06 09:34:17,028 ] BattlEye: "Server computed GUID: b735fbc87a301dbc2eab3d22914e004d"
[ 2026-03-06 09:34:21,237 ] Connection to gameserver  "tcp://prod-lb-sa.tibia.com:7171" "Issobra"  was disconnected ( "The remote host closed the connection" )
[ 2026-03-06 09:34:21,237 ] Connection to gameserver  "tcp://prod-cf-sa.tibia.com:7171" "Issobra"  was disconnected ( "The remote host closed the connection" )
[ 2026-03-06 09:34:21,289 ] Disconnected from gameserver
[ 2026-03-06 09:34:23,379 ] BattlEye: "Initialized (v1.249)"
[ 2026-03-06 09:34:23,380 ] BattlEye: "Config entry: GameID tibia"
[ 2026-03-06 09:34:23,380 ] BattlEye: "Config entry: MasterPort 7171"
[ 2026-03-06 09:34:23,487 ] Request connection to gameserver  "tcp://prod-cf-sa.tibia.com:7171"  (unprotected:  "tcp://prod-lb-sa.tibia.com:7171" )  requested (Charakter "Kalexus" )
[ 2026-03-06 09:34:23,487 ] Request connection to gameserver  "tcp://prod-cf-sa.tibia.com:7171" "Issobra"
[ 2026-03-06 09:34:23,510 ] Connected to gameserver  "tcp://prod-cf-sa.tibia.com:7171" "Issobra"
[ 2026-03-06 09:34:23,903 ] Request connection to gameserver  "tcp://prod-lb-sa.tibia.com:7171" "Issobra"
[ 2026-03-06 09:34:23,935 ] Backup connection to gameserver  "tcp://prod-lb-sa.tibia.com:7171" "Issobra" established
[ 2026-03-06 09:34:26,369 ] BattlEye: "Server computed GUID: b735fbc87a301dbc2eab3d22914e004d"
[ 2026-03-06 09:34:26,595 ] StartDownload:  QUrl("https://static.tibia.com/images/store/13/Category_PremiumTime.png")
[ 2026-03-06 09:34:26,597 ] StartDownload:  QUrl("https://static.tibia.com/images/store/13/Category_Consumables.png")
[ 2026-03-06 09:34:26,598 ] StartDownload:  QUrl("https://static.tibia.com/images/store/13/Category_Bundles.png")
[ 2026-03-06 09:34:26,599 ] StartDownload:  QUrl("https://static.tibia.com/images/store/13/Category_Cosmetics.png")
[ 2026-03-06 09:34:26,600 ] StartDownload:  QUrl("https://static.tibia.com/images/store/13/Category_HouseTools.png")
[ 2026-03-06 09:34:26,601 ] StartDownload:  QUrl("https://static.tibia.com/images/store/13/Category_Boosts.png")
[ 2026-03-06 09:34:26,638 ] StartDownload:  QUrl("https://static.tibia.com/images/store/13/Category_Extras.png")
[ 2026-03-06 09:34:26,640 ] StartDownload:  QUrl("https://static.tibia.com/images/store/64/Product_December2025_Bundle.png")
[ 2026-03-06 09:35:18,237 ] Connection to gameserver  "tcp://prod-cf-sa.tibia.com:7171" "Issobra"  was disconnected ( "The remote host closed the connection" )
[ 2026-03-06 09:35:18,237 ] Connection to gameserver  "tcp://prod-lb-sa.tibia.com:7171" "Issobra"  was disconnected ( "The remote host closed the connection" )
[ 2026-03-06 09:35:18,296 ] Disconnected from gameserver
[ 2026-03-06 09:35:24,905 ] BattlEye: "Initialized (v1.249)"
[ 2026-03-06 09:35:24,906 ] BattlEye: "Config entry: GameID tibia"
[ 2026-03-06 09:35:24,906 ] BattlEye: "Config entry: MasterPort 7171"
[ 2026-03-06 09:35:25,016 ] Request connection to gameserver  "tcp://prod-cf-sa.tibia.com:7171"  (unprotected:  "tcp://prod-lb-sa.tibia.com:7171" )  requested (Charakter "Anninha Paladina" )
[ 2026-03-06 09:35:25,017 ] Request connection to gameserver  "tcp://prod-cf-sa.tibia.com:7171" "Issobra"
[ 2026-03-06 09:35:25,040 ] Connected to gameserver  "tcp://prod-cf-sa.tibia.com:7171" "Issobra"
[ 2026-03-06 09:35:25,510 ] Request connection to gameserver  "tcp://prod-lb-sa.tibia.com:7171" "Issobra"
[ 2026-03-06 09:35:25,722 ] Backup connection to gameserver  "tcp://prod-lb-sa.tibia.com:7171" "Issobra" established
[ 2026-03-06 09:35:29,904 ] BattlEye: "Server computed GUID: 5fd02760bd910d2e2c911d7ea42bbcb3"
[ 2026-03-06 09:35:40,237 ] Connection to gameserver  "tcp://prod-lb-sa.tibia.com:7171" "Issobra"  was disconnected ( "The remote host closed the connection" )
[ 2026-03-06 09:35:40,237 ] Connection to gameserver  "tcp://prod-cf-sa.tibia.com:7171" "Issobra"  was disconnected ( "The remote host closed the connection" )
[ 2026-03-06 09:35:40,305 ] Disconnected from gameserver
[ 2026-03-06 09:35:44,983 ] BattlEye: "Initialized (v1.249)"
[ 2026-03-06 09:35:44,983 ] BattlEye: "Config entry: GameID tibia"
[ 2026-03-06 09:35:44,983 ] BattlEye: "Config entry: MasterPort 7171"
[ 2026-03-06 09:35:45,094 ] Request connection to gameserver  "tcp://prod-cf-sa.tibia.com:7171"  (unprotected:  "tcp://prod-lb-sa.tibia.com:7171" )  requested (Charakter "Maga da Portelinha" )
[ 2026-03-06 09:35:45,094 ] Request connection to gameserver  "tcp://prod-cf-sa.tibia.com:7171" "Gentebra"
[ 2026-03-06 09:35:45,122 ] Connected to gameserver  "tcp://prod-cf-sa.tibia.com:7171" "Gentebra"
[ 2026-03-06 09:35:45,592 ] Request connection to gameserver  "tcp://prod-lb-sa.tibia.com:7171" "Gentebra"
[ 2026-03-06 09:35:45,617 ] Backup connection to gameserver  "tcp://prod-lb-sa.tibia.com:7171" "Gentebra" established
[ 2026-03-06 09:35:48,982 ] BattlEye: "Server computed GUID: d5cb6a17b303f6633f09b93c249efcd7"
[ 2026-03-06 09:36:17,738 ] Connection to gameserver  "tcp://prod-lb-sa.tibia.com:7171" "Gentebra"  was disconnected ( "The remote host closed the connection" )
[ 2026-03-06 09:36:17,738 ] Connection to gameserver  "tcp://prod-cf-sa.tibia.com:7171" "Gentebra"  was disconnected ( "The remote host closed the connection" )
[ 2026-03-06 09:36:17,804 ] Disconnected from gameserver
[ 2026-03-06 09:36:20,177 ] BattlEye: "Initialized (v1.249)"
[ 2026-03-06 09:36:20,177 ] BattlEye: "Config entry: GameID tibia"
[ 2026-03-06 09:36:20,177 ] BattlEye: "Config entry: MasterPort 7171"
[ 2026-03-06 09:36:20,285 ] Request connection to gameserver  "tcp://prod-cf-sa.tibia.com:7171"  (unprotected:  "tcp://prod-lb-sa.tibia.com:7171" )  requested (Charakter "Rullys Monkado" )
[ 2026-03-06 09:36:20,285 ] Request connection to gameserver  "tcp://prod-cf-sa.tibia.com:7171" "Gentebra"
[ 2026-03-06 09:36:20,308 ] Connected to gameserver  "tcp://prod-cf-sa.tibia.com:7171" "Gentebra"
[ 2026-03-06 09:36:20,680 ] Request connection to gameserver  "tcp://prod-lb-sa.tibia.com:7171" "Gentebra"
[ 2026-03-06 09:36:20,706 ] Backup connection to gameserver  "tcp://prod-lb-sa.tibia.com:7171" "Gentebra" established
[ 2026-03-06 09:36:22,737 ] Connection to gameserver  "tcp://prod-cf-sa.tibia.com:7171" "Gentebra"  was disconnected ( "The remote host closed the connection" )
[ 2026-03-06 09:36:22,737 ] Connection to gameserver  "tcp://prod-lb-sa.tibia.com:7171" "Gentebra"  was disconnected ( "The remote host closed the connection" )
[ 2026-03-06 09:36:22,800 ] Disconnected from gameserver
[ 2026-03-06 09:36:41,193 ] BattlEye: "Initialized (v1.249)"
[ 2026-03-06 09:36:41,193 ] BattlEye: "Config entry: GameID tibia"
[ 2026-03-06 09:36:41,193 ] BattlEye: "Config entry: MasterPort 7171"
[ 2026-03-06 09:36:41,307 ] Request connection to gameserver  "tcp://prod-cf-sa.tibia.com:7171"  (unprotected:  "tcp://prod-lb-sa.tibia.com:7171" )  requested (Charakter "Yirosh" )
[ 2026-03-06 09:36:41,307 ] Request connection to gameserver  "tcp://prod-cf-sa.tibia.com:7171" "Gentebra"
[ 2026-03-06 09:36:41,330 ] Connected to gameserver  "tcp://prod-cf-sa.tibia.com:7171" "Gentebra"
[ 2026-03-06 09:36:41,734 ] Request connection to gameserver  "tcp://prod-lb-sa.tibia.com:7171" "Gentebra"
[ 2026-03-06 09:36:41,788 ] Backup connection to gameserver  "tcp://prod-lb-sa.tibia.com:7171" "Gentebra" established
[ 2026-03-06 09:36:45,183 ] BattlEye: "Server computed GUID: d606b0dd83e4689bd368a6015997d56c"
[ 2026-03-06 09:50:04,737 ] Connection to gameserver  "tcp://prod-lb-sa.tibia.com:7171" "Gentebra"  was disconnected ( "The remote host closed the connection" )
[ 2026-03-06 09:50:04,737 ] Connection to gameserver  "tcp://prod-cf-sa.tibia.com:7171" "Gentebra"  was disconnected ( "The remote host closed the connection" )
[ 2026-03-06 09:50:04,797 ] Disconnected from gameserver
[ 2026-03-06 09:50:12,075 ] BattlEye: "Initialized (v1.249)"
[ 2026-03-06 09:50:12,075 ] BattlEye: "Config entry: GameID tibia"
[ 2026-03-06 09:50:12,075 ] BattlEye: "Config entry: MasterPort 7171"
[ 2026-03-06 09:50:12,232 ] Request connection to gameserver  "tcp://prod-cf-sa.tibia.com:7171"  (unprotected:  "tcp://prod-lb-sa.tibia.com:7171" )  requested (Charakter "Yiroshinho" )
[ 2026-03-06 09:50:12,232 ] Request connection to gameserver  "tcp://prod-cf-sa.tibia.com:7171" "Gentebra"
[ 2026-03-06 09:50:12,256 ] Connected to gameserver  "tcp://prod-cf-sa.tibia.com:7171" "Gentebra"
[ 2026-03-06 09:50:12,759 ] Request connection to gameserver  "tcp://prod-lb-sa.tibia.com:7171" "Gentebra"
[ 2026-03-06 09:50:12,951 ] Backup connection to gameserver  "tcp://prod-lb-sa.tibia.com:7171" "Gentebra" established
[ 2026-03-06 09:50:16,075 ] BattlEye: "Server computed GUID: 031a12b54f228dbf77284cb52878a4f5"
[ 2026-03-06 10:04:42,690 ] Connection to gameserver  "tcp://prod-cf-sa.tibia.com:7171" "Gentebra"  was disconnected ( "The remote host closed the connection" )
[ 2026-03-06 10:04:42,690 ] Connection to gameserver  "tcp://prod-lb-sa.tibia.com:7171" "Gentebra"  was disconnected ( "The remote host closed the connection" )
[ 2026-03-06 10:04:42,774 ] Disconnected from gameserver
[ 2026-03-06 10:05:39,850 ] Using spritesheet cache size of 910
[ 2026-03-06 10:05:39,947 ] Sound engine initialized with default sound device "Headphones (High Definition Audio Device)"
[ 2026-03-06 10:05:39,952 ] Switch used audio device to "Headphones (High Definition Audio Device)"
[ 2026-03-06 10:05:46,998 ] Asset loading complete
[ 2026-03-06 10:05:47,058 ] StartDownload:  QUrl("https://static.tibia.com/hints.json")
[ 2026-03-06 10:05:48,369 ] QObject: Cannot create children for a parent that is in a different thread.
(Parent is QQmlEngine(0x2a471c8cdb0), parent's thread is QThread(0x2a443da6730), current thread is QSGRenderThread(0x2a44c07f760)
[ 2026-03-06 10:07:43,914 ] Using spritesheet cache size of 910
[ 2026-03-06 10:07:44,099 ] Sound engine initialized with default sound device "Headphones (High Definition Audio Device)"
[ 2026-03-06 10:07:44,106 ] Switch used audio device to "Headphones (High Definition Audio Device)"
[ 2026-03-06 10:07:45,539 ] Asset loading complete
[ 2026-03-06 10:07:45,573 ] StartDownload:  QUrl("https://static.tibia.com/hints.json")
[ 2026-03-06 10:07:46,677 ] QObject: Cannot create children for a parent that is in a different thread.
(Parent is QQmlEngine(0x209b2ea5fb0), parent's thread is QThread(0x2098508aeb0), current thread is QSGRenderThread(0x2098df64520)
[ 2026-03-06 10:09:17,296 ] BattlEye: "Initialized (v1.249)"
[ 2026-03-06 10:09:17,296 ] BattlEye: "Config entry: GameID tibia"
[ 2026-03-06 10:09:17,296 ] BattlEye: "Config entry: MasterPort 7171"
[ 2026-03-06 10:09:17,427 ] Request connection to gameserver  "tcp://prod-cf-sa.tibia.com:7171"  (unprotected:  "tcp://prod-lb-sa.tibia.com:7171" )  requested (Charakter "Yiroshinho" )
[ 2026-03-06 10:09:17,427 ] Request connection to gameserver  "tcp://prod-cf-sa.tibia.com:7171" "Gentebra"
[ 2026-03-06 10:09:17,451 ] Connected to gameserver  "tcp://prod-cf-sa.tibia.com:7171" "Gentebra"
[ 2026-03-06 10:09:17,871 ] Request connection to gameserver  "tcp://prod-lb-sa.tibia.com:7171" "Gentebra"
[ 2026-03-06 10:09:17,938 ] Backup connection to gameserver  "tcp://prod-lb-sa.tibia.com:7171" "Gentebra" established
[ 2026-03-06 10:09:21,292 ] BattlEye: "Server computed GUID: 031a12b54f228dbf77284cb52878a4f5"
[ 2026-03-06 10:09:28,692 ] Connection to gameserver  "tcp://prod-lb-sa.tibia.com:7171" "Gentebra"  was disconnected ( "The remote host closed the connection" )
[ 2026-03-06 10:09:28,692 ] Connection to gameserver  "tcp://prod-cf-sa.tibia.com:7171" "Gentebra"  was disconnected ( "The remote host closed the connection" )
[ 2026-03-06 10:09:28,745 ] Disconnected from gameserver
[ 2026-03-06 10:11:35,051 ] Using spritesheet cache size of 910
[ 2026-03-06 10:11:35,195 ] Sound engine initialized with default sound device "Headphones (High Definition Audio Device)"
[ 2026-03-06 10:11:35,201 ] Switch used audio device to "Headphones (High Definition Audio Device)"
[ 2026-03-06 10:11:36,575 ] Asset loading complete
[ 2026-03-06 10:11:36,606 ] StartDownload:  QUrl("https://static.tibia.com/hints.json")
[ 2026-03-06 10:11:37,779 ] QObject: Cannot create children for a parent that is in a different thread.
(Parent is QQmlEngine(0x1fe5c091ce0), parent's thread is QThread(0x1fe2e31a600), current thread is QSGRenderThread(0x1fe36221360)
[ 2026-03-06 10:12:12,490 ] BattlEye: "Initialized (v1.249)"
[ 2026-03-06 10:12:12,490 ] BattlEye: "Config entry: GameID tibia"
[ 2026-03-06 10:12:12,490 ] BattlEye: "Config entry: MasterPort 7171"
[ 2026-03-06 10:12:12,613 ] Request connection to gameserver  "tcp://prod-cf-sa.tibia.com:7171"  (unprotected:  "tcp://prod-lb-sa.tibia.com:7171" )  requested (Charakter "Yiroshinho" )
[ 2026-03-06 10:12:12,613 ] Request connection to gameserver  "tcp://prod-cf-sa.tibia.com:7171" "Gentebra"
[ 2026-03-06 10:12:12,636 ] Connected to gameserver  "tcp://prod-cf-sa.tibia.com:7171" "Gentebra"
[ 2026-03-06 10:12:13,066 ] Request connection to gameserver  "tcp://prod-lb-sa.tibia.com:7171" "Gentebra"
[ 2026-03-06 10:12:13,118 ] Backup connection to gameserver  "tcp://prod-lb-sa.tibia.com:7171" "Gentebra" established
[ 2026-03-06 10:12:16,480 ] BattlEye: "Server computed GUID: 031a12b54f228dbf77284cb52878a4f5"
[ 2026-03-06 10:28:10,633 ] StartDownload:  QUrl("https://static.tibia.com/images/store/13/Category_PremiumTime.png")
[ 2026-03-06 10:28:10,643 ] StartDownload:  QUrl("https://static.tibia.com/images/store/13/Category_Consumables.png")
[ 2026-03-06 10:28:10,655 ] StartDownload:  QUrl("https://static.tibia.com/images/store/13/Category_Bundles.png")
[ 2026-03-06 10:28:10,665 ] StartDownload:  QUrl("https://static.tibia.com/images/store/13/Category_Cosmetics.png")
[ 2026-03-06 10:28:10,675 ] StartDownload:  QUrl("https://static.tibia.com/images/store/13/Category_HouseTools.png")
[ 2026-03-06 10:28:10,684 ] StartDownload:  QUrl("https://static.tibia.com/images/store/13/Category_Boosts.png")
[ 2026-03-06 10:28:10,754 ] StartDownload:  QUrl("https://static.tibia.com/images/store/13/Category_Extras.png")
[ 2026-03-06 10:28:10,770 ] StartDownload:  QUrl("https://static.tibia.com/images/store/64/Product_December2025_Bundle.png")
[ 2026-03-06 10:31:31,428 ] StartDownload:  QUrl("https://static.tibia.com/images/store/13/Category_PremiumTime.png")
[ 2026-03-06 10:31:31,429 ] StartDownload:  QUrl("https://static.tibia.com/images/store/13/Category_Consumables.png")
[ 2026-03-06 10:31:31,431 ] StartDownload:  QUrl("https://static.tibia.com/images/store/13/Category_Bundles.png")
[ 2026-03-06 10:31:31,432 ] StartDownload:  QUrl("https://static.tibia.com/images/store/13/Category_Cosmetics.png")
[ 2026-03-06 10:31:31,433 ] StartDownload:  QUrl("https://static.tibia.com/images/store/13/Category_HouseTools.png")
[ 2026-03-06 10:31:31,434 ] StartDownload:  QUrl("https://static.tibia.com/images/store/13/Category_Boosts.png")
[ 2026-03-06 10:31:31,463 ] StartDownload:  QUrl("https://static.tibia.com/images/store/13/Category_Extras.png")
[ 2026-03-06 10:31:31,464 ] StartDownload:  QUrl("https://static.tibia.com/images/store/13/Category_ExtraServices.png")
[ 2026-03-06 10:31:31,465 ] StartDownload:  QUrl("https://static.tibia.com/images/store/13/Category_Convenience.png")
[ 2026-03-06 10:31:31,467 ] StartDownload:  QUrl("https://static.tibia.com/images/store/64/Product_UsefulThings_PermanentHuntingTaskSlot.png")
[ 2026-03-06 10:31:31,468 ] StartDownload:  QUrl("https://static.tibia.com/images/store/64/Product_UsefulThings_UnlimitedBonusUsage.png")
[ 2026-03-06 10:31:31,470 ] StartDownload:  QUrl("https://static.tibia.com/images/store/64/Product_UsefulThings_PermanentPreySlot.png")
[ 2026-03-06 10:31:31,476 ] StartDownload:  QUrl("https://static.tibia.com/images/store/64/Product_UsefulThings_CollectionTokens.png")
[ 2026-03-06 10:31:31,489 ] QQuickPixmap: connectFinished() called when not loading.
[ 2026-03-06 10:31:31,489 ] QQuickPixmap: connectFinished() called when not loading.
[ 2026-03-06 10:31:31,489 ] QQuickPixmap: connectFinished() called when not loading.
[ 2026-03-06 10:33:25,318 ] StartDownload:  QUrl("https://static.tibia.com/images/store/13/Category_PremiumTime.png")
[ 2026-03-06 10:33:25,319 ] StartDownload:  QUrl("https://static.tibia.com/images/store/13/Category_Consumables.png")
[ 2026-03-06 10:33:25,320 ] StartDownload:  QUrl("https://static.tibia.com/images/store/13/Category_Bundles.png")
[ 2026-03-06 10:33:25,321 ] StartDownload:  QUrl("https://static.tibia.com/images/store/13/Category_Cosmetics.png")
[ 2026-03-06 10:33:25,322 ] StartDownload:  QUrl("https://static.tibia.com/images/store/13/Category_HouseTools.png")
[ 2026-03-06 10:33:25,323 ] StartDownload:  QUrl("https://static.tibia.com/images/store/13/Category_Boosts.png")
[ 2026-03-06 10:33:25,347 ] StartDownload:  QUrl("https://static.tibia.com/images/store/13/Category_Extras.png")
[ 2026-03-06 10:33:25,348 ] StartDownload:  QUrl("https://static.tibia.com/images/store/64/Product_December2025_Bundle.png")
[ 2026-03-06 10:34:30,821 ] StartDownload:  QUrl("https://static.tibia.com/images/store/13/Category_PremiumTime.png")
[ 2026-03-06 10:34:30,822 ] StartDownload:  QUrl("https://static.tibia.com/images/store/13/Category_Consumables.png")
[ 2026-03-06 10:34:30,823 ] StartDownload:  QUrl("https://static.tibia.com/images/store/13/Category_Bundles.png")
[ 2026-03-06 10:34:30,824 ] StartDownload:  QUrl("https://static.tibia.com/images/store/13/Category_Cosmetics.png")
[ 2026-03-06 10:34:30,825 ] StartDownload:  QUrl("https://static.tibia.com/images/store/13/Category_HouseTools.png")
[ 2026-03-06 10:34:30,826 ] StartDownload:  QUrl("https://static.tibia.com/images/store/13/Category_Boosts.png")
[ 2026-03-06 10:34:30,863 ] StartDownload:  QUrl("https://static.tibia.com/images/store/13/Category_Extras.png")
[ 2026-03-06 10:34:30,864 ] StartDownload:  QUrl("https://static.tibia.com/images/store/64/Product_December2025_Bundle.png")
[ 2026-03-06 11:19:56,789 ] qrc:/qt/qml/qmlcomponents/qml/battlelist.qml:298:13 Parameter "MouseX" is not declared. Injection of parameters into signal handlers is deprecated. Use JavaScript functions with formal parameters instead.
[ 2026-03-06 11:51:19,064 ] StartDownload:  QUrl("https://static.tibia.com/images/store/13/Category_PremiumTime.png")
[ 2026-03-06 11:51:19,073 ] StartDownload:  QUrl("https://static.tibia.com/images/store/13/Category_Consumables.png")
[ 2026-03-06 11:51:19,085 ] StartDownload:  QUrl("https://static.tibia.com/images/store/13/Category_Bundles.png")
[ 2026-03-06 11:51:19,095 ] StartDownload:  QUrl("https://static.tibia.com/images/store/13/Category_Cosmetics.png")
[ 2026-03-06 11:51:19,105 ] StartDownload:  QUrl("https://static.tibia.com/images/store/13/Category_HouseTools.png")
[ 2026-03-06 11:51:19,114 ] StartDownload:  QUrl("https://static.tibia.com/images/store/13/Category_Boosts.png")
[ 2026-03-06 11:51:19,190 ] StartDownload:  QUrl("https://static.tibia.com/images/store/13/Category_Extras.png")
[ 2026-03-06 11:51:19,204 ] StartDownload:  QUrl("https://static.tibia.com/images/store/64/Product_December2025_Bundle.png")
[ 2026-03-06 11:51:33,948 ] StartDownload:  QUrl("https://static.tibia.com/images/store/64/Product_December2025_Bundle.png")
[ 2026-03-06 11:51:33,959 ] StartDownload:  QUrl("https://static.tibia.com/images/store/64/Product_PremiumTime30.png")
[ 2026-03-06 11:51:33,964 ] StartDownload:  QUrl("https://static.tibia.com/images/store/64/Product_PremiumTime90.png")
[ 2026-03-06 11:51:33,966 ] StartDownload:  QUrl("https://static.tibia.com/images/store/64/Product_PremiumTime180.png")
[ 2026-03-06 11:51:33,969 ] StartDownload:  QUrl("https://static.tibia.com/images/store/64/Product_PremiumTime360.png")
[ 2026-03-06 11:51:34,032 ] QQuickPixmap: connectFinished() called when not loading.
[ 2026-03-06 11:51:34,033 ] QQuickPixmap: connectFinished() called when not loading.
[ 2026-03-06 11:51:35,831 ] QQuickPixmap: connectFinished() called when not loading.
[ 2026-03-06 11:51:35,831 ] QQuickPixmap: connectFinished() called when not loading.
[ 2026-03-06 11:51:35,834 ] StartDownload:  QUrl("https://static.tibia.com/images/store/64/Product_PremiumTime30.png")
[ 2026-03-06 11:51:35,841 ] StartDownload:  QUrl("https://static.tibia.com/images/store/64/Product_PremiumTime90.png")
[ 2026-03-06 11:51:35,845 ] StartDownload:  QUrl("https://static.tibia.com/images/store/64/Product_PremiumTime180.png")
[ 2026-03-06 11:51:35,849 ] StartDownload:  QUrl("https://static.tibia.com/images/store/64/Product_PremiumTime360.png")
[ 2026-03-06 11:51:35,853 ] StartDownload:  QUrl("https://static.tibia.com/images/store/13/Category_HouseDecorations.png")
[ 2026-03-06 11:51:35,854 ] StartDownload:  QUrl("https://static.tibia.com/images/store/13/Category_Furniture.png")
[ 2026-03-06 11:51:35,928 ] StartDownload:  QUrl("https://static.tibia.com/images/store/13/Category_Beds.png")
[ 2026-03-06 11:51:35,930 ] StartDownload:  QUrl("https://static.tibia.com/images/store/13/Category_Houseupgrades.png")
[ 2026-03-06 11:51:35,930 ] StartDownload:  QUrl("https://static.tibia.com/images/store/13/Category_HouseTools_NPCApprenticeships.png")
[ 2026-03-06 11:51:35,930 ] StartDownload:  QUrl("https://static.tibia.com/images/store/13/Category_HouseTools_NPCDresses.png")
[ 2026-03-06 11:51:35,964 ] QQuickPixmap: connectFinished() called when not loading.
[ 2026-03-06 11:51:35,964 ] QQuickPixmap: connectFinished() called when not loading.
[ 2026-03-06 11:51:35,965 ] QQuickPixmap: connectFinished() called when not loading.
[ 2026-03-06 11:51:35,965 ] QQuickPixmap: connectFinished() called when not loading.
[ 2026-03-06 11:51:35,966 ] QQuickPixmap: connectFinished() called when not loading.
[ 2026-03-06 11:51:36,838 ] QQuickPixmap: connectFinished() called when not loading.
[ 2026-03-06 11:51:36,839 ] QQuickPixmap: connectFinished() called when not loading.
[ 2026-03-06 11:51:36,839 ] QQuickPixmap: connectFinished() called when not loading.
[ 2026-03-06 11:51:36,839 ] QQuickPixmap: connectFinished() called when not loading.
[ 2026-03-06 11:51:36,839 ] QQuickPixmap: connectFinished() called when not loading.
[ 2026-03-06 11:51:36,867 ] StartDownload:  QUrl("https://static.tibia.com/images/store/13/Category_Blessings.png")
[ 2026-03-06 11:51:36,868 ] StartDownload:  QUrl("https://static.tibia.com/images/store/13/Category_Casks.png")
[ 2026-03-06 11:51:36,868 ] StartDownload:  QUrl("https://static.tibia.com/images/store/13/Category_ExerciseWeapons.png")
[ 2026-03-06 11:51:36,869 ] StartDownload:  QUrl("https://static.tibia.com/images/store/13/Category_Kegs.png")
[ 2026-03-06 11:51:36,869 ] StartDownload:  QUrl("https://static.tibia.com/images/store/13/Category_Potions.png")
[ 2026-03-06 11:51:36,870 ] StartDownload:  QUrl("https://static.tibia.com/images/store/13/Category_Runes.png")
[ 2026-03-06 11:51:36,934 ] StartDownload:  QUrl("https://static.tibia.com/images/store/64/Product_Blessing_Solitude.png")
[ 2026-03-06 11:51:36,940 ] StartDownload:  QUrl("https://static.tibia.com/images/store/64/Product_Blessing_Phoenix.png")
[ 2026-03-06 11:51:36,944 ] StartDownload:  QUrl("https://static.tibia.com/images/store/64/Product_Blessing_Suns.png")
[ 2026-03-06 11:51:36,946 ] StartDownload:  QUrl("https://static.tibia.com/images/store/64/Product_Blessing_Shielding.png")
[ 2026-03-06 11:51:36,954 ] StartDownload:  QUrl("https://static.tibia.com/images/store/64/Product_Blessing_Tibia.png")
[ 2026-03-06 11:51:36,960 ] StartDownload:  QUrl("https://static.tibia.com/images/store/64/Product_Blessing_HeartOfTheMountain.png")
[ 2026-03-06 11:51:36,975 ] StartDownload:  QUrl("https://static.tibia.com/images/store/64/Product_Blessing_BloodOfTheMountain.png")
[ 2026-03-06 11:51:36,981 ] StartDownload:  QUrl("https://static.tibia.com/images/store/64/Product_Blessing_AllPvE.png")
[ 2026-03-06 11:51:37,002 ] StartDownload:  QUrl("https://static.tibia.com/images/store/64/Product_Blessing_Fate.png")
[ 2026-03-06 11:51:37,036 ] QQuickPixmap: connectFinished() called when not loading.
[ 2026-03-06 11:51:37,037 ] QQuickPixmap: connectFinished() called when not loading.
[ 2026-03-06 11:51:37,038 ] QQuickPixmap: connectFinished() called when not loading.
[ 2026-03-06 11:51:37,369 ] StartDownload:  QUrl("https://static.tibia.com/images/store/13/Category_Kegs.png")
[ 2026-03-06 11:51:37,464 ] StartDownload:  QUrl("https://static.tibia.com/images/store/13/Category_Kegs.png")
[ 2026-03-06 11:51:37,546 ] StartDownload:  QUrl("https://static.tibia.com/images/store/64/Product_Blessing_Solitude.png")
[ 2026-03-06 11:51:37,547 ] StartDownload:  QUrl("https://static.tibia.com/images/store/64/Product_Blessing_Phoenix.png")
[ 2026-03-06 11:51:37,548 ] StartDownload:  QUrl("https://static.tibia.com/images/store/64/Product_Blessing_Suns.png")
[ 2026-03-06 11:51:37,549 ] StartDownload:  QUrl("https://static.tibia.com/images/store/64/Product_Blessing_Shielding.png")
[ 2026-03-06 11:51:37,551 ] StartDownload:  QUrl("https://static.tibia.com/images/store/64/Product_Blessing_Tibia.png")
[ 2026-03-06 11:51:37,552 ] StartDownload:  QUrl("https://static.tibia.com/images/store/64/Product_Blessing_HeartOfTheMountain.png")
[ 2026-03-06 11:51:37,555 ] QQuickPixmap: connectFinished() called when not loading.
[ 2026-03-06 11:51:37,555 ] QQuickPixmap: connectFinished() called when not loading.
[ 2026-03-06 11:51:37,555 ] QQuickPixmap: connectFinished() called when not loading.
[ 2026-03-06 11:51:37,619 ] StartDownload:  QUrl("https://static.tibia.com/images/store/64/Product_Blessing_BloodOfTheMountain.png")
[ 2026-03-06 11:51:37,620 ] StartDownload:  QUrl("https://static.tibia.com/images/store/64/Product_Blessing_AllPvE.png")
[ 2026-03-06 11:51:37,622 ] StartDownload:  QUrl("https://static.tibia.com/images/store/13/Category_Blessings.png")
[ 2026-03-06 11:51:37,623 ] StartDownload:  QUrl("https://static.tibia.com/images/store/13/Category_Kegs.png")
[ 2026-03-06 11:51:37,663 ] QQuickPixmap: connectFinished() called when not loading.
[ 2026-03-06 11:51:37,664 ] QQuickPixmap: connectFinished() called when not loading.
[ 2026-03-06 11:51:38,162 ] StartDownload:  QUrl("https://static.tibia.com/images/store/13/Category_Runes.png")
[ 2026-03-06 11:51:38,271 ] StartDownload:  QUrl("https://static.tibia.com/images/store/13/Category_Runes.png")
[ 2026-03-06 11:51:38,341 ] QQuickPixmap: connectFinished() called when not loading.
[ 2026-03-06 11:51:38,342 ] QQuickPixmap: connectFinished() called when not loading.
[ 2026-03-06 11:51:38,342 ] QQuickPixmap: connectFinished() called when not loading.
[ 2026-03-06 11:51:38,343 ] QQuickPixmap: connectFinished() called when not loading.
[ 2026-03-06 11:51:38,363 ] StartDownload:  QUrl("https://static.tibia.com/images/store/13/Category_Kegs.png")
[ 2026-03-06 11:51:38,365 ] StartDownload:  QUrl("https://static.tibia.com/images/store/13/Category_Runes.png")
[ 2026-03-06 11:51:38,465 ] QQuickPixmap: connectFinished() called when not loading.
[ 2026-03-06 11:51:38,466 ] QQuickPixmap: connectFinished() called when not loading.
[ 2026-03-06 11:51:38,947 ] StartDownload:  QUrl("https://static.tibia.com/images/store/13/Category_Potions.png")
[ 2026-03-06 11:51:39,038 ] StartDownload:  QUrl("https://static.tibia.com/images/store/13/Category_Potions.png")
[ 2026-03-06 11:51:39,134 ] QQuickPixmap: connectFinished() called when not loading.
[ 2026-03-06 11:51:39,135 ] QQuickPixmap: connectFinished() called when not loading.
[ 2026-03-06 11:51:39,135 ] QQuickPixmap: connectFinished() called when not loading.
[ 2026-03-06 11:51:39,135 ] QQuickPixmap: connectFinished() called when not loading.
[ 2026-03-06 11:51:39,136 ] QQuickPixmap: connectFinished() called when not loading.
[ 2026-03-06 11:51:39,158 ] StartDownload:  QUrl("https://static.tibia.com/images/store/13/Category_Potions.png")
[ 2026-03-06 11:51:39,160 ] StartDownload:  QUrl("https://static.tibia.com/images/store/13/Category_Runes.png")
[ 2026-03-06 11:51:39,523 ] StartDownload:  QUrl("https://static.tibia.com/images/store/13/Category_ExerciseWeapons.png")
[ 2026-03-06 11:51:39,622 ] StartDownload:  QUrl("https://static.tibia.com/images/store/13/Category_ExerciseWeapons.png")
[ 2026-03-06 11:51:39,734 ] QQuickPixmap: connectFinished() called when not loading.
[ 2026-03-06 11:51:39,734 ] QQuickPixmap: connectFinished() called when not loading.
[ 2026-03-06 11:51:39,734 ] QQuickPixmap: connectFinished() called when not loading.
[ 2026-03-06 11:51:39,735 ] QQuickPixmap: connectFinished() called when not loading.
[ 2026-03-06 11:51:39,736 ] QQuickPixmap: connectFinished() called when not loading.
[ 2026-03-06 11:51:39,767 ] StartDownload:  QUrl("https://static.tibia.com/images/store/13/Category_ExerciseWeapons.png")
[ 2026-03-06 11:51:39,769 ] StartDownload:  QUrl("https://static.tibia.com/images/store/13/Category_Potions.png")
[ 2026-03-06 11:51:39,861 ] QQuickPixmap: connectFinished() called when not loading.
[ 2026-03-06 11:51:39,861 ] QQuickPixmap: connectFinished() called when not loading.
[ 2026-03-06 11:51:40,049 ] StartDownload:  QUrl("https://static.tibia.com/images/store/13/Category_Blessings.png")
[ 2026-03-06 11:51:40,174 ] StartDownload:  QUrl("https://static.tibia.com/images/store/13/Category_Blessings.png")
[ 2026-03-06 11:51:40,299 ] QQuickPixmap: connectFinished() called when not loading.
[ 2026-03-06 11:51:40,299 ] QQuickPixmap: connectFinished() called when not loading.
[ 2026-03-06 11:51:40,300 ] QQuickPixmap: connectFinished() called when not loading.
[ 2026-03-06 11:51:40,300 ] QQuickPixmap: connectFinished() called when not loading.
[ 2026-03-06 11:51:40,314 ] StartDownload:  QUrl("https://static.tibia.com/images/store/13/Category_Blessings.png")
[ 2026-03-06 11:51:40,317 ] StartDownload:  QUrl("https://static.tibia.com/images/store/13/Category_ExerciseWeapons.png")
[ 2026-03-06 11:51:40,319 ] StartDownload:  QUrl("https://static.tibia.com/images/store/64/Product_Blessing_Solitude.png")
[ 2026-03-06 11:51:40,320 ] StartDownload:  QUrl("https://static.tibia.com/images/store/64/Product_Blessing_Phoenix.png")
[ 2026-03-06 11:51:40,322 ] StartDownload:  QUrl("https://static.tibia.com/images/store/64/Product_Blessing_Suns.png")
[ 2026-03-06 11:51:40,323 ] StartDownload:  QUrl("https://static.tibia.com/images/store/64/Product_Blessing_Shielding.png")
[ 2026-03-06 11:51:40,326 ] QQuickPixmap: connectFinished() called when not loading.
[ 2026-03-06 11:51:40,380 ] StartDownload:  QUrl("https://static.tibia.com/images/store/64/Product_Blessing_Tibia.png")
[ 2026-03-06 11:51:40,381 ] StartDownload:  QUrl("https://static.tibia.com/images/store/64/Product_Blessing_HeartOfTheMountain.png")
[ 2026-03-06 11:51:40,383 ] StartDownload:  QUrl("https://static.tibia.com/images/store/64/Product_Blessing_BloodOfTheMountain.png")
[ 2026-03-06 11:51:40,384 ] StartDownload:  QUrl("https://static.tibia.com/images/store/64/Product_Blessing_AllPvE.png")
[ 2026-03-06 11:51:40,386 ] StartDownload:  QUrl("https://static.tibia.com/images/store/64/Product_Blessing_Fate.png")
[ 2026-03-06 11:51:40,969 ] StartDownload:  QUrl("https://static.tibia.com/images/store/64/Product_Blessing_Solitude.png")
[ 2026-03-06 11:51:40,971 ] StartDownload:  QUrl("https://static.tibia.com/images/store/64/Product_Blessing_Phoenix.png")
[ 2026-03-06 11:51:40,973 ] StartDownload:  QUrl("https://static.tibia.com/images/store/64/Product_Blessing_Suns.png")
[ 2026-03-06 11:51:40,975 ] StartDownload:  QUrl("https://static.tibia.com/images/store/64/Product_Blessing_Shielding.png")
[ 2026-03-06 11:51:40,977 ] StartDownload:  QUrl("https://static.tibia.com/images/store/64/Product_Blessing_Tibia.png")
[ 2026-03-06 11:51:40,978 ] StartDownload:  QUrl("https://static.tibia.com/images/store/64/Product_Blessing_HeartOfTheMountain.png")
[ 2026-03-06 11:51:41,018 ] StartDownload:  QUrl("https://static.tibia.com/images/store/64/Product_Blessing_BloodOfTheMountain.png")
[ 2026-03-06 11:51:41,020 ] StartDownload:  QUrl("https://static.tibia.com/images/store/64/Product_Blessing_AllPvE.png")
[ 2026-03-06 11:51:41,033 ] StartDownload:  QUrl("https://static.tibia.com/images/store/64/Product_Blessing_Tibia.png")
[ 2026-03-06 11:51:41,039 ] StartDownload:  QUrl("https://static.tibia.com/images/store/64/Product_Blessing_Fate.png")
[ 2026-03-06 11:51:41,043 ] StartDownload:  QUrl("https://static.tibia.com/images/store/64/Product_Blessing_Suns.png")
[ 2026-03-06 11:51:41,046 ] StartDownload:  QUrl("https://static.tibia.com/images/store/64/Product_Blessing_Shielding.png")
[ 2026-03-06 11:51:42,589 ] StartDownload:  QUrl("https://static.tibia.com/images/store/64/Product_Blessing_AllPvE.png")
[ 2026-03-06 11:51:42,593 ] StartDownload:  QUrl("https://static.tibia.com/images/store/64/Product_Blessing_HeartOfTheMountain.png")
[ 2026-03-06 11:51:42,597 ] StartDownload:  QUrl("https://static.tibia.com/images/store/64/Product_Blessing_BloodOfTheMountain.png")
[ 2026-03-06 11:51:42,602 ] StartDownload:  QUrl("https://static.tibia.com/images/store/64/Product_Blessing_Phoenix.png")
[ 2026-03-06 11:51:42,606 ] StartDownload:  QUrl("https://static.tibia.com/images/store/64/Product_Blessing_Solitude.png")
[ 2026-03-06 11:51:42,610 ] StartDownload:  QUrl("https://static.tibia.com/images/store/64/Product_Blessing_Tibia.png")
[ 2026-03-06 11:51:42,659 ] StartDownload:  QUrl("https://static.tibia.com/images/store/64/Product_Blessing_Fate.png")
[ 2026-03-06 11:51:42,661 ] StartDownload:  QUrl("https://static.tibia.com/images/store/64/Product_December2025_Bundle.png")
[ 2026-03-06 11:51:43,298 ] QQuickPixmap: connectFinished() called when not loading.
[ 2026-03-06 11:51:43,299 ] QQuickPixmap: connectFinished() called when not loading.
[ 2026-03-06 11:51:43,314 ] StartDownload:  QUrl("https://static.tibia.com/images/store/64/Product_December2025_Bundle.png")
[ 2026-03-06 11:51:43,320 ] QQuickPixmap: connectFinished() called when not loading.
[ 2026-03-06 11:51:43,321 ] QQuickPixmap: connectFinished() called when not loading.
[ 2026-03-06 11:51:43,325 ] StartDownload:  QUrl("https://static.tibia.com/images/store/64/Product_PremiumTime30.png")
[ 2026-03-06 11:51:43,332 ] StartDownload:  QUrl("https://static.tibia.com/images/store/64/Product_PremiumTime90.png")
[ 2026-03-06 11:51:43,335 ] StartDownload:  QUrl("https://static.tibia.com/images/store/64/Product_PremiumTime180.png")
[ 2026-03-06 11:51:43,339 ] StartDownload:  QUrl("https://static.tibia.com/images/store/64/Product_PremiumTime360.png")
[ 2026-03-06 11:51:45,480 ] StartDownload:  QUrl("https://static.tibia.com/images/store/64/Product_PremiumTime30.png")
[ 2026-03-06 11:51:45,485 ] StartDownload:  QUrl("https://static.tibia.com/images/store/64/Product_PremiumTime90.png")
[ 2026-03-06 11:51:45,488 ] StartDownload:  QUrl("https://static.tibia.com/images/store/64/Product_PremiumTime180.png")
[ 2026-03-06 11:51:45,492 ] StartDownload:  QUrl("https://static.tibia.com/images/store/64/Product_PremiumTime360.png")
[ 2026-03-06 11:51:45,505 ] StartDownload:  QUrl("https://static.tibia.com/images/store/64/Product_December2025_Bundle.png")
[ 2026-03-06 11:51:46,302 ] QQuickPixmap: connectFinished() called when not loading.
[ 2026-03-06 11:51:46,303 ] QQuickPixmap: connectFinished() called when not loading.
[ 2026-03-06 11:51:46,317 ] StartDownload:  QUrl("https://static.tibia.com/images/store/64/Product_December2025_Bundle.png")
[ 2026-03-06 11:51:46,323 ] QQuickPixmap: connectFinished() called when not loading.
[ 2026-03-06 11:51:46,324 ] QQuickPixmap: connectFinished() called when not loading.
[ 2026-03-06 11:51:46,329 ] StartDownload:  QUrl("https://static.tibia.com/images/store/64/Product_PremiumTime30.png")
[ 2026-03-06 11:51:46,335 ] StartDownload:  QUrl("https://static.tibia.com/images/store/64/Product_PremiumTime90.png")
[ 2026-03-06 11:51:46,338 ] StartDownload:  QUrl("https://static.tibia.com/images/store/64/Product_PremiumTime180.png")
[ 2026-03-06 11:51:46,342 ] StartDownload:  QUrl("https://static.tibia.com/images/store/64/Product_PremiumTime360.png")
[ 2026-03-06 11:51:48,134 ] StartDownload:  QUrl("https://static.tibia.com/images/store/64/Product_PremiumTime30.png")
[ 2026-03-06 11:51:48,139 ] StartDownload:  QUrl("https://static.tibia.com/images/store/64/Product_PremiumTime90.png")
[ 2026-03-06 11:51:48,144 ] StartDownload:  QUrl("https://static.tibia.com/images/store/64/Product_PremiumTime180.png")
[ 2026-03-06 11:51:48,148 ] StartDownload:  QUrl("https://static.tibia.com/images/store/64/Product_PremiumTime360.png")
[ 2026-03-06 11:51:48,164 ] StartDownload:  QUrl("https://static.tibia.com/images/store/64/Product_December2025_Bundle.png")
[ 2026-03-06 11:51:48,692 ] QQuickPixmap: connectFinished() called when not loading.
[ 2026-03-06 11:51:48,693 ] QQuickPixmap: connectFinished() called when not loading.
[ 2026-03-06 11:51:48,712 ] StartDownload:  QUrl("https://static.tibia.com/images/store/64/Product_December2025_Bundle.png")
[ 2026-03-06 11:51:48,719 ] StartDownload:  QUrl("https://static.tibia.com/images/store/13/Category_Blessings.png")
[ 2026-03-06 11:51:48,720 ] StartDownload:  QUrl("https://static.tibia.com/images/store/13/Category_Casks.png")
[ 2026-03-06 11:51:48,721 ] StartDownload:  QUrl("https://static.tibia.com/images/store/13/Category_ExerciseWeapons.png")
[ 2026-03-06 11:51:48,723 ] StartDownload:  QUrl("https://static.tibia.com/images/store/13/Category_Kegs.png")
[ 2026-03-06 11:51:48,724 ] StartDownload:  QUrl("https://static.tibia.com/images/store/13/Category_Potions.png")
[ 2026-03-06 11:51:48,730 ] QQuickPixmap: connectFinished() called when not loading.
[ 2026-03-06 11:51:48,784 ] StartDownload:  QUrl("https://static.tibia.com/images/store/13/Category_Runes.png")
[ 2026-03-06 11:51:48,785 ] StartDownload:  QUrl("https://static.tibia.com/images/store/64/Product_Blessing_Solitude.png")
[ 2026-03-06 11:51:48,789 ] StartDownload:  QUrl("https://static.tibia.com/images/store/64/Product_Blessing_Phoenix.png")
[ 2026-03-06 11:51:48,790 ] StartDownload:  QUrl("https://static.tibia.com/images/store/64/Product_Blessing_Suns.png")
[ 2026-03-06 11:51:48,792 ] StartDownload:  QUrl("https://static.tibia.com/images/store/64/Product_Blessing_Shielding.png")
[ 2026-03-06 11:51:48,794 ] StartDownload:  QUrl("https://static.tibia.com/images/store/64/Product_Blessing_Tibia.png")
[ 2026-03-06 11:51:48,801 ] StartDownload:  QUrl("https://static.tibia.com/images/store/64/Product_Blessing_HeartOfTheMountain.png")
[ 2026-03-06 11:51:48,804 ] StartDownload:  QUrl("https://static.tibia.com/images/store/64/Product_Blessing_BloodOfTheMountain.png")
[ 2026-03-06 11:51:48,805 ] StartDownload:  QUrl("https://static.tibia.com/images/store/64/Product_Blessing_AllPvE.png")
[ 2026-03-06 11:51:48,806 ] StartDownload:  QUrl("https://static.tibia.com/images/store/64/Product_Blessing_Fate.png")
[ 2026-03-06 11:51:49,334 ] StartDownload:  QUrl("https://static.tibia.com/images/store/64/Product_Blessing_AllPvE.png")
[ 2026-03-06 11:51:49,340 ] StartDownload:  QUrl("https://static.tibia.com/images/store/64/Product_Blessing_HeartOfTheMountain.png")
[ 2026-03-06 11:51:49,344 ] StartDownload:  QUrl("https://static.tibia.com/images/store/64/Product_Blessing_BloodOfTheMountain.png")
[ 2026-03-06 11:51:49,347 ] StartDownload:  QUrl("https://static.tibia.com/images/store/64/Product_Blessing_Phoenix.png")
[ 2026-03-06 11:51:49,352 ] StartDownload:  QUrl("https://static.tibia.com/images/store/64/Product_Blessing_Solitude.png")
[ 2026-03-06 11:51:49,359 ] StartDownload:  QUrl("https://static.tibia.com/images/store/64/Product_Blessing_Tibia.png")
[ 2026-03-06 11:51:49,399 ] StartDownload:  QUrl("https://static.tibia.com/images/store/64/Product_Blessing_Fate.png")
[ 2026-03-06 11:51:49,401 ] StartDownload:  QUrl("https://static.tibia.com/images/store/64/Product_December2025_Bundle.png")
[ 2026-03-06 11:51:50,194 ] QQuickPixmap: connectFinished() called when not loading.
[ 2026-03-06 11:51:50,195 ] QQuickPixmap: connectFinished() called when not loading.
[ 2026-03-06 11:51:50,213 ] StartDownload:  QUrl("https://static.tibia.com/images/store/64/Product_December2025_Bundle.png")
[ 2026-03-06 11:51:50,223 ] QQuickPixmap: connectFinished() called when not loading.
[ 2026-03-06 11:51:50,224 ] QQuickPixmap: connectFinished() called when not loading.
[ 2026-03-06 11:51:50,228 ] StartDownload:  QUrl("https://static.tibia.com/images/store/64/Product_PremiumTime30.png")
[ 2026-03-06 11:51:50,236 ] StartDownload:  QUrl("https://static.tibia.com/images/store/64/Product_PremiumTime90.png")
[ 2026-03-06 11:51:50,241 ] StartDownload:  QUrl("https://static.tibia.com/images/store/64/Product_PremiumTime180.png")
[ 2026-03-06 11:51:50,246 ] StartDownload:  QUrl("https://static.tibia.com/images/store/64/Product_PremiumTime360.png")
[ 2026-03-06 11:51:51,125 ] StartDownload:  QUrl("https://static.tibia.com/images/store/64/Product_PremiumTime30.png")
[ 2026-03-06 11:51:51,129 ] StartDownload:  QUrl("https://static.tibia.com/images/store/64/Product_PremiumTime90.png")
[ 2026-03-06 11:51:51,132 ] StartDownload:  QUrl("https://static.tibia.com/images/store/64/Product_PremiumTime180.png")
[ 2026-03-06 11:51:51,137 ] StartDownload:  QUrl("https://static.tibia.com/images/store/64/Product_PremiumTime360.png")
[ 2026-03-06 11:51:51,149 ] StartDownload:  QUrl("https://static.tibia.com/images/store/64/Product_December2025_Bundle.png")
[ 2026-03-06 11:51:51,729 ] QQuickPixmap: connectFinished() called when not loading.
[ 2026-03-06 11:51:51,729 ] QQuickPixmap: connectFinished() called when not loading.
[ 2026-03-06 11:51:51,743 ] StartDownload:  QUrl("https://static.tibia.com/images/store/64/Product_December2025_Bundle.png")
[ 2026-03-06 11:51:51,751 ] QQuickPixmap: connectFinished() called when not loading.
[ 2026-03-06 11:51:51,752 ] QQuickPixmap: connectFinished() called when not loading.
[ 2026-03-06 11:51:51,756 ] StartDownload:  QUrl("https://static.tibia.com/images/store/64/Product_PremiumTime30.png")
[ 2026-03-06 11:51:51,763 ] StartDownload:  QUrl("https://static.tibia.com/images/store/64/Product_PremiumTime90.png")
[ 2026-03-06 11:51:51,768 ] StartDownload:  QUrl("https://static.tibia.com/images/store/64/Product_PremiumTime180.png")
[ 2026-03-06 11:51:51,771 ] StartDownload:  QUrl("https://static.tibia.com/images/store/64/Product_PremiumTime360.png")
[ 2026-03-06 11:51:52,325 ] StartDownload:  QUrl("https://static.tibia.com/images/store/64/Product_PremiumTime30.png")
[ 2026-03-06 11:51:52,329 ] StartDownload:  QUrl("https://static.tibia.com/images/store/64/Product_PremiumTime90.png")
[ 2026-03-06 11:51:52,333 ] StartDownload:  QUrl("https://static.tibia.com/images/store/64/Product_PremiumTime180.png")
[ 2026-03-06 11:51:52,338 ] StartDownload:  QUrl("https://static.tibia.com/images/store/64/Product_PremiumTime360.png")
[ 2026-03-06 11:51:52,350 ] StartDownload:  QUrl("https://static.tibia.com/images/store/64/Product_December2025_Bundle.png")
[ 2026-03-06 11:51:52,834 ] QQuickPixmap: connectFinished() called when not loading.
[ 2026-03-06 11:51:52,835 ] QQuickPixmap: connectFinished() called when not loading.
[ 2026-03-06 11:51:52,848 ] StartDownload:  QUrl("https://static.tibia.com/images/store/64/Product_December2025_Bundle.png")
[ 2026-03-06 11:51:52,856 ] QQuickPixmap: connectFinished() called when not loading.
[ 2026-03-06 11:51:52,857 ] QQuickPixmap: connectFinished() called when not loading.
[ 2026-03-06 11:51:52,861 ] StartDownload:  QUrl("https://static.tibia.com/images/store/64/Product_PremiumTime30.png")
[ 2026-03-06 11:51:52,867 ] StartDownload:  QUrl("https://static.tibia.com/images/store/64/Product_PremiumTime90.png")
[ 2026-03-06 11:51:52,871 ] StartDownload:  QUrl("https://static.tibia.com/images/store/64/Product_PremiumTime180.png")
[ 2026-03-06 11:51:52,875 ] StartDownload:  QUrl("https://static.tibia.com/images/store/64/Product_PremiumTime360.png")
[ 2026-03-06 11:51:53,382 ] StartDownload:  QUrl("https://static.tibia.com/images/store/64/Product_PremiumTime30.png")
[ 2026-03-06 11:51:53,386 ] StartDownload:  QUrl("https://static.tibia.com/images/store/64/Product_PremiumTime90.png")
[ 2026-03-06 11:51:53,391 ] StartDownload:  QUrl("https://static.tibia.com/images/store/64/Product_PremiumTime180.png")
[ 2026-03-06 11:51:53,396 ] StartDownload:  QUrl("https://static.tibia.com/images/store/64/Product_PremiumTime360.png")
[ 2026-03-06 11:51:53,415 ] StartDownload:  QUrl("https://static.tibia.com/images/store/64/Product_December2025_Bundle.png")
[ 2026-03-06 11:51:53,884 ] QQuickPixmap: connectFinished() called when not loading.
[ 2026-03-06 11:51:53,885 ] QQuickPixmap: connectFinished() called when not loading.
[ 2026-03-06 11:51:53,896 ] StartDownload:  QUrl("https://static.tibia.com/images/store/64/Product_December2025_Bundle.png")
[ 2026-03-06 11:51:53,904 ] QQuickPixmap: connectFinished() called when not loading.
[ 2026-03-06 11:51:53,905 ] QQuickPixmap: connectFinished() called when not loading.
[ 2026-03-06 11:51:53,910 ] StartDownload:  QUrl("https://static.tibia.com/images/store/64/Product_PremiumTime30.png")
[ 2026-03-06 11:51:53,917 ] StartDownload:  QUrl("https://static.tibia.com/images/store/64/Product_PremiumTime90.png")
[ 2026-03-06 11:51:53,922 ] StartDownload:  QUrl("https://static.tibia.com/images/store/64/Product_PremiumTime180.png")
[ 2026-03-06 11:51:53,925 ] StartDownload:  QUrl("https://static.tibia.com/images/store/64/Product_PremiumTime360.png")
[ 2026-03-06 11:51:54,327 ] StartDownload:  QUrl("https://static.tibia.com/images/store/64/Product_PremiumTime30.png")
[ 2026-03-06 11:51:54,332 ] StartDownload:  QUrl("https://static.tibia.com/images/store/64/Product_PremiumTime90.png")
[ 2026-03-06 11:51:54,336 ] StartDownload:  QUrl("https://static.tibia.com/images/store/64/Product_PremiumTime180.png")
[ 2026-03-06 11:51:54,340 ] StartDownload:  QUrl("https://static.tibia.com/images/store/64/Product_PremiumTime360.png")
[ 2026-03-06 11:51:54,355 ] StartDownload:  QUrl("https://static.tibia.com/images/store/64/Product_December2025_Bundle.png")
[ 2026-03-06 11:51:54,807 ] QQuickPixmap: connectFinished() called when not loading.
[ 2026-03-06 11:51:54,809 ] QQuickPixmap: connectFinished() called when not loading.
[ 2026-03-06 11:51:54,823 ] StartDownload:  QUrl("https://static.tibia.com/images/store/64/Product_December2025_Bundle.png")
[ 2026-03-06 11:51:54,829 ] QQuickPixmap: connectFinished() called when not loading.
[ 2026-03-06 11:51:54,830 ] QQuickPixmap: connectFinished() called when not loading.
[ 2026-03-06 11:51:54,833 ] StartDownload:  QUrl("https://static.tibia.com/images/store/64/Product_PremiumTime30.png")
[ 2026-03-06 11:51:54,841 ] StartDownload:  QUrl("https://static.tibia.com/images/store/64/Product_PremiumTime90.png")
[ 2026-03-06 11:51:54,847 ] StartDownload:  QUrl("https://static.tibia.com/images/store/64/Product_PremiumTime180.png")
[ 2026-03-06 11:51:54,850 ] StartDownload:  QUrl("https://static.tibia.com/images/store/64/Product_PremiumTime360.png")
[ 2026-03-06 11:51:55,428 ] StartDownload:  QUrl("https://static.tibia.com/images/store/64/Product_PremiumTime30.png")
[ 2026-03-06 11:51:55,432 ] StartDownload:  QUrl("https://static.tibia.com/images/store/64/Product_PremiumTime90.png")
[ 2026-03-06 11:51:55,437 ] StartDownload:  QUrl("https://static.tibia.com/images/store/64/Product_PremiumTime180.png")
[ 2026-03-06 11:51:55,441 ] StartDownload:  QUrl("https://static.tibia.com/images/store/64/Product_PremiumTime360.png")
[ 2026-03-06 11:51:55,456 ] StartDownload:  QUrl("https://static.tibia.com/images/store/64/Product_December2025_Bundle.png")
[ 2026-03-06 11:51:55,984 ] QQuickPixmap: connectFinished() called when not loading.
[ 2026-03-06 11:51:55,985 ] QQuickPixmap: connectFinished() called when not loading.
[ 2026-03-06 11:51:55,996 ] StartDownload:  QUrl("https://static.tibia.com/images/store/64/Product_December2025_Bundle.png")
[ 2026-03-06 11:51:56,004 ] QQuickPixmap: connectFinished() called when not loading.
[ 2026-03-06 11:51:56,005 ] QQuickPixmap: connectFinished() called when not loading.
[ 2026-03-06 11:51:56,009 ] StartDownload:  QUrl("https://static.tibia.com/images/store/64/Product_PremiumTime30.png")
[ 2026-03-06 11:51:56,017 ] StartDownload:  QUrl("https://static.tibia.com/images/store/64/Product_PremiumTime90.png")
[ 2026-03-06 11:51:56,021 ] StartDownload:  QUrl("https://static.tibia.com/images/store/64/Product_PremiumTime180.png")
[ 2026-03-06 11:51:56,025 ] StartDownload:  QUrl("https://static.tibia.com/images/store/64/Product_PremiumTime360.png")
[ 2026-03-06 11:51:56,580 ] StartDownload:  QUrl("https://static.tibia.com/images/store/64/Product_PremiumTime30.png")
[ 2026-03-06 11:51:56,585 ] StartDownload:  QUrl("https://static.tibia.com/images/store/64/Product_PremiumTime90.png")
[ 2026-03-06 11:51:56,589 ] StartDownload:  QUrl("https://static.tibia.com/images/store/64/Product_PremiumTime180.png")
[ 2026-03-06 11:51:56,593 ] StartDownload:  QUrl("https://static.tibia.com/images/store/64/Product_PremiumTime360.png")
[ 2026-03-06 11:51:56,606 ] StartDownload:  QUrl("https://static.tibia.com/images/store/64/Product_December2025_Bundle.png")
[ 2026-03-06 11:51:57,136 ] QQuickPixmap: connectFinished() called when not loading.
[ 2026-03-06 11:51:57,137 ] QQuickPixmap: connectFinished() called when not loading.
[ 2026-03-06 11:51:57,151 ] StartDownload:  QUrl("https://static.tibia.com/images/store/64/Product_December2025_Bundle.png")
[ 2026-03-06 11:51:57,159 ] QQuickPixmap: connectFinished() called when not loading.
[ 2026-03-06 11:51:57,160 ] QQuickPixmap: connectFinished() called when not loading.
[ 2026-03-06 11:51:57,164 ] StartDownload:  QUrl("https://static.tibia.com/images/store/64/Product_PremiumTime30.png")
[ 2026-03-06 11:51:57,171 ] StartDownload:  QUrl("https://static.tibia.com/images/store/64/Product_PremiumTime90.png")
[ 2026-03-06 11:51:57,175 ] StartDownload:  QUrl("https://static.tibia.com/images/store/64/Product_PremiumTime180.png")
[ 2026-03-06 11:51:57,180 ] StartDownload:  QUrl("https://static.tibia.com/images/store/64/Product_PremiumTime360.png")
[ 2026-03-06 11:51:57,830 ] StartDownload:  QUrl("https://static.tibia.com/images/store/64/Product_PremiumTime30.png")
[ 2026-03-06 11:51:57,835 ] StartDownload:  QUrl("https://static.tibia.com/images/store/64/Product_PremiumTime90.png")
[ 2026-03-06 11:51:57,841 ] StartDownload:  QUrl("https://static.tibia.com/images/store/64/Product_PremiumTime180.png")
[ 2026-03-06 11:51:57,847 ] StartDownload:  QUrl("https://static.tibia.com/images/store/64/Product_PremiumTime360.png")
[ 2026-03-06 11:51:57,859 ] StartDownload:  QUrl("https://static.tibia.com/images/store/64/Product_December2025_Bundle.png")
[ 2026-03-06 11:51:58,378 ] QQuickPixmap: connectFinished() called when not loading.
[ 2026-03-06 11:51:58,379 ] QQuickPixmap: connectFinished() called when not loading.
[ 2026-03-06 11:51:58,391 ] StartDownload:  QUrl("https://static.tibia.com/images/store/64/Product_December2025_Bundle.png")
[ 2026-03-06 11:51:58,397 ] QQuickPixmap: connectFinished() called when not loading.
[ 2026-03-06 11:51:58,399 ] QQuickPixmap: connectFinished() called when not loading.
[ 2026-03-06 11:51:58,404 ] StartDownload:  QUrl("https://static.tibia.com/images/store/64/Product_PremiumTime30.png")
[ 2026-03-06 11:51:58,413 ] StartDownload:  QUrl("https://static.tibia.com/images/store/64/Product_PremiumTime90.png")
[ 2026-03-06 11:51:58,418 ] StartDownload:  QUrl("https://static.tibia.com/images/store/64/Product_PremiumTime180.png")
[ 2026-03-06 11:51:58,424 ] StartDownload:  QUrl("https://static.tibia.com/images/store/64/Product_PremiumTime360.png")
[ 2026-03-06 11:51:58,877 ] StartDownload:  QUrl("https://static.tibia.com/images/store/64/Product_PremiumTime30.png")
[ 2026-03-06 11:51:58,882 ] StartDownload:  QUrl("https://static.tibia.com/images/store/64/Product_PremiumTime90.png")
[ 2026-03-06 11:51:58,886 ] StartDownload:  QUrl("https://static.tibia.com/images/store/64/Product_PremiumTime180.png")
[ 2026-03-06 11:51:58,891 ] StartDownload:  QUrl("https://static.tibia.com/images/store/64/Product_PremiumTime360.png")
[ 2026-03-06 11:51:58,902 ] StartDownload:  QUrl("https://static.tibia.com/images/store/64/Product_December2025_Bundle.png")
[ 2026-03-06 11:51:59,479 ] QQuickPixmap: connectFinished() called when not loading.
[ 2026-03-06 11:51:59,481 ] QQuickPixmap: connectFinished() called when not loading.
[ 2026-03-06 11:51:59,493 ] StartDownload:  QUrl("https://static.tibia.com/images/store/64/Product_December2025_Bundle.png")
[ 2026-03-06 11:51:59,501 ] QQuickPixmap: connectFinished() called when not loading.
[ 2026-03-06 11:51:59,502 ] QQuickPixmap: connectFinished() called when not loading.
[ 2026-03-06 11:51:59,507 ] StartDownload:  QUrl("https://static.tibia.com/images/store/64/Product_PremiumTime30.png")
[ 2026-03-06 11:51:59,516 ] StartDownload:  QUrl("https://static.tibia.com/images/store/64/Product_PremiumTime90.png")
[ 2026-03-06 11:51:59,521 ] StartDownload:  QUrl("https://static.tibia.com/images/store/64/Product_PremiumTime180.png")
[ 2026-03-06 11:51:59,525 ] StartDownload:  QUrl("https://static.tibia.com/images/store/64/Product_PremiumTime360.png")
[ 2026-03-06 11:52:00,077 ] StartDownload:  QUrl("https://static.tibia.com/images/store/64/Product_PremiumTime30.png")
[ 2026-03-06 11:52:00,081 ] StartDownload:  QUrl("https://static.tibia.com/images/store/64/Product_PremiumTime90.png")
[ 2026-03-06 11:52:00,086 ] StartDownload:  QUrl("https://static.tibia.com/images/store/64/Product_PremiumTime180.png")
[ 2026-03-06 11:52:00,090 ] StartDownload:  QUrl("https://static.tibia.com/images/store/64/Product_PremiumTime360.png")
[ 2026-03-06 11:52:00,106 ] StartDownload:  QUrl("https://static.tibia.com/images/store/64/Product_December2025_Bundle.png")
[ 2026-03-06 11:52:00,810 ] QQuickPixmap: connectFinished() called when not loading.
[ 2026-03-06 11:52:00,811 ] QQuickPixmap: connectFinished() called when not loading.
[ 2026-03-06 11:52:00,825 ] StartDownload:  QUrl("https://static.tibia.com/images/store/64/Product_December2025_Bundle.png")
[ 2026-03-06 11:52:00,831 ] QQuickPixmap: connectFinished() called when not loading.
[ 2026-03-06 11:52:00,832 ] QQuickPixmap: connectFinished() called when not loading.
[ 2026-03-06 11:52:00,841 ] StartDownload:  QUrl("https://static.tibia.com/images/store/64/Product_PremiumTime30.png")
[ 2026-03-06 11:52:00,849 ] StartDownload:  QUrl("https://static.tibia.com/images/store/64/Product_PremiumTime90.png")
[ 2026-03-06 11:52:00,854 ] StartDownload:  QUrl("https://static.tibia.com/images/store/64/Product_PremiumTime180.png")
[ 2026-03-06 11:52:00,858 ] StartDownload:  QUrl("https://static.tibia.com/images/store/64/Product_PremiumTime360.png")
[ 2026-03-06 11:52:01,428 ] StartDownload:  QUrl("https://static.tibia.com/images/store/64/Product_PremiumTime30.png")
[ 2026-03-06 11:52:01,432 ] StartDownload:  QUrl("https://static.tibia.com/images/store/64/Product_PremiumTime90.png")
[ 2026-03-06 11:52:01,436 ] StartDownload:  QUrl("https://static.tibia.com/images/store/64/Product_PremiumTime180.png")
[ 2026-03-06 11:52:01,441 ] StartDownload:  QUrl("https://static.tibia.com/images/store/64/Product_PremiumTime360.png")
[ 2026-03-06 11:52:01,455 ] StartDownload:  QUrl("https://static.tibia.com/images/store/64/Product_December2025_Bundle.png")
[ 2026-03-06 11:52:02,881 ] StartDownload:  QUrl("https://static.tibia.com/images/store/64/Product_December2025_Bundle.png")
[ 2026-03-06 11:52:03,804 ] StartDownload:  QUrl("https://static.tibia.com/images/store/64/Product_December2025_Bundle.png")
[ 2026-03-06 11:52:04,332 ] QQuickPixmap: connectFinished() called when not loading.
[ 2026-03-06 11:52:04,333 ] QQuickPixmap: connectFinished() called when not loading.
[ 2026-03-06 11:52:04,352 ] StartDownload:  QUrl("https://static.tibia.com/images/store/64/Product_December2025_Bundle.png")
[ 2026-03-06 11:52:04,361 ] QQuickPixmap: connectFinished() called when not loading.
[ 2026-03-06 11:52:04,361 ] QQuickPixmap: connectFinished() called when not loading.
[ 2026-03-06 11:52:04,366 ] StartDownload:  QUrl("https://static.tibia.com/images/store/64/Product_PremiumTime30.png")
[ 2026-03-06 11:52:04,372 ] StartDownload:  QUrl("https://static.tibia.com/images/store/64/Product_PremiumTime90.png")
[ 2026-03-06 11:52:04,378 ] StartDownload:  QUrl("https://static.tibia.com/images/store/64/Product_PremiumTime180.png")
[ 2026-03-06 11:52:04,385 ] StartDownload:  QUrl("https://static.tibia.com/images/store/64/Product_PremiumTime360.png")
[ 2026-03-06 11:55:11,526 ] Connection to gameserver  "tcp://prod-cf-sa.tibia.com:7171" "Gentebra"  was disconnected ( "The remote host closed the connection" )
[ 2026-03-06 11:55:11,526 ] Connection to gameserver  "tcp://prod-lb-sa.tibia.com:7171" "Gentebra"  was disconnected ( "The remote host closed the connection" )
[ 2026-03-06 11:55:11,526 ] StartDownload:  QUrl("https://static.tibia.com/hints.json")
[ 2026-03-06 11:55:11,639 ] Disconnected from gameserver
[ 2026-03-06 13:40:28,531 ] Using spritesheet cache size of 910
[ 2026-03-06 13:40:28,623 ] Sound engine initialized with default sound device "Headphones (High Definition Audio Device)"
[ 2026-03-06 13:40:28,629 ] Switch used audio device to "Headphones (High Definition Audio Device)"
[ 2026-03-06 13:40:36,917 ] Asset loading complete
[ 2026-03-06 13:40:37,019 ] StartDownload:  QUrl("https://static.tibia.com/hints.json")
[ 2026-03-06 13:40:38,351 ] QObject: Cannot create children for a parent that is in a different thread.
(Parent is QQmlEngine(0x1aa7e39b0b0), parent's thread is QThread(0x1aa66696e30), current thread is QSGRenderThread(0x1aa6e8aa740)
[ 2026-03-06 13:41:12,027 ] BattlEye: "Initialized (v1.249)"
[ 2026-03-06 13:41:12,027 ] BattlEye: "Config entry: GameID tibia"
[ 2026-03-06 13:41:12,027 ] BattlEye: "Config entry: MasterPort 7171"
[ 2026-03-06 13:41:12,167 ] Request connection to gameserver  "tcp://prod-cf-sa.tibia.com:7171"  (unprotected:  "tcp://prod-lb-sa.tibia.com:7171" )  requested (Charakter "Yiroshinho" )
[ 2026-03-06 13:41:12,167 ] Request connection to gameserver  "tcp://prod-cf-sa.tibia.com:7171" "Gentebra"
[ 2026-03-06 13:41:12,189 ] Connected to gameserver  "tcp://prod-cf-sa.tibia.com:7171" "Gentebra"
[ 2026-03-06 13:41:12,668 ] Request connection to gameserver  "tcp://prod-lb-sa.tibia.com:7171" "Gentebra"
[ 2026-03-06 13:41:12,729 ] Backup connection to gameserver  "tcp://prod-lb-sa.tibia.com:7171" "Gentebra" established
[ 2026-03-06 13:41:16,026 ] BattlEye: "Server computed GUID: 031a12b54f228dbf77284cb52878a4f5"
[ 2026-03-06 14:58:35,261 ] Connection to gameserver  "tcp://prod-lb-sa.tibia.com:7171" "Gentebra"  was disconnected ( "The remote host closed the connection" )
[ 2026-03-06 14:58:35,262 ] Connection to gameserver  "tcp://prod-cf-sa.tibia.com:7171" "Gentebra"  was disconnected ( "The remote host closed the connection" )
[ 2026-03-06 14:58:35,262 ] StartDownload:  QUrl("https://static.tibia.com/hints.json")
[ 2026-03-06 14:58:35,321 ] Disconnected from gameserver
[ 2026-03-06 14:58:39,651 ] BattlEye: "Initialized (v1.249)"
[ 2026-03-06 14:58:39,651 ] BattlEye: "Config entry: GameID tibia"
[ 2026-03-06 14:58:39,651 ] BattlEye: "Config entry: MasterPort 7171"
[ 2026-03-06 14:58:39,790 ] Request connection to gameserver  "tcp://prod-cf-sa.tibia.com:7171"  (unprotected:  "tcp://prod-lb-sa.tibia.com:7171" )  requested (Charakter "Yiroshi" )
[ 2026-03-06 14:58:39,790 ] Request connection to gameserver  "tcp://prod-cf-sa.tibia.com:7171" "Kalibra"
[ 2026-03-06 14:58:39,813 ] Connected to gameserver  "tcp://prod-cf-sa.tibia.com:7171" "Kalibra"
[ 2026-03-06 14:58:40,249 ] Request connection to gameserver  "tcp://prod-lb-sa.tibia.com:7171" "Kalibra"
[ 2026-03-06 14:58:40,325 ] Backup connection to gameserver  "tcp://prod-lb-sa.tibia.com:7171" "Kalibra" established
[ 2026-03-06 14:58:44,652 ] BattlEye: "Server computed GUID: c5f1434b400af958c4cf4f80aebf4156"
[ 2026-03-06 14:59:22,757 ] Connection to gameserver  "tcp://prod-lb-sa.tibia.com:7171" "Kalibra"  was disconnected ( "The remote host closed the connection" )
[ 2026-03-06 14:59:22,757 ] Connection to gameserver  "tcp://prod-cf-sa.tibia.com:7171" "Kalibra"  was disconnected ( "The remote host closed the connection" )
[ 2026-03-06 14:59:22,816 ] Disconnected from gameserver
[ 2026-03-06 14:59:56,210 ] BattlEye: "Initialized (v1.249)"
[ 2026-03-06 14:59:56,211 ] BattlEye: "Config entry: GameID tibia"
[ 2026-03-06 14:59:56,211 ] BattlEye: "Config entry: MasterPort 7171"
[ 2026-03-06 14:59:56,333 ] Request connection to gameserver  "tcp://prod-cf-sa.tibia.com:7171"  (unprotected:  "tcp://prod-lb-sa.tibia.com:7171" )  requested (Charakter "Kalexus" )
[ 2026-03-06 14:59:56,333 ] Request connection to gameserver  "tcp://prod-cf-sa.tibia.com:7171" "Issobra"
[ 2026-03-06 14:59:56,356 ] Connected to gameserver  "tcp://prod-cf-sa.tibia.com:7171" "Issobra"
[ 2026-03-06 14:59:56,809 ] Request connection to gameserver  "tcp://prod-lb-sa.tibia.com:7171" "Issobra"
[ 2026-03-06 14:59:56,876 ] Backup connection to gameserver  "tcp://prod-lb-sa.tibia.com:7171" "Issobra" established
[ 2026-03-06 15:00:01,199 ] BattlEye: "Server computed GUID: b735fbc87a301dbc2eab3d22914e004d"
[ 2026-03-06 15:00:14,707 ] Connection to gameserver  "tcp://prod-lb-sa.tibia.com:7171" "Issobra"  was disconnected ( "The remote host closed the connection" )
[ 2026-03-06 15:00:14,707 ] Connection to gameserver  "tcp://prod-cf-sa.tibia.com:7171" "Issobra"  was disconnected ( "The remote host closed the connection" )
[ 2026-03-06 15:00:14,762 ] Disconnected from gameserver
[ 2026-03-07 08:53:36,558 ] Using spritesheet cache size of 910
[ 2026-03-07 08:53:36,733 ] Sound engine initialized with default sound device "Headphones (High Definition Audio Device)"
[ 2026-03-07 08:53:36,741 ] Switch used audio device to "Headphones (High Definition Audio Device)"
[ 2026-03-07 08:53:47,427 ] Asset loading complete
[ 2026-03-07 08:53:47,553 ] StartDownload:  QUrl("https://static.tibia.com/hints.json")
[ 2026-03-07 08:53:49,326 ] QObject: Cannot create children for a parent that is in a different thread.
(Parent is QQmlEngine(0x1aeab0101b0), parent's thread is QThread(0x1aefd1663c0), current thread is QSGRenderThread(0x1ae860e8520)
[ 2026-03-07 08:54:52,609 ] BattlEye: "Initialized (v1.249)"
[ 2026-03-07 08:54:52,609 ] BattlEye: "Config entry: GameID tibia"
[ 2026-03-07 08:54:52,609 ] BattlEye: "Config entry: MasterPort 7171"
[ 2026-03-07 08:54:52,811 ] Request connection to gameserver  "tcp://prod-cf-sa.tibia.com:7171"  (unprotected:  "tcp://prod-lb-sa.tibia.com:7171" )  requested (Charakter "Yiroshinho" )
[ 2026-03-07 08:54:52,812 ] Request connection to gameserver  "tcp://prod-cf-sa.tibia.com:7171" "Gentebra"
[ 2026-03-07 08:54:52,835 ] Connected to gameserver  "tcp://prod-cf-sa.tibia.com:7171" "Gentebra"
[ 2026-03-07 08:54:53,254 ] Request connection to gameserver  "tcp://prod-lb-sa.tibia.com:7171" "Gentebra"
[ 2026-03-07 08:54:53,306 ] Backup connection to gameserver  "tcp://prod-lb-sa.tibia.com:7171" "Gentebra" established
[ 2026-03-07 08:54:56,607 ] BattlEye: "Server computed GUID: 031a12b54f228dbf77284cb52878a4f5"
[ 2026-03-07 09:57:35,852 ] StartDownload:  QUrl("https://static.tibia.com/images/store/13/Category_PremiumTime.png")
[ 2026-03-07 09:57:35,867 ] StartDownload:  QUrl("https://static.tibia.com/images/store/13/Category_Consumables.png")
[ 2026-03-07 09:57:35,882 ] StartDownload:  QUrl("https://static.tibia.com/images/store/13/Category_Bundles.png")
[ 2026-03-07 09:57:35,897 ] StartDownload:  QUrl("https://static.tibia.com/images/store/13/Category_Cosmetics.png")
[ 2026-03-07 09:57:35,911 ] StartDownload:  QUrl("https://static.tibia.com/images/store/13/Category_HouseTools.png")
[ 2026-03-07 09:57:35,926 ] StartDownload:  QUrl("https://static.tibia.com/images/store/13/Category_Boosts.png")
[ 2026-03-07 09:57:36,053 ] StartDownload:  QUrl("https://static.tibia.com/images/store/13/Category_Extras.png")
[ 2026-03-07 09:57:36,073 ] StartDownload:  QUrl("https://static.tibia.com/images/store/64/Product_December2025_Bundle.png")
[ 2026-03-07 10:14:38,076 ] Connection to gameserver  "tcp://prod-cf-sa.tibia.com:7171" "Gentebra"  was disconnected ( "The remote host closed the connection" )
[ 2026-03-07 10:14:38,076 ] Connection to gameserver  "tcp://prod-lb-sa.tibia.com:7171" "Gentebra"  was disconnected ( "The remote host closed the connection" )
[ 2026-03-07 10:14:38,076 ] StartDownload:  QUrl("https://static.tibia.com/hints.json")
[ 2026-03-07 10:14:38,177 ] Disconnected from gameserver
[ 2026-03-07 16:21:29,105 ] Using spritesheet cache size of 910
[ 2026-03-07 16:21:29,302 ] Sound engine initialized with default sound device "Headphones (High Definition Audio Device)"
[ 2026-03-07 16:21:29,308 ] Switch used audio device to "Headphones (High Definition Audio Device)"
[ 2026-03-07 16:21:39,401 ] Asset loading complete
[ 2026-03-07 16:21:39,556 ] StartDownload:  QUrl("https://static.tibia.com/hints.json")
[ 2026-03-07 16:21:41,120 ] QObject: Cannot create children for a parent that is in a different thread.
(Parent is QQmlEngine(0x243a1248ef0), parent's thread is QThread(0x243983ea7c0), current thread is QSGRenderThread(0x243a020d890)
[ 2026-03-07 16:22:29,495 ] BattlEye: "Initialized (v1.249)"
[ 2026-03-07 16:22:29,495 ] BattlEye: "Config entry: GameID tibia"
[ 2026-03-07 16:22:29,495 ] BattlEye: "Config entry: MasterPort 7171"
[ 2026-03-07 16:22:29,636 ] Request connection to gameserver  "tcp://prod-cf-sa.tibia.com:7171"  (unprotected:  "tcp://prod-lb-sa.tibia.com:7171" )  requested (Charakter "Yiroshinho" )
[ 2026-03-07 16:22:29,636 ] Request connection to gameserver  "tcp://prod-cf-sa.tibia.com:7171" "Gentebra"
[ 2026-03-07 16:22:29,660 ] Connected to gameserver  "tcp://prod-cf-sa.tibia.com:7171" "Gentebra"
[ 2026-03-07 16:22:30,121 ] Request connection to gameserver  "tcp://prod-lb-sa.tibia.com:7171" "Gentebra"
[ 2026-03-07 16:22:30,174 ] Backup connection to gameserver  "tcp://prod-lb-sa.tibia.com:7171" "Gentebra" established
[ 2026-03-07 16:22:33,496 ] BattlEye: "Server computed GUID: 031a12b54f228dbf77284cb52878a4f5"
[ 2026-03-07 16:28:03,695 ] Retrying to obtain clipboard.
[ 2026-03-07 17:34:48,411 ] Connection to gameserver  "tcp://prod-lb-sa.tibia.com:7171" "Gentebra"  was disconnected ( "The remote host closed the connection" )
[ 2026-03-07 17:34:48,412 ] Connection to gameserver  "tcp://prod-cf-sa.tibia.com:7171" "Gentebra"  was disconnected ( "The remote host closed the connection" )
[ 2026-03-07 17:34:48,412 ] StartDownload:  QUrl("https://static.tibia.com/hints.json")
[ 2026-03-07 17:34:48,482 ] Disconnected from gameserver
[ 2026-03-07 17:34:53,466 ] BattlEye: "Initialized (v1.249)"
[ 2026-03-07 17:34:53,466 ] BattlEye: "Config entry: GameID tibia"
[ 2026-03-07 17:34:53,467 ] BattlEye: "Config entry: MasterPort 7171"
[ 2026-03-07 17:34:53,627 ] Request connection to gameserver  "tcp://prod-cf-sa.tibia.com:7171"  (unprotected:  "tcp://prod-lb-sa.tibia.com:7171" )  requested (Charakter "Yiroshinho" )
[ 2026-03-07 17:34:53,627 ] Request connection to gameserver  "tcp://prod-cf-sa.tibia.com:7171" "Gentebra"
[ 2026-03-07 17:34:53,650 ] Connected to gameserver  "tcp://prod-cf-sa.tibia.com:7171" "Gentebra"
[ 2026-03-07 17:34:54,110 ] Request connection to gameserver  "tcp://prod-lb-sa.tibia.com:7171" "Gentebra"
[ 2026-03-07 17:34:54,164 ] Backup connection to gameserver  "tcp://prod-lb-sa.tibia.com:7171" "Gentebra" established
[ 2026-03-07 17:34:56,466 ] BattlEye: "Server computed GUID: 031a12b54f228dbf77284cb52878a4f5"
[ 2026-03-07 18:01:03,364 ] Connection to gameserver  "tcp://prod-lb-sa.tibia.com:7171" "Gentebra"  was disconnected ( "The remote host closed the connection" )
[ 2026-03-07 18:01:03,364 ] Connection to gameserver  "tcp://prod-cf-sa.tibia.com:7171" "Gentebra"  was disconnected ( "The remote host closed the connection" )
[ 2026-03-07 18:01:03,436 ] Disconnected from gameserver
[ 2026-03-07 18:01:09,467 ] BattlEye: "Initialized (v1.249)"
[ 2026-03-07 18:01:09,468 ] BattlEye: "Config entry: GameID tibia"
[ 2026-03-07 18:01:09,468 ] BattlEye: "Config entry: MasterPort 7171"
[ 2026-03-07 18:01:09,612 ] Request connection to gameserver  "tcp://prod-cf-sa.tibia.com:7171"  (unprotected:  "tcp://prod-lb-sa.tibia.com:7171" )  requested (Charakter "Maga da Portelinha" )
[ 2026-03-07 18:01:09,612 ] Request connection to gameserver  "tcp://prod-cf-sa.tibia.com:7171" "Gentebra"
[ 2026-03-07 18:01:09,648 ] Connected to gameserver  "tcp://prod-cf-sa.tibia.com:7171" "Gentebra"
[ 2026-03-07 18:01:10,114 ] Request connection to gameserver  "tcp://prod-lb-sa.tibia.com:7171" "Gentebra"
[ 2026-03-07 18:01:10,169 ] Backup connection to gameserver  "tcp://prod-lb-sa.tibia.com:7171" "Gentebra" established
[ 2026-03-07 18:01:13,464 ] BattlEye: "Server computed GUID: d5cb6a17b303f6633f09b93c249efcd7"
[ 2026-03-07 18:05:28,362 ] Connection to gameserver  "tcp://prod-lb-sa.tibia.com:7171" "Gentebra"  was disconnected ( "The remote host closed the connection" )
[ 2026-03-07 18:05:28,362 ] Connection to gameserver  "tcp://prod-cf-sa.tibia.com:7171" "Gentebra"  was disconnected ( "The remote host closed the connection" )
[ 2026-03-07 18:05:28,438 ] Disconnected from gameserver
[ 2026-03-08 07:30:37,613 ] Using spritesheet cache size of 910
[ 2026-03-08 07:30:37,715 ] Sound engine initialized with default sound device "Headphones (High Definition Audio Device)"
[ 2026-03-08 07:30:37,721 ] Switch used audio device to "Headphones (High Definition Audio Device)"
[ 2026-03-08 07:30:44,618 ] Asset loading complete
[ 2026-03-08 07:30:44,679 ] StartDownload:  QUrl("https://static.tibia.com/hints.json")
[ 2026-03-08 07:30:45,915 ] QObject: Cannot create children for a parent that is in a different thread.
(Parent is QQmlEngine(0x20abefc2f80), parent's thread is QThread(0x20ab6d29580), current thread is QSGRenderThread(0x20abee32230)
[ 2026-03-08 07:31:20,311 ] BattlEye: "Initialized (v1.249)"
[ 2026-03-08 07:31:20,311 ] BattlEye: "Config entry: GameID tibia"
[ 2026-03-08 07:31:20,311 ] BattlEye: "Config entry: MasterPort 7171"
[ 2026-03-08 07:31:20,449 ] Request connection to gameserver  "tcp://prod-cf-sa.tibia.com:7171"  (unprotected:  "tcp://prod-lb-sa.tibia.com:7171" )  requested (Charakter "Maga da Portelinha" )
[ 2026-03-08 07:31:20,449 ] Request connection to gameserver  "tcp://prod-cf-sa.tibia.com:7171" "Gentebra"
[ 2026-03-08 07:31:20,471 ] Connected to gameserver  "tcp://prod-cf-sa.tibia.com:7171" "Gentebra"
[ 2026-03-08 07:31:20,927 ] Request connection to gameserver  "tcp://prod-lb-sa.tibia.com:7171" "Gentebra"
[ 2026-03-08 07:31:20,987 ] Backup connection to gameserver  "tcp://prod-lb-sa.tibia.com:7171" "Gentebra" established
[ 2026-03-08 07:31:24,307 ] BattlEye: "Server computed GUID: d5cb6a17b303f6633f09b93c249efcd7"
[ 2026-03-08 07:56:49,272 ] Connection to gameserver  "tcp://prod-cf-sa.tibia.com:7171" "Gentebra"  was disconnected ( "The remote host closed the connection" )
[ 2026-03-08 07:56:49,273 ] Connection to gameserver  "tcp://prod-lb-sa.tibia.com:7171" "Gentebra"  was disconnected ( "The remote host closed the connection" )
[ 2026-03-08 07:56:49,346 ] Disconnected from gameserver
[ 2026-03-08 07:56:54,528 ] BattlEye: "Initialized (v1.249)"
[ 2026-03-08 07:56:54,528 ] BattlEye: "Config entry: GameID tibia"
[ 2026-03-08 07:56:54,528 ] BattlEye: "Config entry: MasterPort 7171"
[ 2026-03-08 07:56:54,661 ] Request connection to gameserver  "tcp://prod-cf-sa.tibia.com:7171"  (unprotected:  "tcp://prod-lb-sa.tibia.com:7171" )  requested (Charakter "Yiroshinho" )
[ 2026-03-08 07:56:54,661 ] Request connection to gameserver  "tcp://prod-cf-sa.tibia.com:7171" "Gentebra"
[ 2026-03-08 07:56:54,684 ] Connected to gameserver  "tcp://prod-cf-sa.tibia.com:7171" "Gentebra"
[ 2026-03-08 07:56:55,135 ] Request connection to gameserver  "tcp://prod-lb-sa.tibia.com:7171" "Gentebra"
[ 2026-03-08 07:56:55,192 ] Backup connection to gameserver  "tcp://prod-lb-sa.tibia.com:7171" "Gentebra" established
[ 2026-03-08 07:56:58,526 ] BattlEye: "Server computed GUID: 031a12b54f228dbf77284cb52878a4f5"
[ 2026-03-08 08:06:30,270 ] Connection to gameserver  "tcp://prod-lb-sa.tibia.com:7171" "Gentebra"  was disconnected ( "The remote host closed the connection" )
[ 2026-03-08 08:06:30,270 ] Connection to gameserver  "tcp://prod-cf-sa.tibia.com:7171" "Gentebra"  was disconnected ( "The remote host closed the connection" )
[ 2026-03-08 08:06:30,340 ] Disconnected from gameserver
[ 2026-03-08 08:07:01,466 ] Retrying to obtain clipboard.
[ 2026-03-08 08:15:09,046 ] BattlEye: "Initialized (v1.249)"
[ 2026-03-08 08:15:09,047 ] BattlEye: "Config entry: GameID tibia"
[ 2026-03-08 08:15:09,047 ] BattlEye: "Config entry: MasterPort 7171"
[ 2026-03-08 08:15:09,183 ] Request connection to gameserver  "tcp://prod-cf-sa.tibia.com:7171"  (unprotected:  "tcp://prod-lb-sa.tibia.com:7171" )  requested (Charakter "Yiroshinho" )
[ 2026-03-08 08:15:09,183 ] Request connection to gameserver  "tcp://prod-cf-sa.tibia.com:7171" "Gentebra"
[ 2026-03-08 08:15:09,206 ] Connected to gameserver  "tcp://prod-cf-sa.tibia.com:7171" "Gentebra"
[ 2026-03-08 08:15:09,664 ] Request connection to gameserver  "tcp://prod-lb-sa.tibia.com:7171" "Gentebra"
[ 2026-03-08 08:15:09,721 ] Backup connection to gameserver  "tcp://prod-lb-sa.tibia.com:7171" "Gentebra" established
[ 2026-03-08 08:15:13,043 ] BattlEye: "Server computed GUID: 031a12b54f228dbf77284cb52878a4f5"
[ 2026-03-08 08:25:22,222 ] Connection to gameserver  "tcp://prod-cf-sa.tibia.com:7171" "Gentebra"  was disconnected ( "The remote host closed the connection" )
[ 2026-03-08 08:25:22,222 ] Connection to gameserver  "tcp://prod-lb-sa.tibia.com:7171" "Gentebra"  was disconnected ( "The remote host closed the connection" )
[ 2026-03-08 08:25:22,283 ] Disconnected from gameserver
[ 2026-04-20 15:31:13,579 ] Using spritesheet cache size of 910
[ 2026-04-20 15:31:13,818 ] Sound engine initialized with default sound device "Headphones (High Definition Audio Device)"
[ 2026-04-20 15:31:13,888 ] Switch used audio device to "Headphones (High Definition Audio Device)"
[ 2026-04-20 15:31:16,001 ] Asset loading complete
[ 2026-04-20 15:31:16,135 ] StartDownload:  QUrl("https://static.tibia.com/hints.json")
[ 2026-04-20 15:31:17,804 ] QObject: Cannot create children for a parent that is in a different thread.
(Parent is QQmlEngine(0x198aba86ee0), parent's thread is QThread(0x198fda961a0), current thread is QSGRenderThread(0x198858c76c0)
[ 2026-04-20 15:32:02,144 ] Retrying to obtain clipboard.
[ 2026-04-20 15:32:02,391 ] Retrying to obtain clipboard.
[ 2026-04-20 15:32:02,928 ] Retrying to obtain clipboard.
[ 2026-04-20 15:37:53,566 ] Using spritesheet cache size of 910
[ 2026-04-20 15:37:53,631 ] Sound engine initialized with default sound device "Headphones (High Definition Audio Device)"
[ 2026-04-20 15:37:53,639 ] Switch used audio device to "Headphones (High Definition Audio Device)"
[ 2026-04-20 15:38:02,794 ] Asset loading complete
[ 2026-04-20 15:38:02,921 ] StartDownload:  QUrl("https://static.tibia.com/hints.json")
[ 2026-04-20 15:38:04,096 ] QObject: Cannot create children for a parent that is in a different thread.
(Parent is QQmlEngine(0x19ed02df680), parent's thread is QThread(0x19ec83feac0), current thread is QSGRenderThread(0x19ed03617f0)
[ 2026-04-20 15:49:08,520 ] Using spritesheet cache size of 910
[ 2026-04-20 15:49:08,571 ] Sound engine initialized with default sound device "Headphones (High Definition Audio Device)"
[ 2026-04-20 15:49:08,580 ] Switch used audio device to "Headphones (High Definition Audio Device)"
[ 2026-04-20 15:49:09,904 ] StartDownload:  QUrl("https://static.tibia.com/hints.json")
[ 2026-04-20 15:49:10,489 ] Asset loading complete
[ 2026-04-20 15:49:10,798 ] QObject: Cannot create children for a parent that is in a different thread.
(Parent is QQmlEngine(0x1573d124830), parent's thread is QThread(0x15733d96df0), current thread is QSGRenderThread(0x15761aed690)
[ 2026-04-20 15:53:45,972 ] Using spritesheet cache size of 910
[ 2026-04-20 15:53:46,017 ] Sound engine initialized with default sound device "Headphones (High Definition Audio Device)"
[ 2026-04-20 15:53:46,025 ] Switch used audio device to "Headphones (High Definition Audio Device)"
[ 2026-04-20 15:53:47,123 ] Asset loading complete
[ 2026-04-20 15:53:47,159 ] StartDownload:  QUrl("https://static.tibia.com/hints.json")
[ 2026-04-20 15:53:59,332 ] BattlEye: "Initialized (v1.249)"
[ 2026-04-20 15:53:59,332 ] BattlEye: "Restarting client is necessary, service isn't running properly"
[ 2026-04-20 15:53:59,332 ] BattlEye: "Restarting client is necessary, update required"
[ 2026-04-20 15:53:59,332 ] BattlEye: "Config entry: GameID tibia"
[ 2026-04-20 15:53:59,332 ] BattlEye: "Config entry: MasterPort 7171"
[ 2026-04-20 15:53:59,472 ] Request connection to gameserver  "tcp://127.0.0.1:7172"  (unprotected:  "tcp://127.0.0.1:7172" )  requested (Charakter "GOD" )
[ 2026-04-20 15:53:59,505 ] Request connection to gameserver  "tcp://127.0.0.1:7172" "Crystal"
[ 2026-04-20 15:53:59,529 ] Connected to gameserver  "tcp://127.0.0.1:7172" "Crystal"
[ 2026-04-20 15:53:59,781 ] "updateOrCreateCreatureFromProtobuf: no creature with id 1342204342 found"
[ 2026-04-20 15:53:59,781 ] "updateOrCreateCreatureFromProtobuf: no creature with id 1342204359 found"
[ 2026-04-20 15:53:59,781 ] "updateOrCreateCreatureFromProtobuf: no creature with id 1342204412 found"
[ 2026-04-20 15:53:59,783 ] "updateOrCreateCreatureFromProtobuf: no creature with id 1342216534 found"
[ 2026-04-20 15:53:59,792 ] "updateOrCreateCreatureFromProtobuf: no creature with id 1342216537 found"
[ 2026-04-20 15:53:59,792 ] "updateOrCreateCreatureFromProtobuf: no creature with id 1342204396 found"
[ 2026-04-20 15:53:59,792 ] "updateOrCreateCreatureFromProtobuf: no creature with id 1342204397 found"
[ 2026-04-20 15:53:59,793 ] "updateOrCreateCreatureFromProtobuf: no creature with id 1342204398 found"
[ 2026-04-20 15:53:59,793 ] "updateOrCreateCreatureFromProtobuf: no creature with id 1342204399 found"
[ 2026-04-20 15:53:59,793 ] "updateOrCreateCreatureFromProtobuf: no creature with id 1342204463 found"
[ 2026-04-20 15:53:59,793 ] "updateOrCreateCreatureFromProtobuf: no creature with id 1342216533 found"
[ 2026-04-20 15:53:59,793 ] "updateOrCreateCreatureFromProtobuf: no creature with id 1342216535 found"
[ 2026-04-20 15:53:59,793 ] "updateOrCreateCreatureFromProtobuf: no creature with id 1342216536 found"
[ 2026-04-20 15:53:59,794 ] "updateOrCreateCreatureFromProtobuf: no creature with id 1342216538 found"
[ 2026-04-20 15:53:59,794 ] "updateOrCreateCreatureFromProtobuf: no creature with id 1342204464 found"
[ 2026-04-20 15:55:06,182 ] Connection to gameserver  "tcp://127.0.0.1:7172" "Crystal"  was disconnected ( "The remote host closed the connection" )
[ 2026-04-20 15:55:06,256 ] Disconnected from gameserver
[ 2026-04-20 15:55:28,951 ] Request connection to gameserver  "tcp://127.0.0.1:7172"  (unprotected:  "tcp://127.0.0.1:7172" )  requested (Charakter "Ninjas" )
[ 2026-04-20 15:55:28,959 ] Request connection to gameserver  "tcp://127.0.0.1:7172" "Crystal"
[ 2026-04-20 15:55:28,999 ] Connected to gameserver  "tcp://127.0.0.1:7172" "Crystal"
[ 2026-04-20 15:55:29,117 ] "updateOrCreateCreatureFromProtobuf: no creature with id 1342204463 found"
[ 2026-04-20 15:55:29,117 ] "updateOrCreateCreatureFromProtobuf: no creature with id 1342216538 found"
[ 2026-04-20 15:55:29,117 ] "updateOrCreateCreatureFromProtobuf: no creature with id 1342216557 found"
[ 2026-04-20 15:55:29,117 ] "updateOrCreateCreatureFromProtobuf: no creature with id 1342204464 found"
[ 2026-04-20 15:55:29,117 ] "updateOrCreateCreatureFromProtobuf: no creature with id 1342204465 found"
[ 2026-04-20 15:55:29,118 ] "updateOrCreateCreatureFromProtobuf: no creature with id 1342204466 found"
[ 2026-04-20 15:55:29,118 ] "updateOrCreateCreatureFromProtobuf: no creature with id 1342204467 found"
[ 2026-04-20 15:55:29,118 ] "updateOrCreateCreatureFromProtobuf: no creature with id 1342204522 found"
[ 2026-04-20 15:55:29,118 ] "updateOrCreateCreatureFromProtobuf: no creature with id 1342204523 found"
[ 2026-04-20 15:55:29,118 ] "updateOrCreateCreatureFromProtobuf: no creature with id 1342204567 found"
[ 2026-04-20 15:55:29,118 ] "updateOrCreateCreatureFromProtobuf: no creature with id 1342204570 found"
[ 2026-04-20 15:55:33,182 ] Connection to gameserver  "tcp://127.0.0.1:7172" "Crystal"  was disconnected ( "The remote host closed the connection" )
[ 2026-04-20 15:55:33,253 ] Disconnected from gameserver
[ 2026-04-20 15:55:34,171 ] Request connection to gameserver  "tcp://127.0.0.1:7172"  (unprotected:  "tcp://127.0.0.1:7172" )  requested (Charakter "Detonator" )
[ 2026-04-20 15:55:34,177 ] Request connection to gameserver  "tcp://127.0.0.1:7172" "Crystal"
[ 2026-04-20 15:55:34,197 ] Connected to gameserver  "tcp://127.0.0.1:7172" "Crystal"
[ 2026-04-20 15:55:34,358 ] "updateOrCreateCreatureFromProtobuf: no creature with id 1342216513 found"
[ 2026-04-20 15:55:34,358 ] "updateOrCreateCreatureFromProtobuf: no creature with id 1342204411 found"
[ 2026-04-20 15:55:34,359 ] "updateOrCreateCreatureFromProtobuf: no creature with id 1342216515 found"
[ 2026-04-20 15:55:34,367 ] "updateOrCreateCreatureFromProtobuf: no creature with id 1342216516 found"
[ 2026-04-20 15:55:34,367 ] "updateOrCreateCreatureFromProtobuf: no creature with id 1342216517 found"
[ 2026-04-20 15:55:34,367 ] "updateOrCreateCreatureFromProtobuf: no creature with id 1342216518 found"
[ 2026-04-20 15:55:34,368 ] "updateOrCreateCreatureFromProtobuf: no creature with id 1342216519 found"
[ 2026-04-20 15:55:34,368 ] "updateOrCreateCreatureFromProtobuf: no creature with id 1342216520 found"
[ 2026-04-20 15:55:34,368 ] "updateOrCreateCreatureFromProtobuf: no creature with id 1342216521 found"
[ 2026-04-20 15:55:34,368 ] "updateOrCreateCreatureFromProtobuf: no creature with id 1342204481 found"
[ 2026-04-20 15:55:34,368 ] "updateOrCreateCreatureFromProtobuf: no creature with id 1342216563 found"
[ 2026-04-20 15:56:54,331 ] StartDownload:  QUrl("http://127.0.0.1/images/store/13/Category_PremiumTime.png")
[ 2026-04-20 15:56:54,332 ] StartDownload:  QUrl("http://127.0.0.1/images/store/13/Category_Consumables.png")
[ 2026-04-20 15:56:54,333 ] StartDownload:  QUrl("http://127.0.0.1/images/store/13/Category_Cosmetics.png")
[ 2026-04-20 15:56:54,333 ] StartDownload:  QUrl("http://127.0.0.1/images/store/13/Category_HouseTools.png")
[ 2026-04-20 15:56:54,333 ] StartDownload:  QUrl("http://127.0.0.1/images/store/13/Category_Boosts.png")
[ 2026-04-20 15:56:54,333 ] StartDownload:  QUrl("http://127.0.0.1/images/store/13/Category_Extras.png")
[ 2026-04-20 15:56:54,453 ] StartDownload:  QUrl("http://127.0.0.1/images/store/13/Category_Tournament.png")
[ 2026-04-20 15:56:54,457 ] StartDownload:  QUrl("http://127.0.0.1/images/store/64/Name_Change.png")
[ 2026-04-20 15:57:11,757 ] StartDownload:  QUrl("http://127.0.0.1/images/store/13/Category_PremiumTime.png")
[ 2026-04-20 15:57:11,759 ] StartDownload:  QUrl("http://127.0.0.1/images/store/13/Category_Consumables.png")
[ 2026-04-20 15:57:11,759 ] StartDownload:  QUrl("http://127.0.0.1/images/store/13/Category_Cosmetics.png")
[ 2026-04-20 15:57:11,760 ] StartDownload:  QUrl("http://127.0.0.1/images/store/13/Category_HouseTools.png")
[ 2026-04-20 15:57:11,760 ] StartDownload:  QUrl("http://127.0.0.1/images/store/13/Category_Boosts.png")
[ 2026-04-20 15:57:11,761 ] StartDownload:  QUrl("http://127.0.0.1/images/store/13/Category_Extras.png")
[ 2026-04-20 15:57:11,776 ] StartDownload:  QUrl("http://127.0.0.1/images/store/13/Category_Tournament.png")
[ 2026-04-20 15:57:11,777 ] StartDownload:  QUrl("http://127.0.0.1/images/store/64/Name_Change.png")
[ 2026-04-20 15:58:15,061 ] "updateOrCreateCreatureFromProtobuf: no creature with id 1342204302 found"
[ 2026-04-20 16:10:21,392 ] Connection to gameserver  "tcp://127.0.0.1:7172" "Crystal"  was disconnected ( "The remote host closed the connection" )
[ 2026-04-20 16:10:21,476 ] Disconnected from gameserver
[ 2026-04-20 16:15:43,768 ] Didn't send news query with params (HighPotential: true Returner: true MaxKnownEditDate: 0 ) (URL: QUrl("http://127.0.0.1/login.php") ) due to too many retries.
[ 2026-04-20 16:16:05,227 ] Didn't send news query with params (HighPotential: true Returner: true MaxKnownEditDate: 0 ) (URL: QUrl("http://127.0.0.1/login.php") ) due to too many retries.
[ 2026-04-20 16:16:15,273 ] Request connection to gameserver  "tcp://127.0.0.1:7172"  (unprotected:  "tcp://127.0.0.1:7172" )  requested (Charakter "Detonator" )
[ 2026-04-20 16:16:15,277 ] Request connection to gameserver  "tcp://127.0.0.1:7172" "Crystal"
[ 2026-04-20 16:16:15,292 ] Connected to gameserver  "tcp://127.0.0.1:7172" "Crystal"
[ 2026-04-20 16:16:34,001 ] Connection to gameserver  "tcp://127.0.0.1:7172" "Crystal"  was disconnected ( "The remote host closed the connection" )
[ 2026-04-20 16:16:34,070 ] Disconnected from gameserver
[ 2026-04-20 16:16:34,150 ] Didn't send news query with params (HighPotential: true Returner: true MaxKnownEditDate: 0 ) (URL: QUrl("http://127.0.0.1/login.php") ) due to too many retries.
[ 2026-04-20 16:16:35,768 ] Request connection to gameserver  "tcp://127.0.0.1:7172"  (unprotected:  "tcp://127.0.0.1:7172" )  requested (Charakter "Detonator" )
[ 2026-04-20 16:16:35,773 ] Request connection to gameserver  "tcp://127.0.0.1:7172" "Crystal"
[ 2026-04-20 16:16:35,778 ] Connected to gameserver  "tcp://127.0.0.1:7172" "Crystal"
[ 2026-04-20 16:19:51,460 ] Connection to gameserver  "tcp://127.0.0.1:7172" "Crystal"  was disconnected ( "The remote host closed the connection" )
[ 2026-04-20 16:19:51,560 ] Disconnected from gameserver
[ 2026-04-20 16:19:51,663 ] Didn't send news query with params (HighPotential: true Returner: true MaxKnownEditDate: 0 ) (URL: QUrl("http://127.0.0.1/login.php") ) due to too many retries.
[ 2026-04-20 16:19:52,780 ] Request connection to gameserver  "tcp://127.0.0.1:7172"  (unprotected:  "tcp://127.0.0.1:7172" )  requested (Charakter "Detonator" )
[ 2026-04-20 16:19:52,783 ] Request connection to gameserver  "tcp://127.0.0.1:7172" "Crystal"
[ 2026-04-20 16:19:52,791 ] Connected to gameserver  "tcp://127.0.0.1:7172" "Crystal"
[ 2026-04-20 16:20:04,506 ] Connection to gameserver  "tcp://127.0.0.1:7172" "Crystal"  was disconnected ( "The remote host closed the connection" )
[ 2026-04-20 16:20:04,601 ] Disconnected from gameserver
[ 2026-04-20 16:20:04,671 ] Didn't send news query with params (HighPotential: true Returner: true MaxKnownEditDate: 0 ) (URL: QUrl("http://127.0.0.1/login.php") ) due to too many retries.
[ 2026-04-20 16:32:19,558 ] Using spritesheet cache size of 910
[ 2026-04-20 16:32:19,613 ] Sound engine initialized with default sound device "Headphones (High Definition Audio Device)"
[ 2026-04-20 16:32:19,623 ] Switch used audio device to "Headphones (High Definition Audio Device)"
[ 2026-04-20 16:32:20,570 ] StartDownload:  QUrl("https://static.tibia.com/hints.json")
[ 2026-04-20 16:32:21,150 ] Asset loading complete
[ 2026-04-20 16:32:47,859 ] BattlEye: "Initialized (v1.249)"
[ 2026-04-20 16:32:47,860 ] BattlEye: "Restarting client is necessary, service isn't running properly"
[ 2026-04-20 16:32:47,860 ] BattlEye: "Restarting client is necessary, update required"
[ 2026-04-20 16:32:47,860 ] BattlEye: "Config entry: GameID tibia"
[ 2026-04-20 16:32:47,860 ] BattlEye: "Config entry: MasterPort 7171"
[ 2026-04-20 16:32:48,028 ] Request connection to gameserver  "tcp://127.0.0.1:7172"  (unprotected:  "tcp://127.0.0.1:7172" )  requested (Charakter "Detonator" )
[ 2026-04-20 16:32:48,051 ] Request connection to gameserver  "tcp://127.0.0.1:7172" "Crystal"
[ 2026-04-20 16:32:48,062 ] Connected to gameserver  "tcp://127.0.0.1:7172" "Crystal"
[ 2026-04-20 16:33:58,041 ] Connection to gameserver  "tcp://127.0.0.1:7172" "Crystal"  was disconnected ( "The remote host closed the connection" )
[ 2026-04-20 16:33:58,111 ] Disconnected from gameserver
[ 2026-04-20 16:34:09,372 ] Request connection to gameserver  "tcp://127.0.0.1:7172"  (unprotected:  "tcp://127.0.0.1:7172" )  requested (Charakter "Detonator" )
[ 2026-04-20 16:34:09,373 ] Request connection to gameserver  "tcp://127.0.0.1:7172" "Crystal"
[ 2026-04-20 16:34:09,393 ] Connected to gameserver  "tcp://127.0.0.1:7172" "Crystal"
[ 2026-04-20 16:38:26,126 ] Connection to gameserver  "tcp://127.0.0.1:7172" "Crystal"  was disconnected ( "The remote host closed the connection" )
[ 2026-04-20 16:38:26,195 ] Disconnected from gameserver
[ 2026-04-20 16:38:26,273 ] Didn't send news query with params (HighPotential: true Returner: true MaxKnownEditDate: 0 ) (URL: QUrl("http://127.0.0.1/login.php") ) due to too many retries.
[ 2026-04-20 16:38:27,886 ] Request connection to gameserver  "tcp://127.0.0.1:7172"  (unprotected:  "tcp://127.0.0.1:7172" )  requested (Charakter "Ninjas" )
[ 2026-04-20 16:38:27,887 ] Request connection to gameserver  "tcp://127.0.0.1:7172" "Crystal"
[ 2026-04-20 16:38:27,908 ] Connected to gameserver  "tcp://127.0.0.1:7172" "Crystal"
[ 2026-04-20 16:38:28,140 ] "updateOrCreateCreatureFromProtobuf: no creature with id 1342204411 found"
[ 2026-04-20 16:38:28,140 ] "updateOrCreateCreatureFromProtobuf: no creature with id 1342216515 found"
[ 2026-04-20 16:38:28,140 ] "updateOrCreateCreatureFromProtobuf: no creature with id 1342216516 found"
[ 2026-04-20 16:38:28,140 ] "updateOrCreateCreatureFromProtobuf: no creature with id 1342216517 found"
[ 2026-04-20 16:38:28,140 ] "updateOrCreateCreatureFromProtobuf: no creature with id 1342216518 found"
[ 2026-04-20 16:38:28,140 ] "updateOrCreateCreatureFromProtobuf: no creature with id 1342216519 found"
[ 2026-04-20 16:38:28,140 ] "updateOrCreateCreatureFromProtobuf: no creature with id 1342216520 found"
[ 2026-04-20 16:38:28,140 ] "updateOrCreateCreatureFromProtobuf: no creature with id 1342216521 found"
[ 2026-04-20 16:38:28,140 ] "updateOrCreateCreatureFromProtobuf: no creature with id 1342204412 found"
[ 2026-04-20 16:40:44,631 ] Connection to gameserver  "tcp://127.0.0.1:7172" "Crystal"  was disconnected ( "The remote host closed the connection" )
[ 2026-04-20 16:40:44,717 ] Disconnected from gameserver
[ 2026-04-20 16:40:44,793 ] Didn't send news query with params (HighPotential: true Returner: true MaxKnownEditDate: 0 ) (URL: QUrl("http://127.0.0.1/login.php") ) due to too many retries.
[ 2026-04-20 16:40:50,300 ] Request connection to gameserver  "tcp://127.0.0.1:7172"  (unprotected:  "tcp://127.0.0.1:7172" )  requested (Charakter "Teste Monk" )
[ 2026-04-20 16:40:50,302 ] Request connection to gameserver  "tcp://127.0.0.1:7172" "Crystal"
[ 2026-04-20 16:40:50,322 ] Connected to gameserver  "tcp://127.0.0.1:7172" "Crystal"
[ 2026-04-20 16:40:50,486 ] "updateOrCreateCreatureFromProtobuf: no creature with id 1342204463 found"
[ 2026-04-20 16:40:50,486 ] "updateOrCreateCreatureFromProtobuf: no creature with id 1342216557 found"
[ 2026-04-20 16:40:50,487 ] "updateOrCreateCreatureFromProtobuf: no creature with id 1342204465 found"
[ 2026-04-20 16:40:50,487 ] "updateOrCreateCreatureFromProtobuf: no creature with id 1342204466 found"
[ 2026-04-20 16:40:50,487 ] "updateOrCreateCreatureFromProtobuf: no creature with id 1342204467 found"
[ 2026-04-20 16:40:50,487 ] "updateOrCreateCreatureFromProtobuf: no creature with id 1342204464 found"
[ 2026-04-20 16:40:50,487 ] "updateOrCreateCreatureFromProtobuf: no creature with id 1342204523 found"
[ 2026-04-20 16:40:50,487 ] "updateOrCreateCreatureFromProtobuf: no creature with id 1342204522 found"
[ 2026-04-20 16:40:50,487 ] "updateOrCreateCreatureFromProtobuf: no creature with id 1342204568 found"
[ 2026-04-20 16:40:50,487 ] "updateOrCreateCreatureFromProtobuf: no creature with id 1342204570 found"
[ 2026-04-20 16:40:50,487 ] "updateOrCreateCreatureFromProtobuf: no creature with id 1342204567 found"
[ 2026-04-20 16:40:50,487 ] "updateOrCreateCreatureFromProtobuf: no creature with id 1342204577 found"
[ 2026-04-20 16:40:50,487 ] "updateOrCreateCreatureFromProtobuf: no creature with id 1342216618 found"
[ 2026-04-20 16:40:50,487 ] "updateOrCreateCreatureFromProtobuf: no creature with id 1342204569 found"
[ 2026-04-20 16:40:50,487 ] "updateOrCreateCreatureFromProtobuf: no creature with id 1342204571 found"
[ 2026-04-20 16:41:43,310 ] StartDownload:  QUrl("http://127.0.0.1/images/store/13/Category_PremiumTime.png")
[ 2026-04-20 16:41:43,311 ] StartDownload:  QUrl("http://127.0.0.1/images/store/13/Category_Consumables.png")
[ 2026-04-20 16:41:43,312 ] StartDownload:  QUrl("http://127.0.0.1/images/store/13/Category_Cosmetics.png")
[ 2026-04-20 16:41:43,314 ] StartDownload:  QUrl("http://127.0.0.1/images/store/13/Category_HouseTools.png")
[ 2026-04-20 16:41:43,315 ] StartDownload:  QUrl("http://127.0.0.1/images/store/13/Category_Boosts.png")
[ 2026-04-20 16:41:43,316 ] StartDownload:  QUrl("http://127.0.0.1/images/store/13/Category_Extras.png")
[ 2026-04-20 16:41:43,400 ] StartDownload:  QUrl("http://127.0.0.1/images/store/13/Category_Tournament.png")
[ 2026-04-20 16:41:43,402 ] StartDownload:  QUrl("http://127.0.0.1/images/store/64/Name_Change.png")
[ 2026-04-20 16:41:49,774 ] StartDownload:  QUrl("http://127.0.0.1/images/store/64/Name_Change.png")
[ 2026-04-20 16:41:49,794 ] StartDownload:  QUrl("http://127.0.0.1/images/store/13/Category_Mounts.png")
[ 2026-04-20 16:41:49,795 ] StartDownload:  QUrl("http://127.0.0.1/images/store/13/Category_Outfits.png")
[ 2026-04-20 16:41:49,798 ] QQuickPixmap: connectFinished() called when not loading.
[ 2026-04-20 16:41:49,798 ] QQuickPixmap: connectFinished() called when not loading.
[ 2026-04-20 16:41:59,024 ] StartDownload:  QUrl("http://127.0.0.1/images/store/13/Category_PremiumTime.png")
[ 2026-04-20 16:41:59,026 ] StartDownload:  QUrl("http://127.0.0.1/images/store/13/Category_Consumables.png")
[ 2026-04-20 16:41:59,027 ] StartDownload:  QUrl("http://127.0.0.1/images/store/13/Category_Cosmetics.png")
[ 2026-04-20 16:41:59,029 ] StartDownload:  QUrl("http://127.0.0.1/images/store/13/Category_Mounts.png")
[ 2026-04-20 16:41:59,030 ] StartDownload:  QUrl("http://127.0.0.1/images/store/13/Category_Outfits.png")
[ 2026-04-20 16:41:59,031 ] StartDownload:  QUrl("http://127.0.0.1/images/store/13/Category_HouseTools.png")
[ 2026-04-20 16:41:59,135 ] StartDownload:  QUrl("http://127.0.0.1/images/store/13/Category_Boosts.png")
[ 2026-04-20 16:41:59,137 ] StartDownload:  QUrl("http://127.0.0.1/images/store/13/Category_Extras.png")
[ 2026-04-20 16:41:59,138 ] StartDownload:  QUrl("http://127.0.0.1/images/store/13/Category_Tournament.png")
[ 2026-04-20 16:41:59,712 ] StartDownload:  QUrl("http://127.0.0.1/images/store/13/Category_PremiumTime.png")
[ 2026-04-20 16:41:59,713 ] StartDownload:  QUrl("http://127.0.0.1/images/store/13/Category_Consumables.png")
[ 2026-04-20 16:41:59,714 ] StartDownload:  QUrl("http://127.0.0.1/images/store/13/Category_Cosmetics.png")
[ 2026-04-20 16:41:59,715 ] StartDownload:  QUrl("http://127.0.0.1/images/store/13/Category_Mounts.png")
[ 2026-04-20 16:41:59,716 ] StartDownload:  QUrl("http://127.0.0.1/images/store/13/Category_Outfits.png")
[ 2026-04-20 16:41:59,717 ] StartDownload:  QUrl("http://127.0.0.1/images/store/13/Category_HouseTools.png")
[ 2026-04-20 16:41:59,743 ] StartDownload:  QUrl("http://127.0.0.1/images/store/13/Category_Boosts.png")
[ 2026-04-20 16:41:59,744 ] StartDownload:  QUrl("http://127.0.0.1/images/store/13/Category_Extras.png")
[ 2026-04-20 16:41:59,745 ] StartDownload:  QUrl("http://127.0.0.1/images/store/13/Category_Tournament.png")
[ 2026-04-20 16:42:06,174 ] StartDownload:  QUrl("http://127.0.0.1/images/store/13/Category_PremiumTime.png")
[ 2026-04-20 16:42:06,177 ] StartDownload:  QUrl("http://127.0.0.1/images/store/13/Category_Consumables.png")
[ 2026-04-20 16:42:06,178 ] StartDownload:  QUrl("http://127.0.0.1/images/store/13/Category_Cosmetics.png")
[ 2026-04-20 16:42:06,180 ] StartDownload:  QUrl("http://127.0.0.1/images/store/13/Category_Mounts.png")
[ 2026-04-20 16:42:06,181 ] StartDownload:  QUrl("http://127.0.0.1/images/store/13/Category_Outfits.png")
[ 2026-04-20 16:42:06,182 ] StartDownload:  QUrl("http://127.0.0.1/images/store/13/Category_HouseTools.png")
[ 2026-04-20 16:42:06,200 ] StartDownload:  QUrl("http://127.0.0.1/images/store/13/Category_Boosts.png")
[ 2026-04-20 16:42:06,202 ] StartDownload:  QUrl("http://127.0.0.1/images/store/13/Category_Extras.png")
[ 2026-04-20 16:42:06,204 ] StartDownload:  QUrl("http://127.0.0.1/images/store/13/Category_Tournament.png")
[ 2026-04-20 16:43:50,631 ] Connection to gameserver  "tcp://127.0.0.1:7172" "Crystal"  was disconnected ( "The remote host closed the connection" )
[ 2026-04-20 16:43:50,700 ] Disconnected from gameserver
[ 2026-04-20 16:46:54,489 ] Using spritesheet cache size of 910
[ 2026-04-20 16:46:54,546 ] Sound engine initialized with default sound device "Headphones (High Definition Audio Device)"
[ 2026-04-20 16:46:54,554 ] Switch used audio device to "Headphones (High Definition Audio Device)"
[ 2026-04-20 16:46:56,062 ] Asset loading complete
[ 2026-04-20 16:46:56,156 ] StartDownload:  QUrl("https://static.tibia.com/hints.json")
[ 2026-04-20 16:47:40,920 ] BattlEye: "Initialized (v1.249)"
[ 2026-04-20 16:47:40,920 ] BattlEye: "Restarting client is necessary, service isn't running properly"
[ 2026-04-20 16:47:40,920 ] BattlEye: "Restarting client is necessary, update required"
[ 2026-04-20 16:47:40,920 ] BattlEye: "Config entry: GameID tibia"
[ 2026-04-20 16:47:40,920 ] BattlEye: "Config entry: MasterPort 7171"
[ 2026-04-20 16:47:41,097 ] Request connection to gameserver  "tcp://127.0.0.1:7172"  (unprotected:  "tcp://127.0.0.1:7172" )  requested (Charakter "Detonator" )
[ 2026-04-20 16:47:41,123 ] Request connection to gameserver  "tcp://127.0.0.1:7172" "Crystal"
[ 2026-04-20 16:47:41,144 ] Connected to gameserver  "tcp://127.0.0.1:7172" "Crystal"
[ 2026-04-20 16:47:41,571 ] "updateOrCreateCreatureFromProtobuf: no creature with id 1342216557 found"
[ 2026-04-20 16:47:41,571 ] "updateOrCreateCreatureFromProtobuf: no creature with id 1342204464 found"
[ 2026-04-20 16:47:41,571 ] "updateOrCreateCreatureFromProtobuf: no creature with id 1342204465 found"
[ 2026-04-20 16:47:41,571 ] "updateOrCreateCreatureFromProtobuf: no creature with id 1342204466 found"
[ 2026-04-20 16:47:41,571 ] "updateOrCreateCreatureFromProtobuf: no creature with id 1342204467 found"
[ 2026-04-20 16:47:41,572 ] "updateOrCreateCreatureFromProtobuf: no creature with id 1342204522 found"
[ 2026-04-20 16:47:41,572 ] "updateOrCreateCreatureFromProtobuf: no creature with id 1342204523 found"
[ 2026-04-20 16:47:41,572 ] "updateOrCreateCreatureFromProtobuf: no creature with id 1342204567 found"
[ 2026-04-20 16:47:41,572 ] "updateOrCreateCreatureFromProtobuf: no creature with id 1342204568 found"
[ 2026-04-20 16:47:41,572 ] "updateOrCreateCreatureFromProtobuf: no creature with id 1342204569 found"
[ 2026-04-20 16:47:41,572 ] "updateOrCreateCreatureFromProtobuf: no creature with id 1342204577 found"
[ 2026-04-20 16:47:41,572 ] "updateOrCreateCreatureFromProtobuf: no creature with id 1342216618 found"
[ 2026-04-20 16:47:41,573 ] "updateOrCreateCreatureFromProtobuf: no creature with id 1342216619 found"
[ 2026-04-20 16:47:41,573 ] "updateOrCreateCreatureFromProtobuf: no creature with id 1342204570 found"
[ 2026-04-20 16:47:41,573 ] "updateOrCreateCreatureFromProtobuf: no creature with id 1342204571 found"
[ 2026-04-20 16:51:33,332 ] Connection to gameserver  "tcp://127.0.0.1:7172" "Crystal"  was disconnected ( "The remote host closed the connection" )
[ 2026-04-20 16:51:33,416 ] Disconnected from gameserver
[ 2026-04-24 19:18:40,765 ] Using spritesheet cache size of 910
[ 2026-04-24 19:18:40,813 ] Sound engine initialized with default sound device "Alto-falantes (Realtek High Definition Audio)"
[ 2026-04-24 19:18:40,825 ] Switch used audio device to "Alto-falantes (Realtek High Definition Audio)"
[ 2026-04-24 19:18:46,282 ] Asset loading complete
[ 2026-04-24 19:18:46,350 ] StartDownload:  QUrl("")
[ 2026-04-24 19:18:51,306 ] Using spritesheet cache size of 910
[ 2026-04-24 19:18:51,339 ] Sound engine initialized with default sound device "Alto-falantes (Realtek High Definition Audio)"
[ 2026-04-24 19:18:51,353 ] Switch used audio device to "Alto-falantes (Realtek High Definition Audio)"
[ 2026-04-24 19:18:52,443 ] Asset loading complete
[ 2026-04-24 19:18:52,475 ] StartDownload:  QUrl("")
[ 2026-04-24 19:19:06,100 ] BattlEye: "Initialized (v1.249)"
[ 2026-04-24 19:19:06,100 ] BattlEye: "Restarting client is necessary, service isn't running properly"
[ 2026-04-24 19:19:06,100 ] BattlEye: "Restarting client is necessary, update required"
[ 2026-04-24 19:19:06,100 ] BattlEye: "Config entry: GameID tibia"
[ 2026-04-24 19:19:06,100 ] BattlEye: "Config entry: MasterPort 7171"
[ 2026-04-24 19:19:06,192 ] Request connection to gameserver  "tcp://108.165.179.63:7172"  (unprotected:  "tcp://108.165.179.63:7172" )  requested (Charakter "[GOD] " )
[ 2026-04-24 19:19:06,205 ] Request connection to gameserver  "tcp://108.165.179.63:7172" "Global"
[ 2026-04-24 19:19:06,232 ] Connected to gameserver  "tcp://108.165.179.63:7172" "Global"
[ 2026-04-24 19:19:06,370 ] Error while processing network packet not enough bytes (1) available at position 63
[ 2026-04-24 19:19:06,370 ] "FDwAVGVtcGxlIHBvc2l0aW9uIGlzIHdyb25nLiBQbGVhc2UsIGNvbnRhY3QgdGhlIGFkbWluaXN0cmF0b3Iu"
[ 2026-04-24 19:19:06,733 ] Qt has caught an exception thrown from an event handler. Throwing
exceptions from an event handler is not supported in Qt.
You must not let any exception whatsoever propagate through Qt code.
[ 2026-04-24 19:28:23,679 ] Using spritesheet cache size of 910
[ 2026-04-24 19:28:23,728 ] Sound engine initialized with default sound device "Alto-falantes (Realtek High Definition Audio)"
[ 2026-04-24 19:28:23,733 ] Switch used audio device to "Alto-falantes (Realtek High Definition Audio)"
[ 2026-04-24 19:28:24,973 ] Asset loading complete
[ 2026-04-24 19:28:25,009 ] StartDownload:  QUrl("")
[ 2026-04-24 19:28:27,549 ] Uploading crash report failed: "Protocol \"\" is unknown"
[ 2026-04-24 19:28:31,557 ] BattlEye: "Initialized (v1.249)"
[ 2026-04-24 19:28:31,558 ] BattlEye: "Restarting client is necessary, service isn't running properly"
[ 2026-04-24 19:28:31,558 ] BattlEye: "Restarting client is necessary, update required"
[ 2026-04-24 19:28:31,558 ] BattlEye: "Config entry: GameID tibia"
[ 2026-04-24 19:28:31,558 ] BattlEye: "Config entry: MasterPort 7171"
[ 2026-04-24 19:28:31,639 ] Request connection to gameserver  "tcp://108.165.179.63:7172"  (unprotected:  "tcp://108.165.179.63:7172" )  requested (Charakter "[GOD] " )
[ 2026-04-24 19:28:31,651 ] Request connection to gameserver  "tcp://108.165.179.63:7172" "Global"
[ 2026-04-24 19:28:31,677 ] Connected to gameserver  "tcp://108.165.179.63:7172" "Global"
[ 2026-04-24 19:28:34,484 ] StartDownload:  QUrl("http://127.0.0.1/images/store/13/Category_PremiumTime.png")
[ 2026-04-24 19:28:34,493 ] StartDownload:  QUrl("http://127.0.0.1/images/store/13/Category_Consumables.png")
[ 2026-04-24 19:28:34,502 ] StartDownload:  QUrl("http://127.0.0.1/images/store/13/Category_Cosmetics.png")
[ 2026-04-24 19:28:34,508 ] StartDownload:  QUrl("http://127.0.0.1/images/store/13/Category_HouseTools.png")
[ 2026-04-24 19:28:34,515 ] StartDownload:  QUrl("http://127.0.0.1/images/store/13/Category_Boosts.png")
[ 2026-04-24 19:28:34,522 ] StartDownload:  QUrl("http://127.0.0.1/images/store/13/Category_Extras.png")
[ 2026-04-24 19:28:34,583 ] StartDownload:  QUrl("http://127.0.0.1/images/store/13/Category_Tournament.png")
[ 2026-04-24 19:28:34,589 ] StartDownload:  QUrl("http://127.0.0.1/images/store/64/Name_Change.png")
[ 2026-04-24 19:29:04,814 ] StartDownload:  QUrl("http://127.0.0.1/images/store/13/Category_PremiumTime.png")
[ 2026-04-24 19:29:04,815 ] StartDownload:  QUrl("http://127.0.0.1/images/store/13/Category_Consumables.png")
[ 2026-04-24 19:29:04,816 ] StartDownload:  QUrl("http://127.0.0.1/images/store/13/Category_Cosmetics.png")
[ 2026-04-24 19:29:04,817 ] StartDownload:  QUrl("http://127.0.0.1/images/store/13/Category_HouseTools.png")
[ 2026-04-24 19:29:04,818 ] StartDownload:  QUrl("http://127.0.0.1/images/store/13/Category_Boosts.png")
[ 2026-04-24 19:29:04,818 ] StartDownload:  QUrl("http://127.0.0.1/images/store/13/Category_Extras.png")
[ 2026-04-24 19:29:04,848 ] StartDownload:  QUrl("http://127.0.0.1/images/store/13/Category_Tournament.png")
[ 2026-04-24 19:29:04,849 ] StartDownload:  QUrl("http://127.0.0.1/images/store/64/Name_Change.png")
[ 2026-04-24 19:29:06,975 ] StartDownload:  QUrl("http://127.0.0.1/images/store/64/Name_Change.png")
[ 2026-04-24 19:29:06,990 ] StartDownload:  QUrl("http://127.0.0.1/images/store/13/Category_Tickets.png")
[ 2026-04-24 19:29:06,991 ] StartDownload:  QUrl("http://127.0.0.1/images/store/13/Category_ExclusiveOffers.png")
[ 2026-04-24 19:29:06,993 ] StartDownload:  QUrl("http://127.0.0.1/images/store/64/Tournament_Restricted.png")
[ 2026-04-24 19:29:07,997 ] QQuickPixmap: connectFinished() called when not loading.
[ 2026-04-24 19:29:07,997 ] QQuickPixmap: connectFinished() called when not loading.
[ 2026-04-24 19:29:07,997 ] QQuickPixmap: connectFinished() called when not loading.
[ 2026-04-24 19:29:07,998 ] QQuickPixmap: connectFinished() called when not loading.
[ 2026-04-24 19:29:09,504 ] QQuickPixmap: connectFinished() called when not loading.
[ 2026-04-24 19:29:09,504 ] QQuickPixmap: connectFinished() called when not loading.
[ 2026-04-24 19:29:09,504 ] QQuickPixmap: connectFinished() called when not loading.
[ 2026-04-24 19:29:09,504 ] QQuickPixmap: connectFinished() called when not loading.
[ 2026-04-24 19:29:09,522 ] StartDownload:  QUrl("http://127.0.0.1/images/store/13/Category_ExtraServices.png")
[ 2026-04-24 19:29:09,523 ] StartDownload:  QUrl("http://127.0.0.1/images/store/13/Category_UsefulThings.png")
[ 2026-04-24 19:29:09,533 ] QQuickPixmap: connectFinished() called when not loading.
[ 2026-04-24 19:29:09,533 ] QQuickPixmap: connectFinished() called when not loading.
[ 2026-04-24 19:29:09,536 ] StartDownload:  QUrl("http://127.0.0.1/images/store/64/Name_Change.png")
[ 2026-04-24 19:29:09,541 ] StartDownload:  QUrl("http://127.0.0.1/images/store/64/Sex_Change.png")
[ 2026-04-24 19:29:10,406 ] QQuickPixmap: connectFinished() called when not loading.
[ 2026-04-24 19:29:10,406 ] QQuickPixmap: connectFinished() called when not loading.
[ 2026-04-24 19:29:10,408 ] StartDownload:  QUrl("http://127.0.0.1/images/store/64/Name_Change.png")
[ 2026-04-24 19:29:10,419 ] StartDownload:  QUrl("http://127.0.0.1/images/store/64/XP_Boost.png")
[ 2026-04-24 19:29:11,302 ] QQuickPixmap: connectFinished() called when not loading.
[ 2026-04-24 19:29:11,302 ] QQuickPixmap: connectFinished() called when not loading.
[ 2026-04-24 19:29:11,305 ] StartDownload:  QUrl("http://127.0.0.1/images/store/64/XP_Boost.png")
[ 2026-04-24 19:29:11,309 ] StartDownload:  QUrl("http://127.0.0.1/images/store/13/Category_HouseDecorations.png")
[ 2026-04-24 19:29:11,309 ] StartDownload:  QUrl("http://127.0.0.1/images/store/13/Category_HouseFurniture.png")
[ 2026-04-24 19:29:11,309 ] StartDownload:  QUrl("http://127.0.0.1/images/store/13/Category_Beds.png")
[ 2026-04-24 19:29:11,310 ] StartDownload:  QUrl("http://127.0.0.1/images/store/13/Category_HouseUpgrades.png")
[ 2026-04-24 19:29:11,310 ] StartDownload:  QUrl("http://127.0.0.1/images/store/13/Category_HouseTools_NPCApprenticeships.png")
[ 2026-04-24 19:29:11,311 ] QQuickPixmap: connectFinished() called when not loading.
[ 2026-04-24 19:29:11,312 ] QQuickPixmap: connectFinished() called when not loading.
[ 2026-04-24 19:29:11,312 ] QQuickPixmap: connectFinished() called when not loading.
[ 2026-04-24 19:29:11,312 ] QQuickPixmap: connectFinished() called when not loading.
[ 2026-04-24 19:29:11,312 ] QQuickPixmap: connectFinished() called when not loading.
[ 2026-04-24 19:29:12,331 ] StartDownload:  QUrl("http://127.0.0.1/images/store/13/Category_HouseTools_NPCDresses.png")
[ 2026-04-24 19:29:12,332 ] StartDownload:  QUrl("http://127.0.0.1/images/store/13/Category_HouseFurniture.png")
[ 2026-04-24 19:29:12,612 ] QQuickPixmap: connectFinished() called when not loading.
[ 2026-04-24 19:29:12,612 ] QQuickPixmap: connectFinished() called when not loading.
[ 2026-04-24 19:29:12,613 ] QQuickPixmap: connectFinished() called when not loading.
[ 2026-04-24 19:29:12,613 ] QQuickPixmap: connectFinished() called when not loading.
[ 2026-04-24 19:29:12,613 ] QQuickPixmap: connectFinished() called when not loading.
[ 2026-04-24 19:29:12,626 ] StartDownload:  QUrl("http://127.0.0.1/images/store/13/Category_HouseDecorations.png")
[ 2026-04-24 19:29:12,852 ] StartDownload:  QUrl("http://127.0.0.1/images/store/13/Category_Beds.png")
[ 2026-04-24 19:29:13,078 ] QQuickPixmap: connectFinished() called when not loading.
[ 2026-04-24 19:29:13,079 ] QQuickPixmap: connectFinished() called when not loading.
[ 2026-04-24 19:29:13,079 ] QQuickPixmap: connectFinished() called when not loading.
[ 2026-04-24 19:29:13,079 ] QQuickPixmap: connectFinished() called when not loading.
[ 2026-04-24 19:29:13,079 ] QQuickPixmap: connectFinished() called when not loading.
[ 2026-04-24 19:29:13,093 ] QQuickPixmap: connectFinished() called when not loading.
[ 2026-04-24 19:29:13,097 ] StartDownload:  QUrl("http://127.0.0.1/images/store/64/Flower_Bed.png")
[ 2026-04-24 19:29:13,101 ] StartDownload:  QUrl("http://127.0.0.1/images/store/64/Grandiose_Bed.png")
[ 2026-04-24 19:29:13,332 ] StartDownload:  QUrl("http://127.0.0.1/images/store/64/Homely_Bed.png")
[ 2026-04-24 19:29:13,333 ] StartDownload:  QUrl("http://127.0.0.1/images/store/64/Knightly_Bed.png")
[ 2026-04-24 19:29:13,643 ] StartDownload:  QUrl("http://127.0.0.1/images/store/64/Kraken_Bed.png")
[ 2026-04-24 19:29:13,848 ] StartDownload:  QUrl("http://127.0.0.1/images/store/64/Log_Bed.png")
[ 2026-04-24 19:29:14,003 ] QQuickPixmap: connectFinished() called when not loading.
[ 2026-04-24 19:29:14,003 ] QQuickPixmap: connectFinished() called when not loading.
[ 2026-04-24 19:29:14,004 ] QQuickPixmap: connectFinished() called when not loading.
[ 2026-04-24 19:29:14,004 ] QQuickPixmap: connectFinished() called when not loading.
[ 2026-04-24 19:29:14,004 ] QQuickPixmap: connectFinished() called when not loading.
[ 2026-04-24 19:29:14,005 ] QQuickPixmap: connectFinished() called when not loading.
[ 2026-04-24 19:29:14,110 ] StartDownload:  QUrl("http://127.0.0.1/images/store/64/Magnificent_Bed.png")
[ 2026-04-24 19:29:14,111 ] StartDownload:  QUrl("http://127.0.0.1/images/store/64/Opulent_Kline.png")
[ 2026-04-24 19:29:14,328 ] StartDownload:  QUrl("http://127.0.0.1/images/store/64/Ornate_Bed.png")
[ 2026-04-24 19:29:14,329 ] StartDownload:  QUrl("http://127.0.0.1/images/store/13/Category_HouseUpgrades.png")
[ 2026-04-24 19:29:14,493 ] QQuickPixmap: connectFinished() called when not loading.
[ 2026-04-24 19:29:14,494 ] QQuickPixmap: connectFinished() called when not loading.
[ 2026-04-24 19:29:14,494 ] QQuickPixmap: connectFinished() called when not loading.
[ 2026-04-24 19:29:14,494 ] QQuickPixmap: connectFinished() called when not loading.
[ 2026-04-24 19:29:14,494 ] QQuickPixmap: connectFinished() called when not loading.
[ 2026-04-24 19:29:14,495 ] QQuickPixmap: connectFinished() called when not loading.
[ 2026-04-24 19:29:14,510 ] QQuickPixmap: connectFinished() called when not loading.
[ 2026-04-24 19:29:14,541 ] StartDownload:  QUrl("http://127.0.0.1/images/store/13/Category_Beds.png")
[ 2026-04-24 19:29:14,541 ] StartDownload:  QUrl("http://127.0.0.1/images/store/13/Category_HouseTools_NPCApprenticeships.png")
[ 2026-04-24 19:29:14,542 ] StartDownload:  QUrl("http://127.0.0.1/images/store/64/Hireling_Banker.png")
[ 2026-04-24 19:29:14,542 ] StartDownload:  QUrl("http://127.0.0.1/images/store/64/Hireling_Cook.png")
[ 2026-04-24 19:29:14,543 ] StartDownload:  QUrl("http://127.0.0.1/images/store/64/Hireling_Male.png")
[ 2026-04-24 19:29:14,543 ] StartDownload:  QUrl("http://127.0.0.1/images/store/64/Hireling_Steward.png")
[ 2026-04-24 19:29:14,903 ] QQuickPixmap: connectFinished() called when not loading.
[ 2026-04-24 19:29:14,904 ] QQuickPixmap: connectFinished() called when not loading.
[ 2026-04-24 19:29:14,904 ] QQuickPixmap: connectFinished() called when not loading.
[ 2026-04-24 19:29:14,905 ] QQuickPixmap: connectFinished() called when not loading.
[ 2026-04-24 19:29:14,905 ] QQuickPixmap: connectFinished() called when not loading.
[ 2026-04-24 19:29:14,906 ] QQuickPixmap: connectFinished() called when not loading.
[ 2026-04-24 19:29:14,906 ] QQuickPixmap: connectFinished() called when not loading.
[ 2026-04-24 19:29:14,920 ] QQuickPixmap: connectFinished() called when not loading.
[ 2026-04-24 19:29:15,399 ] StartDownload:  QUrl("http://127.0.0.1/images/store/64/Hireling_Trader.png")
[ 2026-04-24 19:29:15,400 ] StartDownload:  QUrl("http://127.0.0.1/images/store/13/Category_HouseTools_NPCDresses.png")
[ 2026-04-24 19:29:15,400 ] StartDownload:  QUrl("http://127.0.0.1/images/store/64/Hireling_Bonelord.png")
[ 2026-04-24 19:29:15,401 ] StartDownload:  QUrl("http://127.0.0.1/images/store/64/Hireling_Dragon.png")
[ 2026-04-24 19:29:15,401 ] StartDownload:  QUrl("http://127.0.0.1/images/store/64/Hireling_Ferumbras.png")
[ 2026-04-24 19:29:15,401 ] StartDownload:  QUrl("http://127.0.0.1/images/store/64/Hireling_Hydra.png")
[ 2026-04-24 19:29:15,564 ] QQuickPixmap: connectFinished() called when not loading.
[ 2026-04-24 19:29:15,565 ] QQuickPixmap: connectFinished() called when not loading.
[ 2026-04-24 19:29:15,585 ] QQuickPixmap: connectFinished() called when not loading.
[ 2026-04-24 19:29:15,585 ] QQuickPixmap: connectFinished() called when not loading.
[ 2026-04-24 19:29:16,393 ] StartDownload:  QUrl("http://127.0.0.1/images/store/64/Hireling_Servant.png")
[ 2026-04-24 19:29:16,394 ] StartDownload:  QUrl("http://127.0.0.1/images/store/64/Hireling_Banker.png")
[ 2026-04-24 19:29:16,394 ] StartDownload:  QUrl("http://127.0.0.1/images/store/64/Hireling_Cook.png")
[ 2026-04-24 19:29:16,394 ] StartDownload:  QUrl("http://127.0.0.1/images/store/13/Category_Mounts.png")
[ 2026-04-24 19:29:16,403 ] StartDownload:  QUrl("http://127.0.0.1/images/store/13/Category_Outfits.png")
[ 2026-04-24 19:29:16,834 ] QQuickPixmap: connectFinished() called when not loading.
[ 2026-04-24 19:29:16,834 ] QQuickPixmap: connectFinished() called when not loading.
[ 2026-04-24 19:29:16,847 ] StartDownload:  QUrl("http://127.0.0.1/images/store/13/Category_Blessings.png")
[ 2026-04-24 19:29:16,848 ] StartDownload:  QUrl("http://127.0.0.1/images/store/13/Category_Casks.png")
[ 2026-04-24 19:29:16,848 ] StartDownload:  QUrl("http://127.0.0.1/images/store/13/Category_ExerciseWeapons.png")
[ 2026-04-24 19:29:16,853 ] QQuickPixmap: connectFinished() called when not loading.
[ 2026-04-24 19:29:16,853 ] QQuickPixmap: connectFinished() called when not loading.
[ 2026-04-24 19:29:17,408 ] StartDownload:  QUrl("http://127.0.0.1/images/store/13/Category_Kegs.png")
[ 2026-04-24 19:29:17,409 ] StartDownload:  QUrl("http://127.0.0.1/images/store/13/Category_Potions.png")
[ 2026-04-24 19:29:17,410 ] StartDownload:  QUrl("http://127.0.0.1/images/store/13/Category_Runes.png")
[ 2026-04-24 19:29:17,877 ] StartDownload:  QUrl("http://127.0.0.1/images/store/64/All_PvE_Blessings.png")
[ 2026-04-24 19:29:17,878 ] StartDownload:  QUrl("http://127.0.0.1/images/store/64/Blood_of_the_Mountain.png")
[ 2026-04-24 19:29:17,878 ] StartDownload:  QUrl("http://127.0.0.1/images/store/64/Death_Redemption.png")
[ 2026-04-24 19:29:18,410 ] StartDownload:  QUrl("http://127.0.0.1/images/store/64/Heart_of_the_Mountain.png")
[ 2026-04-24 19:29:18,411 ] StartDownload:  QUrl("http://127.0.0.1/images/store/64/Embrace_of_Tibia.png")
[ 2026-04-24 19:29:18,411 ] StartDownload:  QUrl("http://127.0.0.1/images/store/64/Fire_of_the_Suns.png")
[ 2026-04-24 19:29:18,620 ] StartDownload:  QUrl("http://127.0.0.1/images/store/64/Spark_of_the_Phoenix.png")
[ 2026-04-24 19:29:18,621 ] StartDownload:  QUrl("http://127.0.0.1/images/store/64/Spiritual_Shielding.png")
[ 2026-04-24 19:29:18,621 ] StartDownload:  QUrl("http://127.0.0.1/images/store/64/Wisdom_of_Solitude.png")
[ 2026-04-24 19:30:18,536 ] Connection to gameserver  "tcp://108.165.179.63:7172" "Global"  was disconnected ( "The remote host closed the connection" )
[ 2026-04-24 19:30:18,539 ] StartDownload:  QUrl("")
[ 2026-04-24 19:30:18,579 ] Disconnected from gameserver
[ 2026-04-24 19:31:36,834 ] Request connection to gameserver  "tcp://108.165.179.63:7172"  (unprotected:  "tcp://108.165.179.63:7172" )  requested (Charakter "[GOD] " )
[ 2026-04-24 19:31:36,835 ] Request connection to gameserver  "tcp://108.165.179.63:7172" "Global"
[ 2026-04-24 19:31:36,863 ] Connected to gameserver  "tcp://108.165.179.63:7172" "Global"
[ 2026-04-24 19:31:36,947 ] Error while processing network packet not enough bytes (1) available at position 63
[ 2026-04-24 19:31:36,947 ] "FDwAVGVtcGxlIHBvc2l0aW9uIGlzIHdyb25nLiBQbGVhc2UsIGNvbnRhY3QgdGhlIGFkbWluaXN0cmF0b3Iu"
[ 2026-04-24 19:31:37,103 ] Qt has caught an exception thrown from an event handler. Throwing
exceptions from an event handler is not supported in Qt.
You must not let any exception whatsoever propagate through Qt code.
[ 2026-04-24 19:33:04,811 ] Using spritesheet cache size of 910
[ 2026-04-24 19:33:04,858 ] Sound engine initialized with default sound device "Alto-falantes (Realtek High Definition Audio)"
[ 2026-04-24 19:33:04,864 ] Switch used audio device to "Alto-falantes (Realtek High Definition Audio)"
[ 2026-04-24 19:33:05,698 ] Asset loading complete
[ 2026-04-24 19:33:05,718 ] StartDownload:  QUrl("")
[ 2026-04-24 19:33:07,818 ] Uploading crash report failed: "Protocol \"\" is unknown"
[ 2026-04-24 19:33:10,618 ] BattlEye: "Initialized (v1.249)"
[ 2026-04-24 19:33:10,619 ] BattlEye: "Restarting client is necessary, service isn't running properly"
[ 2026-04-24 19:33:10,619 ] BattlEye: "Restarting client is necessary, update required"
[ 2026-04-24 19:33:10,619 ] BattlEye: "Config entry: GameID tibia"
[ 2026-04-24 19:33:10,619 ] BattlEye: "Config entry: MasterPort 7171"
[ 2026-04-24 19:33:10,699 ] Request connection to gameserver  "tcp://108.165.179.63:7172"  (unprotected:  "tcp://108.165.179.63:7172" )  requested (Charakter "[GOD] " )
[ 2026-04-24 19:33:10,703 ] Request connection to gameserver  "tcp://108.165.179.63:7172" "Global"
[ 2026-04-24 19:33:10,728 ] Connected to gameserver  "tcp://108.165.179.63:7172" "Global"
[ 2026-04-24 19:33:11,023 ] "updateOrCreateCreatureFromProtobuf: no creature with id 1342203881 found"
[ 2026-04-24 19:33:11,023 ] "updateOrCreateCreatureFromProtobuf: no creature with id 1342203884 found"
[ 2026-04-24 19:33:11,023 ] "updateOrCreateCreatureFromProtobuf: no creature with id 1342203885 found"
[ 2026-04-24 19:33:11,023 ] "updateOrCreateCreatureFromProtobuf: no creature with id 1342203886 found"
[ 2026-04-24 19:33:11,024 ] "updateOrCreateCreatureFromProtobuf: no creature with id 1342203929 found"
[ 2026-04-24 19:33:11,024 ] "updateOrCreateCreatureFromProtobuf: no creature with id 1342215636 found"
[ 2026-04-24 19:33:11,024 ] "updateOrCreateCreatureFromProtobuf: no creature with id 1342203919 found"
[ 2026-04-24 19:33:11,024 ] "updateOrCreateCreatureFromProtobuf: no creature with id 1342203930 found"
[ 2026-04-24 19:33:11,024 ] "updateOrCreateCreatureFromProtobuf: no creature with id 1342203973 found"
[ 2026-04-24 19:33:11,024 ] "updateOrCreateCreatureFromProtobuf: no creature with id 1342215637 found"
[ 2026-04-24 19:33:13,798 ] StartDownload:  QUrl("http://127.0.0.1/images/store/13/Category_PremiumTime.png")
[ 2026-04-24 19:33:13,801 ] StartDownload:  QUrl("http://127.0.0.1/images/store/13/Category_Consumables.png")
[ 2026-04-24 19:33:13,801 ] StartDownload:  QUrl("http://127.0.0.1/images/store/13/Category_Cosmetics.png")
[ 2026-04-24 19:33:13,802 ] StartDownload:  QUrl("http://127.0.0.1/images/store/13/Category_HouseTools.png")
[ 2026-04-24 19:33:13,803 ] StartDownload:  QUrl("http://127.0.0.1/images/store/13/Category_Boosts.png")
[ 2026-04-24 19:33:13,803 ] StartDownload:  QUrl("http://127.0.0.1/images/store/13/Category_Extras.png")
[ 2026-04-24 19:33:13,841 ] StartDownload:  QUrl("http://127.0.0.1/images/store/13/Category_Tournament.png")
[ 2026-04-24 19:33:13,842 ] StartDownload:  QUrl("http://127.0.0.1/images/store/64/Name_Change.png")
[ 2026-04-24 19:51:35,667 ] Using spritesheet cache size of 910
[ 2026-04-24 19:51:35,807 ] Sound engine initialized with default sound device "Alto-falantes (Realtek High Definition Audio)"
[ 2026-04-24 19:51:35,816 ] Switch used audio device to "Alto-falantes (Realtek High Definition Audio)"
[ 2026-04-24 19:51:37,611 ] Asset loading complete
[ 2026-04-24 19:51:37,702 ] StartDownload:  QUrl("")
[ 2026-04-24 19:51:50,957 ] BattlEye: "Initialized (v1.249)"
[ 2026-04-24 19:51:50,957 ] BattlEye: "Restarting client is necessary, service isn't running properly"
[ 2026-04-24 19:51:50,957 ] BattlEye: "Restarting client is necessary, update required"
[ 2026-04-24 19:51:50,958 ] BattlEye: "Config entry: GameID tibia"
[ 2026-04-24 19:51:50,958 ] BattlEye: "Config entry: MasterPort 7171"
[ 2026-04-24 19:51:51,196 ] Request connection to gameserver  "tcp://108.165.179.63:7172"  (unprotected:  "tcp://108.165.179.63:7172" )  requested (Charakter "Creatina" )
[ 2026-04-24 19:51:51,220 ] Request connection to gameserver  "tcp://108.165.179.63:7172" "Global"
[ 2026-04-24 19:51:51,246 ] Connected to gameserver  "tcp://108.165.179.63:7172" "Global"
[ 2026-04-24 19:51:51,601 ] "updateOrCreateCreatureFromProtobuf: no creature with id 1342203927 found"
[ 2026-04-24 19:51:51,602 ] "updateOrCreateCreatureFromProtobuf: no creature with id 1342215623 found"
[ 2026-04-24 19:51:51,602 ] "updateOrCreateCreatureFromProtobuf: no creature with id 1342215624 found"
[ 2026-04-24 19:51:51,602 ] "updateOrCreateCreatureFromProtobuf: no creature with id 1342193252 found"
[ 2026-04-24 19:51:51,602 ] "updateOrCreateCreatureFromProtobuf: no creature with id 1342203928 found"
[ 2026-04-24 19:51:51,602 ] "updateOrCreateCreatureFromProtobuf: no creature with id 1342203929 found"
[ 2026-04-24 19:51:51,602 ] "updateOrCreateCreatureFromProtobuf: no creature with id 1342215663 found"
[ 2026-04-24 19:51:51,602 ] "updateOrCreateCreatureFromProtobuf: no creature with id 1342215662 found"
[ 2026-04-24 19:51:51,602 ] "updateOrCreateCreatureFromProtobuf: no creature with id 1342215664 found"
[ 2026-04-24 19:51:51,602 ] "updateOrCreateCreatureFromProtobuf: no creature with id 1342215665 found"
[ 2026-04-24 19:52:47,039 ] "updateOrCreateCreatureFromProtobuf: no creature with id 1342203927 found"
[ 2026-04-24 19:52:47,039 ] "updateOrCreateCreatureFromProtobuf: no creature with id 1342215622 found"
[ 2026-04-24 19:52:47,039 ] "updateOrCreateCreatureFromProtobuf: no creature with id 1342215623 found"
[ 2026-04-24 19:52:47,039 ] "updateOrCreateCreatureFromProtobuf: no creature with id 1342215624 found"
[ 2026-04-24 19:52:47,040 ] "updateOrCreateCreatureFromProtobuf: no creature with id 1342193252 found"
[ 2026-04-24 19:52:47,040 ] "updateOrCreateCreatureFromProtobuf: no creature with id 1342203928 found"
[ 2026-04-24 19:52:47,040 ] "updateOrCreateCreatureFromProtobuf: no creature with id 1342203929 found"
[ 2026-04-24 19:52:47,040 ] "updateOrCreateCreatureFromProtobuf: no creature with id 1342215663 found"
[ 2026-04-24 19:52:47,040 ] "updateOrCreateCreatureFromProtobuf: no creature with id 1342215664 found"
[ 2026-04-24 19:52:47,040 ] "updateOrCreateCreatureFromProtobuf: no creature with id 1342215665 found"
[ 2026-04-24 19:52:47,040 ] "updateOrCreateCreatureFromProtobuf: no creature with id 1342215662 found"
[ 2026-04-24 19:52:54,694 ] Connection to gameserver  "tcp://108.165.179.63:7172" "Global"  was disconnected ( "The remote host closed the connection" )
[ 2026-04-24 19:52:54,694 ] StartDownload:  QUrl("")
[ 2026-04-24 19:52:54,799 ] Disconnected from gameserver
[ 2026-04-24 19:52:55,771 ] Request connection to gameserver  "tcp://108.165.179.63:7172"  (unprotected:  "tcp://108.165.179.63:7172" )  requested (Charakter "Creatina" )
[ 2026-04-24 19:52:55,776 ] Request connection to gameserver  "tcp://108.165.179.63:7172" "Global"
[ 2026-04-24 19:52:55,803 ] Connected to gameserver  "tcp://108.165.179.63:7172" "Global"
[ 2026-04-24 19:52:56,235 ] "updateOrCreateCreatureFromProtobuf: no creature with id 1342203927 found"
[ 2026-04-24 19:52:56,235 ] "updateOrCreateCreatureFromProtobuf: no creature with id 1342215621 found"
[ 2026-04-24 19:52:56,235 ] "updateOrCreateCreatureFromProtobuf: no creature with id 1342215622 found"
[ 2026-04-24 19:52:56,236 ] "updateOrCreateCreatureFromProtobuf: no creature with id 1342215623 found"
[ 2026-04-24 19:52:56,236 ] "updateOrCreateCreatureFromProtobuf: no creature with id 1342215624 found"
[ 2026-04-24 19:52:56,236 ] "updateOrCreateCreatureFromProtobuf: no creature with id 1342203928 found"
[ 2026-04-24 19:52:56,236 ] "updateOrCreateCreatureFromProtobuf: no creature with id 1342203993 found"
[ 2026-04-24 19:52:56,236 ] "updateOrCreateCreatureFromProtobuf: no creature with id 1342215663 found"
[ 2026-04-24 19:52:56,236 ] "updateOrCreateCreatureFromProtobuf: no creature with id 1342215664 found"
[ 2026-04-24 19:52:56,236 ] "updateOrCreateCreatureFromProtobuf: no creature with id 1342215665 found"
[ 2026-04-24 19:52:56,236 ] "updateOrCreateCreatureFromProtobuf: no creature with id 1342215662 found"
[ 2026-04-24 19:53:01,543 ] Connection to gameserver  "tcp://108.165.179.63:7172" "Global"  was disconnected ( "The remote host closed the connection" )
[ 2026-04-24 19:53:01,550 ] StartDownload:  QUrl("")
[ 2026-04-24 19:53:01,674 ] Disconnected from gameserver
[ 2026-04-24 19:58:19,655 ] Request connection to gameserver  "tcp://108.165.179.63:7172"  (unprotected:  "tcp://108.165.179.63:7172" )  requested (Charakter "Creatina" )
[ 2026-04-24 19:58:19,657 ] Request connection to gameserver  "tcp://108.165.179.63:7172" "Global"
[ 2026-04-24 19:58:23,994 ] Connection to gameserver  "tcp://108.165.179.63:7172" "Global"  was disconnected ( "Connection refused" )
[ 2026-04-24 19:58:24,994 ] Request connection to gameserver  "tcp://108.165.179.63:7172" "Global"
[ 2026-04-24 19:58:29,294 ] Connection to gameserver  "tcp://108.165.179.63:7172" "Global"  was disconnected ( "Connection refused" )
[ 2026-04-24 19:58:29,298 ] StartDownload:  QUrl("")
[ 2026-04-24 19:58:29,299 ] Disconnected from gameserver
[ 2026-04-24 19:58:30,491 ] Request connection to gameserver  "tcp://108.165.179.63:7172"  (unprotected:  "tcp://108.165.179.63:7172" )  requested (Charakter "Creatina" )
[ 2026-04-24 19:58:30,492 ] Request connection to gameserver  "tcp://108.165.179.63:7172" "Global"
[ 2026-04-24 19:58:34,794 ] Connection to gameserver  "tcp://108.165.179.63:7172" "Global"  was disconnected ( "Connection refused" )
[ 2026-04-24 19:58:35,793 ] Request connection to gameserver  "tcp://108.165.179.63:7172" "Global"
[ 2026-04-24 19:58:40,143 ] Connection to gameserver  "tcp://108.165.179.63:7172" "Global"  was disconnected ( "Connection refused" )
[ 2026-04-24 19:58:40,145 ] StartDownload:  QUrl("")
[ 2026-04-24 19:58:40,145 ] Disconnected from gameserver
[ 2026-04-24 19:58:41,336 ] Request connection to gameserver  "tcp://108.165.179.63:7172"  (unprotected:  "tcp://108.165.179.63:7172" )  requested (Charakter "Creatina" )
[ 2026-04-24 19:58:41,336 ] Request connection to gameserver  "tcp://108.165.179.63:7172" "Global"
[ 2026-04-24 19:58:45,644 ] Connection to gameserver  "tcp://108.165.179.63:7172" "Global"  was disconnected ( "Connection refused" )
[ 2026-04-24 19:58:46,693 ] Request connection to gameserver  "tcp://108.165.179.63:7172" "Global"
[ 2026-04-24 19:58:51,051 ] Connection to gameserver  "tcp://108.165.179.63:7172" "Global"  was disconnected ( "Connection refused" )
[ 2026-04-24 19:58:51,054 ] StartDownload:  QUrl("")
[ 2026-04-24 19:58:51,054 ] Disconnected from gameserver
[ 2026-04-24 19:58:52,240 ] Request connection to gameserver  "tcp://108.165.179.63:7172"  (unprotected:  "tcp://108.165.179.63:7172" )  requested (Charakter "Creatina" )
[ 2026-04-24 19:58:52,242 ] Request connection to gameserver  "tcp://108.165.179.63:7172" "Global"
[ 2026-04-24 19:58:56,593 ] Connection to gameserver  "tcp://108.165.179.63:7172" "Global"  was disconnected ( "Connection refused" )
[ 2026-04-24 19:58:57,594 ] Request connection to gameserver  "tcp://108.165.179.63:7172" "Global"
[ 2026-04-24 19:59:01,944 ] Connection to gameserver  "tcp://108.165.179.63:7172" "Global"  was disconnected ( "Connection refused" )
[ 2026-04-24 19:59:01,947 ] StartDownload:  QUrl("")
[ 2026-04-24 19:59:01,947 ] Disconnected from gameserver
[ 2026-04-24 19:59:04,218 ] Request connection to gameserver  "tcp://108.165.179.63:7172"  (unprotected:  "tcp://108.165.179.63:7172" )  requested (Charakter "Creatina" )
[ 2026-04-24 19:59:04,220 ] Request connection to gameserver  "tcp://108.165.179.63:7172" "Global"
[ 2026-04-24 19:59:08,544 ] Connection to gameserver  "tcp://108.165.179.63:7172" "Global"  was disconnected ( "Connection refused" )
[ 2026-04-24 19:59:09,594 ] Request connection to gameserver  "tcp://108.165.179.63:7172" "Global"
[ 2026-04-24 19:59:13,944 ] Connection to gameserver  "tcp://108.165.179.63:7172" "Global"  was disconnected ( "Connection refused" )
[ 2026-04-24 19:59:13,947 ] StartDownload:  QUrl("")
[ 2026-04-24 19:59:13,948 ] Disconnected from gameserver
[ 2026-04-24 19:59:18,410 ] Request connection to gameserver  "tcp://108.165.179.63:7172"  (unprotected:  "tcp://108.165.179.63:7172" )  requested (Charakter "Creatina" )
[ 2026-04-24 19:59:18,412 ] Request connection to gameserver  "tcp://108.165.179.63:7172" "Global"
[ 2026-04-24 19:59:22,743 ] Connection to gameserver  "tcp://108.165.179.63:7172" "Global"  was disconnected ( "Connection refused" )
[ 2026-04-24 19:59:23,743 ] Request connection to gameserver  "tcp://108.165.179.63:7172" "Global"
[ 2026-04-24 19:59:28,093 ] Connection to gameserver  "tcp://108.165.179.63:7172" "Global"  was disconnected ( "Connection refused" )
[ 2026-04-24 19:59:28,095 ] StartDownload:  QUrl("")
[ 2026-04-24 19:59:28,096 ] Disconnected from gameserver
[ 2026-04-24 19:59:33,806 ] Request connection to gameserver  "tcp://108.165.179.63:7172"  (unprotected:  "tcp://108.165.179.63:7172" )  requested (Charakter "Creatina" )
[ 2026-04-24 19:59:33,808 ] Request connection to gameserver  "tcp://108.165.179.63:7172" "Global"
[ 2026-04-24 19:59:38,143 ] Connection to gameserver  "tcp://108.165.179.63:7172" "Global"  was disconnected ( "Connection refused" )
[ 2026-04-24 19:59:39,143 ] Request connection to gameserver  "tcp://108.165.179.63:7172" "Global"
[ 2026-04-24 19:59:43,493 ] Connection to gameserver  "tcp://108.165.179.63:7172" "Global"  was disconnected ( "Connection refused" )
[ 2026-04-24 19:59:43,496 ] StartDownload:  QUrl("")
[ 2026-04-24 19:59:43,497 ] Disconnected from gameserver
[ 2026-04-24 19:59:49,044 ] Request connection to gameserver  "tcp://108.165.179.63:7172"  (unprotected:  "tcp://108.165.179.63:7172" )  requested (Charakter "Creatina" )
[ 2026-04-24 19:59:49,054 ] Request connection to gameserver  "tcp://108.165.179.63:7172" "Global"
[ 2026-04-24 19:59:53,394 ] Connection to gameserver  "tcp://108.165.179.63:7172" "Global"  was disconnected ( "Connection refused" )
[ 2026-04-24 19:59:54,393 ] Request connection to gameserver  "tcp://108.165.179.63:7172" "Global"
[ 2026-04-24 19:59:58,743 ] Connection to gameserver  "tcp://108.165.179.63:7172" "Global"  was disconnected ( "Connection refused" )
[ 2026-04-24 19:59:58,747 ] StartDownload:  QUrl("")
[ 2026-04-24 19:59:58,748 ] Disconnected from gameserver
[ 2026-04-24 20:00:04,425 ] Request connection to gameserver  "tcp://108.165.179.63:7172"  (unprotected:  "tcp://108.165.179.63:7172" )  requested (Charakter "Creatina" )
[ 2026-04-24 20:00:04,428 ] Request connection to gameserver  "tcp://108.165.179.63:7172" "Global"
[ 2026-04-24 20:00:08,794 ] Connection to gameserver  "tcp://108.165.179.63:7172" "Global"  was disconnected ( "Connection refused" )
[ 2026-04-24 20:00:09,794 ] Request connection to gameserver  "tcp://108.165.179.63:7172" "Global"
[ 2026-04-24 20:00:14,143 ] Connection to gameserver  "tcp://108.165.179.63:7172" "Global"  was disconnected ( "Connection refused" )
[ 2026-04-24 20:00:14,147 ] StartDownload:  QUrl("")
[ 2026-04-24 20:00:14,149 ] Disconnected from gameserver
[ 2026-04-24 20:00:19,890 ] Request connection to gameserver  "tcp://108.165.179.63:7172"  (unprotected:  "tcp://108.165.179.63:7172" )  requested (Charakter "Creatina" )
[ 2026-04-24 20:00:19,891 ] Request connection to gameserver  "tcp://108.165.179.63:7172" "Global"
[ 2026-04-24 20:00:24,244 ] Connection to gameserver  "tcp://108.165.179.63:7172" "Global"  was disconnected ( "Connection refused" )
[ 2026-04-24 20:00:25,243 ] Request connection to gameserver  "tcp://108.165.179.63:7172" "Global"
[ 2026-04-24 20:00:29,594 ] Connection to gameserver  "tcp://108.165.179.63:7172" "Global"  was disconnected ( "Connection refused" )
[ 2026-04-24 20:00:29,599 ] StartDownload:  QUrl("")
[ 2026-04-24 20:00:29,664 ] Disconnected from gameserver
[ 2026-04-24 21:05:20,087 ] Retrying to obtain clipboard.
[ 2026-04-24 21:11:01,478 ] Didn't send news query with params (HighPotential: false Returner: true MaxKnownEditDate: 1590979202 ) (URL: QUrl("http://108.165.179.63/login.php") ) due to too many retries.
[ 2026-04-25 17:58:57,360 ] Using spritesheet cache size of 910
[ 2026-04-25 17:58:57,469 ] Sound engine initialized with default sound device "Alto-falantes (Realtek High Definition Audio)"
[ 2026-04-25 17:58:57,479 ] Switch used audio device to "Alto-falantes (Realtek High Definition Audio)"
[ 2026-04-25 17:59:03,511 ] Asset loading complete
[ 2026-04-25 17:59:03,760 ] StartDownload:  QUrl("")
[ 2026-04-27 18:06:34,912 ] Using spritesheet cache size of 910
[ 2026-04-27 18:06:37,657 ] Sound engine initialized with default sound device "Alto-falantes (2- USB Audio Device)"
[ 2026-04-27 18:06:37,657 ] Sound engine initialized with default sound device "Alto-falantes (2- USB Audio Device)"
[ 2026-04-27 18:06:37,671 ] Switch used audio device to "Alto-falantes (2- USB Audio Device)"
[ 2026-04-27 18:06:40,895 ] StartDownload:  QUrl("")
[ 2026-04-27 18:06:40,896 ] StartDownload:  QUrl("")
[ 2026-04-27 18:06:49,520 ] Asset loading complete
[ 2026-04-27 18:06:49,520 ] Asset loading complete
[ 2026-04-27 18:07:21,696 ] BattlEye: "Initialized (v1.249)"
[ 2026-04-27 18:07:21,696 ] BattlEye: "Restarting client is necessary, service isn't running properly"
[ 2026-04-27 18:07:21,696 ] BattlEye: "Restarting client is necessary, update required"
[ 2026-04-27 18:07:21,696 ] BattlEye: "Config entry: GameID tibia"
[ 2026-04-27 18:07:21,696 ] BattlEye: "Config entry: MasterPort 7171"
[ 2026-04-27 18:07:21,775 ] Request connection to gameserver  "tcp://108.165.179.63:7172"  (unprotected:  "tcp://108.165.179.63:7172" )  requested (Charakter "Creatina" )
[ 2026-04-27 18:07:21,809 ] Request connection to gameserver  "tcp://108.165.179.63:7172" "Global"
[ 2026-04-27 18:07:26,095 ] Connection to gameserver  "tcp://108.165.179.63:7172" "Global"  was disconnected ( "Connection refused" )
[ 2026-04-27 18:07:27,095 ] Request connection to gameserver  "tcp://108.165.179.63:7172" "Global"
[ 2026-04-27 18:07:31,396 ] Connection to gameserver  "tcp://108.165.179.63:7172" "Global"  was disconnected ( "Connection refused" )
[ 2026-04-27 18:07:31,403 ] StartDownload:  QUrl("")
[ 2026-04-27 18:07:31,404 ] Disconnected from gameserver
[ 2026-04-27 18:07:32,703 ] Request connection to gameserver  "tcp://108.165.179.63:7172"  (unprotected:  "tcp://108.165.179.63:7172" )  requested (Charakter "Creatina" )
[ 2026-04-27 18:07:32,704 ] Request connection to gameserver  "tcp://108.165.179.63:7172" "Global"
[ 2026-04-27 18:07:36,996 ] Connection to gameserver  "tcp://108.165.179.63:7172" "Global"  was disconnected ( "Connection refused" )
[ 2026-04-27 18:07:38,053 ] Request connection to gameserver  "tcp://108.165.179.63:7172" "Global"
[ 2026-04-27 18:07:43,145 ] Connection to gameserver  "tcp://108.165.179.63:7172" "Global"  was disconnected ( "Connection refused" )
[ 2026-04-27 18:07:43,147 ] StartDownload:  QUrl("")
[ 2026-04-27 18:07:43,148 ] Disconnected from gameserver
[ 2026-04-27 18:07:44,329 ] Request connection to gameserver  "tcp://108.165.179.63:7172"  (unprotected:  "tcp://108.165.179.63:7172" )  requested (Charakter "Creatina" )
[ 2026-04-27 18:07:44,329 ] Request connection to gameserver  "tcp://108.165.179.63:7172" "Global"
[ 2026-04-27 18:07:48,645 ] Connection to gameserver  "tcp://108.165.179.63:7172" "Global"  was disconnected ( "Connection refused" )
[ 2026-04-27 18:07:49,696 ] Request connection to gameserver  "tcp://108.165.179.63:7172" "Global"
[ 2026-04-27 18:07:53,995 ] Connection to gameserver  "tcp://108.165.179.63:7172" "Global"  was disconnected ( "Connection refused" )
[ 2026-04-27 18:07:53,998 ] StartDownload:  QUrl("")
[ 2026-04-27 18:07:53,998 ] Disconnected from gameserver
[ 2026-04-27 18:07:55,181 ] Request connection to gameserver  "tcp://108.165.179.63:7172"  (unprotected:  "tcp://108.165.179.63:7172" )  requested (Charakter "Creatina" )
[ 2026-04-27 18:07:55,182 ] Request connection to gameserver  "tcp://108.165.179.63:7172" "Global"
[ 2026-04-27 18:07:59,496 ] Connection to gameserver  "tcp://108.165.179.63:7172" "Global"  was disconnected ( "Connection refused" )
[ 2026-04-27 18:08:00,496 ] Request connection to gameserver  "tcp://108.165.179.63:7172" "Global"
[ 2026-04-27 18:08:04,845 ] Connection to gameserver  "tcp://108.165.179.63:7172" "Global"  was disconnected ( "Connection refused" )
[ 2026-04-27 18:08:04,848 ] StartDownload:  QUrl("")
[ 2026-04-27 18:08:04,848 ] Disconnected from gameserver
[ 2026-04-27 18:08:07,145 ] Request connection to gameserver  "tcp://108.165.179.63:7172"  (unprotected:  "tcp://108.165.179.63:7172" )  requested (Charakter "Creatina" )
[ 2026-04-27 18:08:07,146 ] Request connection to gameserver  "tcp://108.165.179.63:7172" "Global"
[ 2026-04-27 18:08:07,171 ] Connected to gameserver  "tcp://108.165.179.63:7172" "Global"
[ 2026-04-27 18:08:07,776 ] "updateOrCreateCreatureFromProtobuf: no creature with id 1342204024 found"
[ 2026-04-27 18:08:07,776 ] "updateOrCreateCreatureFromProtobuf: no creature with id 1342204025 found"
[ 2026-04-27 18:08:07,776 ] "updateOrCreateCreatureFromProtobuf: no creature with id 1342215718 found"
[ 2026-04-27 18:08:07,777 ] "updateOrCreateCreatureFromProtobuf: no creature with id 1342215719 found"
[ 2026-04-27 18:08:07,777 ] "updateOrCreateCreatureFromProtobuf: no creature with id 1342215720 found"
[ 2026-04-27 18:08:07,777 ] "updateOrCreateCreatureFromProtobuf: no creature with id 1342215721 found"
[ 2026-04-27 18:08:07,777 ] "updateOrCreateCreatureFromProtobuf: no creature with id 1342215722 found"
[ 2026-04-27 18:08:07,777 ] "updateOrCreateCreatureFromProtobuf: no creature with id 1342204026 found"
[ 2026-04-27 18:08:07,777 ] "updateOrCreateCreatureFromProtobuf: no creature with id 1342204091 found"
[ 2026-04-27 18:08:07,777 ] "updateOrCreateCreatureFromProtobuf: no creature with id 1342215760 found"
[ 2026-04-27 18:08:30,227 ] "updateOrCreateCreatureFromProtobuf: no creature with id 1342215718 found"
[ 2026-04-27 18:08:30,227 ] "updateOrCreateCreatureFromProtobuf: no creature with id 1342204026 found"
[ 2026-04-27 18:08:30,227 ] "updateOrCreateCreatureFromProtobuf: no creature with id 1342204025 found"
[ 2026-04-27 18:08:30,227 ] "updateOrCreateCreatureFromProtobuf: no creature with id 1342215722 found"
[ 2026-04-27 18:08:30,227 ] "updateOrCreateCreatureFromProtobuf: no creature with id 1342215719 found"
[ 2026-04-27 18:08:30,227 ] "updateOrCreateCreatureFromProtobuf: no creature with id 1342215720 found"
[ 2026-04-27 18:08:30,227 ] "updateOrCreateCreatureFromProtobuf: no creature with id 1342215721 found"
[ 2026-04-27 18:08:38,332 ] Using spritesheet cache size of 910
[ 2026-04-27 18:08:38,375 ] Sound engine initialized with default sound device "Alto-falantes (2- USB Audio Device)"
[ 2026-04-27 18:08:38,384 ] Switch used audio device to "Alto-falantes (2- USB Audio Device)"
[ 2026-04-27 18:08:39,123 ] Asset loading complete
[ 2026-04-27 18:08:39,142 ] StartDownload:  QUrl("")
[ 2026-04-27 18:08:53,073 ] BattlEye: "Initialized (v1.249)"
[ 2026-04-27 18:08:53,073 ] BattlEye: "Restarting client is necessary, service isn't running properly"
[ 2026-04-27 18:08:53,073 ] BattlEye: "Restarting client is necessary, update required"
[ 2026-04-27 18:08:53,073 ] BattlEye: "Config entry: GameID tibia"
[ 2026-04-27 18:08:53,073 ] BattlEye: "Config entry: MasterPort 7171"
[ 2026-04-27 18:08:53,151 ] Request connection to gameserver  "tcp://108.165.179.63:7172"  (unprotected:  "tcp://108.165.179.63:7172" )  requested (Charakter "[GOD] " )
[ 2026-04-27 18:08:53,161 ] Request connection to gameserver  "tcp://108.165.179.63:7172" "Global"
[ 2026-04-27 18:08:53,187 ] Connected to gameserver  "tcp://108.165.179.63:7172" "Global"
[ 2026-04-27 18:08:53,823 ] "updateOrCreateCreatureFromProtobuf: no creature with id 1342191481 found"
[ 2026-04-27 18:08:53,824 ] "updateOrCreateCreatureFromProtobuf: no creature with id 1342191439 found"
[ 2026-04-27 18:08:53,824 ] "updateOrCreateCreatureFromProtobuf: no creature with id 1342191476 found"
[ 2026-04-27 18:08:53,824 ] "updateOrCreateCreatureFromProtobuf: no creature with id 1342191575 found"
[ 2026-04-27 18:08:53,824 ] "updateOrCreateCreatureFromProtobuf: no creature with id 1342191576 found"
[ 2026-04-27 18:09:05,764 ] StartDownload:  QUrl("http://108.165.179.63/images/store/13/Category_PremiumTime.png")
[ 2026-04-27 18:09:05,764 ] StartDownload:  QUrl("http://108.165.179.63/images/store/13/Category_Consumables.png")
[ 2026-04-27 18:09:05,765 ] StartDownload:  QUrl("http://108.165.179.63/images/store/13/Category_Cosmetics.png")
[ 2026-04-27 18:09:05,765 ] StartDownload:  QUrl("http://108.165.179.63/images/store/13/Category_HouseTools.png")
[ 2026-04-27 18:09:05,766 ] StartDownload:  QUrl("http://108.165.179.63/images/store/13/Category_Boosts.png")
[ 2026-04-27 18:09:05,767 ] StartDownload:  QUrl("http://108.165.179.63/images/store/13/Category_Extras.png")
[ 2026-04-27 18:09:05,795 ] qrc:/qt/qml/qmlcomponents/qml/StoreMainPage.qml:75:9: QML QQuickImage: Error decoding: http://108.165.179.63/images/store//home/banner_sinisterarcher.png: Unsupported image format
[ 2026-04-27 18:09:05,796 ] qrc:/qt/qml/qmlcomponents/qml/StoreMainPage.qml:75:9: QML QQuickImage: Error decoding: http://108.165.179.63/images/store//home/banner_volcanicfurniture.png: Unsupported image format
[ 2026-04-27 18:09:05,830 ] StartDownload:  QUrl("http://108.165.179.63/images/store/13/Category_Tournament.png")
[ 2026-04-27 18:11:52,089 ] Retrying to obtain clipboard.
[ 2026-04-27 18:12:33,800 ] Retrying to obtain clipboard.
[ 2026-04-27 18:12:43,681 ] Retrying to obtain clipboard.
[ 2026-04-27 18:12:48,171 ] Retrying to obtain clipboard.
[ 2026-04-27 18:16:23,237 ] Retrying to obtain clipboard.
[ 2026-04-27 18:19:39,013 ] Retrying to obtain clipboard.
[ 2026-04-27 18:19:52,605 ] Retrying to obtain clipboard.
[ 2026-04-27 18:20:53,904 ] Retrying to obtain clipboard.
[ 2026-04-27 18:24:20,425 ] Retrying to obtain clipboard.
[ 2026-04-27 18:26:00,716 ] Retrying to obtain clipboard.
[ 2026-04-27 18:27:16,646 ] Connection to gameserver  "tcp://108.165.179.63:7172" "Global"  was disconnected ( "The remote host closed the connection" )
[ 2026-04-27 18:27:16,650 ] StartDownload:  QUrl("")
[ 2026-04-27 18:27:16,695 ] Disconnected from gameserver
[ 2026-04-27 18:27:35,079 ] Request connection to gameserver  "tcp://108.165.179.63:7172"  (unprotected:  "tcp://108.165.179.63:7172" )  requested (Charakter "Creatina" )
[ 2026-04-27 18:27:35,089 ] Request connection to gameserver  "tcp://108.165.179.63:7172" "Global"
[ 2026-04-27 18:27:35,115 ] Connected to gameserver  "tcp://108.165.179.63:7172" "Global"
[ 2026-04-27 18:27:35,343 ] "updateOrCreateCreatureFromProtobuf: no creature with id 1342215721 found"
[ 2026-04-27 18:27:35,343 ] "updateOrCreateCreatureFromProtobuf: no creature with id 1342215720 found"
[ 2026-04-27 18:27:35,343 ] "updateOrCreateCreatureFromProtobuf: no creature with id 1342215719 found"
[ 2026-04-27 18:27:35,343 ] "updateOrCreateCreatureFromProtobuf: no creature with id 1342204024 found"
[ 2026-04-27 18:27:35,344 ] "updateOrCreateCreatureFromProtobuf: no creature with id 1342215718 found"
[ 2026-04-27 18:27:35,344 ] "updateOrCreateCreatureFromProtobuf: no creature with id 1342215722 found"
[ 2026-04-27 18:27:35,344 ] "updateOrCreateCreatureFromProtobuf: no creature with id 1342204025 found"
[ 2026-04-27 18:27:35,344 ] "updateOrCreateCreatureFromProtobuf: no creature with id 1342204026 found"
[ 2026-04-27 18:27:35,344 ] "updateOrCreateCreatureFromProtobuf: no creature with id 1342204091 found"
[ 2026-04-27 18:27:35,344 ] "updateOrCreateCreatureFromProtobuf: no creature with id 1342215760 found"
[ 2026-04-27 18:30:05,629 ] StartDownload:  QUrl("http://108.165.179.63/images/store/13/Category_PremiumTime.png")
[ 2026-04-27 18:30:05,629 ] StartDownload:  QUrl("http://108.165.179.63/images/store/13/Category_Consumables.png")
[ 2026-04-27 18:30:05,630 ] StartDownload:  QUrl("http://108.165.179.63/images/store/13/Category_Cosmetics.png")
[ 2026-04-27 18:30:05,630 ] StartDownload:  QUrl("http://108.165.179.63/images/store/13/Category_HouseTools.png")
[ 2026-04-27 18:30:05,630 ] StartDownload:  QUrl("http://108.165.179.63/images/store/13/Category_Boosts.png")
[ 2026-04-27 18:30:05,631 ] StartDownload:  QUrl("http://108.165.179.63/images/store/13/Category_Extras.png")
[ 2026-04-27 18:30:05,661 ] qrc:/qt/qml/qmlcomponents/qml/StoreMainPage.qml:75:9: QML QQuickImage: Error decoding: http://108.165.179.63/images/store//home/banner_sinisterarcher.png: Unsupported image format
[ 2026-04-27 18:30:05,661 ] qrc:/qt/qml/qmlcomponents/qml/StoreMainPage.qml:75:9: QML QQuickImage: Error decoding: http://108.165.179.63/images/store//home/banner_volcanicfurniture.png: Unsupported image format
[ 2026-04-27 18:30:05,690 ] StartDownload:  QUrl("http://108.165.179.63/images/store/13/Category_Tournament.png")
[ 2026-04-27 18:30:07,984 ] StartDownload:  QUrl("http://108.165.179.63/images/store/13/Category_Tickets.png")
[ 2026-04-27 18:30:07,985 ] StartDownload:  QUrl("http://108.165.179.63/images/store/13/Category_ExclusiveOffers.png")
[ 2026-04-27 18:30:07,985 ] StartDownload:  QUrl("http://108.165.179.63/images/store/13/Category_Tournament.png")
[ 2026-04-27 18:30:07,985 ] StartDownload:  QUrl("http://108.165.179.63/images/store/13/Category_Extras.png")
[ 2026-04-27 18:30:07,986 ] StartDownload:  QUrl("http://108.165.179.63/images/store/13/Category_Outfits.png")
[ 2026-04-27 18:30:08,243 ] QQuickPixmap: connectFinished() called when not loading.
[ 2026-04-27 18:30:08,243 ] QQuickPixmap: connectFinished() called when not loading.
[ 2026-04-27 18:30:08,246 ] StartDownload:  QUrl("http://108.165.179.63/images/store/64/Premium_Time_30.png")
[ 2026-04-27 18:30:08,250 ] StartDownload:  QUrl("http://108.165.179.63/images/store/64/Premium_Time_90.png")
[ 2026-04-27 18:30:08,252 ] StartDownload:  QUrl("http://108.165.179.63/images/store/64/Premium_Time_180.png")
[ 2026-04-27 18:30:08,254 ] StartDownload:  QUrl("http://108.165.179.63/images/store/64/Premium_Time_360.png")
[ 2026-04-27 18:38:06,202 ] "updateOrCreateCreatureFromProtobuf: no creature with id 1342208780 found"
[ 2026-04-27 18:38:06,202 ] "updateOrCreateCreatureFromProtobuf: no creature with id 1342208780 found"
[ 2026-04-27 18:38:41,193 ] Retrying to obtain clipboard.
[ 2026-04-27 18:41:03,826 ] Connection to gameserver  "tcp://108.165.179.63:7172" "Global"  was disconnected ( "The remote host closed the connection" )
[ 2026-04-27 18:41:03,830 ] StartDownload:  QUrl("")
[ 2026-04-27 18:41:03,876 ] Disconnected from gameserver
[ 2026-04-27 18:41:03,946 ] Connection to gameserver  "tcp://108.165.179.63:7172" "Global"  was disconnected ( "The remote host closed the connection" )
[ 2026-04-27 18:41:03,949 ] StartDownload:  QUrl("")
[ 2026-04-27 18:41:03,992 ] Disconnected from gameserver
[ 2026-04-27 18:41:45,475 ] Retrying to obtain clipboard.
[ 2026-04-27 18:43:44,684 ] Retrying to obtain clipboard.
[ 2026-04-27 18:45:08,285 ] Retrying to obtain clipboard.
[ 2026-04-27 18:46:01,742 ] Request connection to gameserver  "tcp://108.165.179.63:7172"  (unprotected:  "tcp://108.165.179.63:7172" )  requested (Charakter "Creatina" )
[ 2026-04-27 18:46:01,745 ] Request connection to gameserver  "tcp://108.165.179.63:7172" "Global"
[ 2026-04-27 18:46:01,770 ] Connected to gameserver  "tcp://108.165.179.63:7172" "Global"
[ 2026-04-27 18:46:01,808 ] Didn't send news query with params (HighPotential: false Returner: true MaxKnownEditDate: 1590979202 ) (URL: QUrl("http://108.165.179.63/login.php") ) due to too many retries.
[ 2026-04-27 18:48:45,332 ] Retrying to obtain clipboard.
[ 2026-04-27 18:48:59,827 ] Retrying to obtain clipboard.
[ 2026-04-27 18:50:04,707 ] Retrying to obtain clipboard.
[ 2026-04-27 18:50:20,015 ] Retrying to obtain clipboard.
[ 2026-04-27 18:51:51,314 ] Retrying to obtain clipboard.
[ 2026-04-27 18:52:19,214 ] Retrying to obtain clipboard.
[ 2026-04-27 18:54:06,626 ] Retrying to obtain clipboard.
[ 2026-04-27 18:55:27,696 ] Retrying to obtain clipboard.
[ 2026-04-27 19:00:41,577 ] Retrying to obtain clipboard.
[ 2026-04-27 19:25:57,338 ] Didn't send news query with params (HighPotential: false Returner: true MaxKnownEditDate: 1590979202 ) (URL: QUrl("http://108.165.179.63/login.php") ) due to too many retries.
[ 2026-04-27 19:25:59,656 ] Request connection to gameserver  "tcp://108.165.179.63:7172"  (unprotected:  "tcp://108.165.179.63:7172" )  requested (Charakter "Creatina" )
[ 2026-04-27 19:25:59,666 ] Request connection to gameserver  "tcp://108.165.179.63:7172" "Global"
[ 2026-04-27 19:25:59,692 ] Connected to gameserver  "tcp://108.165.179.63:7172" "Global"
[ 2026-04-27 19:25:59,776 ] Error while processing network packet not enough bytes (1) available at position 63
[ 2026-04-27 19:25:59,776 ] "FDwAVGVtcGxlIHBvc2l0aW9uIGlzIHdyb25nLiBQbGVhc2UsIGNvbnRhY3QgdGhlIGFkbWluaXN0cmF0b3Iu"
[ 2026-04-27 19:26:02,355 ] Qt has caught an exception thrown from an event handler. Throwing
exceptions from an event handler is not supported in Qt.
You must not let any exception whatsoever propagate through Qt code.
[ 2026-04-27 19:29:32,399 ] Request connection to gameserver  "tcp://108.165.179.63:7172"  (unprotected:  "tcp://108.165.179.63:7172" )  requested (Charakter "[GOD] " )
[ 2026-04-27 19:29:32,402 ] Request connection to gameserver  "tcp://108.165.179.63:7172" "Global"
[ 2026-04-27 19:29:32,428 ] Connected to gameserver  "tcp://108.165.179.63:7172" "Global"
[ 2026-04-27 19:29:32,519 ] Error while processing network packet not enough bytes (1) available at position 63
[ 2026-04-27 19:29:32,519 ] "FDwAVGVtcGxlIHBvc2l0aW9uIGlzIHdyb25nLiBQbGVhc2UsIGNvbnRhY3QgdGhlIGFkbWluaXN0cmF0b3Iu"
[ 2026-04-27 19:29:34,239 ] Qt has caught an exception thrown from an event handler. Throwing
exceptions from an event handler is not supported in Qt.
You must not let any exception whatsoever propagate through Qt code.
[ 2026-05-06 20:30:04,930 ] Using spritesheet cache size of 910
[ 2026-05-06 20:30:04,977 ] Sound engine initialized with default sound device "Alto-falantes (2- USB Audio Device)"
[ 2026-05-06 20:30:04,982 ] Switch used audio device to "Alto-falantes (2- USB Audio Device)"
[ 2026-05-06 20:30:14,359 ] Asset loading complete
[ 2026-05-06 20:30:14,473 ] StartDownload:  QUrl("")
[ 2026-05-06 20:30:17,746 ] Uploading crash report failed: "Protocol \"\" is unknown"
[ 2026-05-06 20:31:16,791 ] Using spritesheet cache size of 910
[ 2026-05-06 20:31:16,830 ] Sound engine initialized with default sound device "Alto-falantes (2- USB Audio Device)"
[ 2026-05-06 20:31:16,848 ] Switch used audio device to "Alto-falantes (2- USB Audio Device)"
[ 2026-05-06 20:31:17,569 ] Asset loading complete
[ 2026-05-06 20:31:17,596 ] StartDownload:  QUrl("")
[ 2026-05-06 20:31:21,865 ] BattlEye: "Initialized (v1.249)"
[ 2026-05-06 20:31:21,865 ] BattlEye: "Restarting client is necessary, service isn't running properly"
[ 2026-05-06 20:31:21,865 ] BattlEye: "Restarting client is necessary, update required"
[ 2026-05-06 20:31:21,865 ] BattlEye: "Config entry: GameID tibia"
[ 2026-05-06 20:31:21,865 ] BattlEye: "Config entry: MasterPort 7171"
[ 2026-05-06 20:31:22,043 ] Request connection to gameserver  "tcp://108.165.179.63:7172"  (unprotected:  "tcp://108.165.179.63:7172" )  requested (Charakter "[GOD] " )
[ 2026-05-06 20:31:22,068 ] Request connection to gameserver  "tcp://108.165.179.63:7172" "Global"
[ 2026-05-06 20:31:22,094 ] Connected to gameserver  "tcp://108.165.179.63:7172" "Global"
[ 2026-05-06 20:31:23,538 ] "updateOrCreateCreatureFromProtobuf: no creature with id 1342191979 found"
[ 2026-05-06 20:31:23,538 ] "updateOrCreateCreatureFromProtobuf: no creature with id 1342191971 found"
[ 2026-05-06 20:31:23,538 ] "updateOrCreateCreatureFromProtobuf: no creature with id 1342191974 found"
[ 2026-05-06 20:31:23,538 ] "updateOrCreateCreatureFromProtobuf: no creature with id 1342192097 found"
[ 2026-05-06 20:31:23,538 ] "updateOrCreateCreatureFromProtobuf: no creature with id 1342192098 found"
[ 2026-05-06 20:31:39,222 ] Connection to gameserver  "tcp://108.165.179.63:7172" "Global"  was disconnected ( "The remote host closed the connection" )
[ 2026-05-06 20:31:39,223 ] StartDownload:  QUrl("")
[ 2026-05-06 20:31:39,269 ] Disconnected from gameserver
[ 2026-05-06 20:31:43,643 ] Request connection to gameserver  "tcp://108.165.179.63:7172"  (unprotected:  "tcp://108.165.179.63:7172" )  requested (Charakter "Druid Sample" )
[ 2026-05-06 20:31:43,645 ] Request connection to gameserver  "tcp://108.165.179.63:7172" "Global"
[ 2026-05-06 20:31:43,670 ] Connected to gameserver  "tcp://108.165.179.63:7172" "Global"
[ 2026-05-06 20:31:43,855 ] "updateOrCreateCreatureFromProtobuf: no creature with id 1342204785 found"
[ 2026-05-06 20:31:43,855 ] "updateOrCreateCreatureFromProtobuf: no creature with id 1342204786 found"
[ 2026-05-06 20:31:43,855 ] "updateOrCreateCreatureFromProtobuf: no creature with id 1342204788 found"
[ 2026-05-06 20:31:43,855 ] "updateOrCreateCreatureFromProtobuf: no creature with id 1342194040 found"
[ 2026-05-06 20:31:43,855 ] "updateOrCreateCreatureFromProtobuf: no creature with id 1342216961 found"
[ 2026-05-06 20:31:43,855 ] "updateOrCreateCreatureFromProtobuf: no creature with id 1342216964 found"
[ 2026-05-06 20:31:43,855 ] "updateOrCreateCreatureFromProtobuf: no creature with id 1342204825 found"
[ 2026-05-06 20:31:43,855 ] "updateOrCreateCreatureFromProtobuf: no creature with id 1342204826 found"
[ 2026-05-06 20:31:43,855 ] "updateOrCreateCreatureFromProtobuf: no creature with id 1342204827 found"
[ 2026-05-06 20:31:43,855 ] "updateOrCreateCreatureFromProtobuf: no creature with id 1342204828 found"
[ 2026-05-06 20:31:43,856 ] "updateOrCreateCreatureFromProtobuf: no creature with id 1342204829 found"
[ 2026-05-06 20:31:43,856 ] "updateOrCreateCreatureFromProtobuf: no creature with id 1342204892 found"
[ 2026-05-06 20:31:43,856 ] "updateOrCreateCreatureFromProtobuf: no creature with id 1342216960 found"
[ 2026-05-06 20:31:43,856 ] "updateOrCreateCreatureFromProtobuf: no creature with id 1342216962 found"
[ 2026-05-06 20:31:43,856 ] "updateOrCreateCreatureFromProtobuf: no creature with id 1342216963 found"
[ 2026-05-06 20:31:43,856 ] "updateOrCreateCreatureFromProtobuf: no creature with id 1342216965 found"
[ 2026-05-06 20:31:43,856 ] "updateOrCreateCreatureFromProtobuf: no creature with id 1342204893 found"
[ 2026-05-06 20:32:11,754 ] "updateOrCreateCreatureFromProtobuf: no creature with id 1342216964 found"
[ 2026-05-06 20:32:11,755 ] "updateOrCreateCreatureFromProtobuf: no creature with id 1342204892 found"
[ 2026-05-06 20:32:11,755 ] "updateOrCreateCreatureFromProtobuf: no creature with id 1342216965 found"
[ 2026-05-06 20:32:11,755 ] "updateOrCreateCreatureFromProtobuf: no creature with id 1342216984 found"
[ 2026-05-06 20:32:11,755 ] "updateOrCreateCreatureFromProtobuf: no creature with id 1342204893 found"
[ 2026-05-06 20:32:11,755 ] "updateOrCreateCreatureFromProtobuf: no creature with id 1342204894 found"
[ 2026-05-06 20:32:11,755 ] "updateOrCreateCreatureFromProtobuf: no creature with id 1342204895 found"
[ 2026-05-06 20:32:11,755 ] "updateOrCreateCreatureFromProtobuf: no creature with id 1342204896 found"
[ 2026-05-06 20:32:11,756 ] "updateOrCreateCreatureFromProtobuf: no creature with id 1342204951 found"
[ 2026-05-06 20:32:11,756 ] "updateOrCreateCreatureFromProtobuf: no creature with id 1342204952 found"
[ 2026-05-06 20:32:11,756 ] "updateOrCreateCreatureFromProtobuf: no creature with id 1342204996 found"
[ 2026-05-06 20:32:11,756 ] "updateOrCreateCreatureFromProtobuf: no creature with id 1342204999 found"
[ 2026-05-06 20:32:37,072 ] Connection to gameserver  "tcp://108.165.179.63:7172" "Global"  was disconnected ( "The remote host closed the connection" )
[ 2026-05-06 20:32:37,075 ] StartDownload:  QUrl("")
[ 2026-05-06 20:32:37,116 ] Disconnected from gameserver
[ 2026-05-06 20:33:46,413 ] Request connection to gameserver  "tcp://108.165.179.63:7172"  (unprotected:  "tcp://108.165.179.63:7172" )  requested (Charakter "Druid Sample" )
[ 2026-05-06 20:33:46,424 ] Request connection to gameserver  "tcp://108.165.179.63:7172" "Global"
[ 2026-05-06 20:33:46,448 ] Connected to gameserver  "tcp://108.165.179.63:7172" "Global"
[ 2026-05-06 20:33:46,682 ] "updateOrCreateCreatureFromProtobuf: no creature with id 1342204892 found"
[ 2026-05-06 20:33:46,682 ] "updateOrCreateCreatureFromProtobuf: no creature with id 1342216984 found"
[ 2026-05-06 20:33:46,683 ] "updateOrCreateCreatureFromProtobuf: no creature with id 1342204893 found"
[ 2026-05-06 20:33:46,683 ] "updateOrCreateCreatureFromProtobuf: no creature with id 1342204894 found"
[ 2026-05-06 20:33:46,683 ] "updateOrCreateCreatureFromProtobuf: no creature with id 1342204895 found"
[ 2026-05-06 20:33:46,683 ] "updateOrCreateCreatureFromProtobuf: no creature with id 1342204896 found"
[ 2026-05-06 20:33:46,683 ] "updateOrCreateCreatureFromProtobuf: no creature with id 1342204951 found"
[ 2026-05-06 20:33:46,683 ] "updateOrCreateCreatureFromProtobuf: no creature with id 1342204952 found"
[ 2026-05-06 20:33:46,683 ] "updateOrCreateCreatureFromProtobuf: no creature with id 1342204996 found"
[ 2026-05-06 20:33:46,683 ] "updateOrCreateCreatureFromProtobuf: no creature with id 1342204997 found"
[ 2026-05-06 20:33:46,683 ] "updateOrCreateCreatureFromProtobuf: no creature with id 1342205006 found"
[ 2026-05-06 20:33:46,683 ] "updateOrCreateCreatureFromProtobuf: no creature with id 1342217045 found"
[ 2026-05-06 20:33:46,683 ] "updateOrCreateCreatureFromProtobuf: no creature with id 1342204999 found"
[ 2026-05-06 20:33:46,683 ] "updateOrCreateCreatureFromProtobuf: no creature with id 1342205000 found"
[ 2026-05-06 20:33:55,072 ] Connection to gameserver  "tcp://108.165.179.63:7172" "Global"  was disconnected ( "The remote host closed the connection" )
[ 2026-05-06 20:33:55,075 ] StartDownload:  QUrl("")
[ 2026-05-06 20:33:55,115 ] Disconnected from gameserver
[ 2026-05-06 20:35:12,447 ] Didn't send news query with params (HighPotential: false Returner: true MaxKnownEditDate: 1590979202 ) (URL: QUrl("http://108.165.179.63/login.php") ) due to too many retries.
[ 2026-05-06 20:35:13,473 ] Request connection to gameserver  "tcp://108.165.179.63:7172"  (unprotected:  "tcp://108.165.179.63:7172" )  requested (Charakter "Druid Sample" )
[ 2026-05-06 20:35:13,475 ] Request connection to gameserver  "tcp://108.165.179.63:7172" "Global"
[ 2026-05-06 20:35:17,772 ] Connection to gameserver  "tcp://108.165.179.63:7172" "Global"  was disconnected ( "Connection refused" )
[ 2026-05-06 20:35:18,772 ] Request connection to gameserver  "tcp://108.165.179.63:7172" "Global"
[ 2026-05-06 20:35:23,072 ] Connection to gameserver  "tcp://108.165.179.63:7172" "Global"  was disconnected ( "Connection refused" )
[ 2026-05-06 20:35:23,076 ] StartDownload:  QUrl("")
[ 2026-05-06 20:35:23,076 ] Disconnected from gameserver
[ 2026-05-06 20:35:24,256 ] Request connection to gameserver  "tcp://108.165.179.63:7172"  (unprotected:  "tcp://108.165.179.63:7172" )  requested (Charakter "Druid Sample" )
[ 2026-05-06 20:35:24,257 ] Request connection to gameserver  "tcp://108.165.179.63:7172" "Global"
[ 2026-05-06 20:35:28,573 ] Connection to gameserver  "tcp://108.165.179.63:7172" "Global"  was disconnected ( "Connection refused" )
[ 2026-05-06 20:35:29,572 ] Request connection to gameserver  "tcp://108.165.179.63:7172" "Global"
[ 2026-05-06 20:35:33,872 ] Connection to gameserver  "tcp://108.165.179.63:7172" "Global"  was disconnected ( "Connection refused" )
[ 2026-05-06 20:35:33,874 ] StartDownload:  QUrl("")
[ 2026-05-06 20:35:33,875 ] Disconnected from gameserver
[ 2026-05-06 20:35:35,049 ] Request connection to gameserver  "tcp://108.165.179.63:7172"  (unprotected:  "tcp://108.165.179.63:7172" )  requested (Charakter "Druid Sample" )
[ 2026-05-06 20:35:35,058 ] Request connection to gameserver  "tcp://108.165.179.63:7172" "Global"
[ 2026-05-06 20:35:39,372 ] Connection to gameserver  "tcp://108.165.179.63:7172" "Global"  was disconnected ( "Connection refused" )
[ 2026-05-06 20:35:40,373 ] Request connection to gameserver  "tcp://108.165.179.63:7172" "Global"
[ 2026-05-06 20:35:44,672 ] Connection to gameserver  "tcp://108.165.179.63:7172" "Global"  was disconnected ( "Connection refused" )
[ 2026-05-06 20:35:44,675 ] StartDownload:  QUrl("")
[ 2026-05-06 20:35:44,675 ] Disconnected from gameserver
[ 2026-05-06 20:35:45,858 ] Request connection to gameserver  "tcp://108.165.179.63:7172"  (unprotected:  "tcp://108.165.179.63:7172" )  requested (Charakter "Druid Sample" )
[ 2026-05-06 20:35:45,858 ] Request connection to gameserver  "tcp://108.165.179.63:7172" "Global"
[ 2026-05-06 20:35:50,172 ] Connection to gameserver  "tcp://108.165.179.63:7172" "Global"  was disconnected ( "Connection refused" )
[ 2026-05-06 20:35:51,172 ] Request connection to gameserver  "tcp://108.165.179.63:7172" "Global"
[ 2026-05-06 20:35:55,472 ] Connection to gameserver  "tcp://108.165.179.63:7172" "Global"  was disconnected ( "Connection refused" )
[ 2026-05-06 20:35:55,474 ] StartDownload:  QUrl("")
[ 2026-05-06 20:35:55,475 ] Disconnected from gameserver
[ 2026-05-06 20:35:57,741 ] Request connection to gameserver  "tcp://108.165.179.63:7172"  (unprotected:  "tcp://108.165.179.63:7172" )  requested (Charakter "Druid Sample" )
[ 2026-05-06 20:35:57,772 ] Request connection to gameserver  "tcp://108.165.179.63:7172" "Global"
[ 2026-05-06 20:36:02,122 ] Connection to gameserver  "tcp://108.165.179.63:7172" "Global"  was disconnected ( "Connection refused" )
[ 2026-05-06 20:36:03,122 ] Request connection to gameserver  "tcp://108.165.179.63:7172" "Global"
[ 2026-05-06 20:36:07,473 ] Connection to gameserver  "tcp://108.165.179.63:7172" "Global"  was disconnected ( "Connection refused" )
[ 2026-05-06 20:36:07,475 ] StartDownload:  QUrl("")
[ 2026-05-06 20:36:07,475 ] Disconnected from gameserver
[ 2026-05-06 20:36:11,937 ] Request connection to gameserver  "tcp://108.165.179.63:7172"  (unprotected:  "tcp://108.165.179.63:7172" )  requested (Charakter "Druid Sample" )
[ 2026-05-06 20:36:11,939 ] Request connection to gameserver  "tcp://108.165.179.63:7172" "Global"
[ 2026-05-06 20:36:16,272 ] Connection to gameserver  "tcp://108.165.179.63:7172" "Global"  was disconnected ( "Connection refused" )
[ 2026-05-06 20:36:17,272 ] Request connection to gameserver  "tcp://108.165.179.63:7172" "Global"
[ 2026-05-06 20:36:21,572 ] Connection to gameserver  "tcp://108.165.179.63:7172" "Global"  was disconnected ( "Connection refused" )
[ 2026-05-06 20:36:21,575 ] StartDownload:  QUrl("")
[ 2026-05-06 20:36:21,576 ] Disconnected from gameserver
[ 2026-05-06 20:36:27,116 ] Request connection to gameserver  "tcp://108.165.179.63:7172"  (unprotected:  "tcp://108.165.179.63:7172" )  requested (Charakter "Druid Sample" )
[ 2026-05-06 20:36:27,117 ] Request connection to gameserver  "tcp://108.165.179.63:7172" "Global"
[ 2026-05-06 20:36:31,422 ] Connection to gameserver  "tcp://108.165.179.63:7172" "Global"  was disconnected ( "Connection refused" )
[ 2026-05-06 20:36:32,422 ] Request connection to gameserver  "tcp://108.165.179.63:7172" "Global"
[ 2026-05-06 20:36:36,722 ] Connection to gameserver  "tcp://108.165.179.63:7172" "Global"  was disconnected ( "Connection refused" )
[ 2026-05-06 20:36:36,724 ] StartDownload:  QUrl("")
[ 2026-05-06 20:36:36,725 ] Disconnected from gameserver
[ 2026-05-06 20:36:42,274 ] Request connection to gameserver  "tcp://108.165.179.63:7172"  (unprotected:  "tcp://108.165.179.63:7172" )  requested (Charakter "Druid Sample" )
[ 2026-05-06 20:36:42,275 ] Request connection to gameserver  "tcp://108.165.179.63:7172" "Global"
[ 2026-05-06 20:36:46,623 ] Connection to gameserver  "tcp://108.165.179.63:7172" "Global"  was disconnected ( "Connection refused" )
[ 2026-05-06 20:36:47,672 ] Request connection to gameserver  "tcp://108.165.179.63:7172" "Global"
[ 2026-05-06 20:36:52,030 ] Connection to gameserver  "tcp://108.165.179.63:7172" "Global"  was disconnected ( "Connection refused" )
[ 2026-05-06 20:36:52,033 ] StartDownload:  QUrl("")
[ 2026-05-06 20:36:52,034 ] Disconnected from gameserver
[ 2026-05-06 20:36:57,598 ] Request connection to gameserver  "tcp://108.165.179.63:7172"  (unprotected:  "tcp://108.165.179.63:7172" )  requested (Charakter "Druid Sample" )
[ 2026-05-06 20:36:57,598 ] Request connection to gameserver  "tcp://108.165.179.63:7172" "Global"
[ 2026-05-06 20:36:57,624 ] Connected to gameserver  "tcp://108.165.179.63:7172" "Global"
[ 2026-05-06 20:36:57,895 ] "updateOrCreateCreatureFromProtobuf: no creature with id 1342216953 found"
[ 2026-05-06 20:36:57,895 ] "updateOrCreateCreatureFromProtobuf: no creature with id 1342204951 found"
[ 2026-05-06 20:36:57,895 ] "updateOrCreateCreatureFromProtobuf: no creature with id 1342204952 found"
[ 2026-05-06 20:36:57,895 ] "updateOrCreateCreatureFromProtobuf: no creature with id 1342204996 found"
[ 2026-05-06 20:36:57,895 ] "updateOrCreateCreatureFromProtobuf: no creature with id 1342204997 found"
[ 2026-05-06 20:36:57,895 ] "updateOrCreateCreatureFromProtobuf: no creature with id 1342204998 found"
[ 2026-05-06 20:36:57,895 ] "updateOrCreateCreatureFromProtobuf: no creature with id 1342205006 found"
[ 2026-05-06 20:36:57,896 ] "updateOrCreateCreatureFromProtobuf: no creature with id 1342205044 found"
[ 2026-05-06 20:36:57,896 ] "updateOrCreateCreatureFromProtobuf: no creature with id 1342217014 found"
[ 2026-05-06 20:36:57,896 ] "updateOrCreateCreatureFromProtobuf: no creature with id 1342217015 found"
[ 2026-05-06 20:36:57,896 ] "updateOrCreateCreatureFromProtobuf: no creature with id 1342204999 found"
[ 2026-05-06 20:36:57,896 ] "updateOrCreateCreatureFromProtobuf: no creature with id 1342205000 found"
[ 2026-05-06 20:36:57,896 ] "updateOrCreateCreatureFromProtobuf: no creature with id 1342205054 found"
[ 2026-05-06 20:36:57,896 ] "updateOrCreateCreatureFromProtobuf: no creature with id 1342205055 found"
[ 2026-05-06 20:38:01,572 ] Connection to gameserver  "tcp://108.165.179.63:7172" "Global"  was disconnected ( "The remote host closed the connection" )
[ 2026-05-06 20:38:01,576 ] StartDownload:  QUrl("")
[ 2026-05-06 20:38:01,616 ] Disconnected from gameserver
[ 2026-05-06 20:39:42,304 ] Didn't send news query with params (HighPotential: false Returner: true MaxKnownEditDate: 1590979202 ) (URL: QUrl("http://108.165.179.63/login.php") ) due to too many retries.
[ 2026-05-06 20:39:43,188 ] Request connection to gameserver  "tcp://108.165.179.63:7172"  (unprotected:  "tcp://108.165.179.63:7172" )  requested (Charakter "Druid Sample" )
[ 2026-05-06 20:39:43,189 ] Request connection to gameserver  "tcp://108.165.179.63:7172" "Global"
[ 2026-05-06 20:39:43,215 ] Connected to gameserver  "tcp://108.165.179.63:7172" "Global"
[ 2026-05-06 20:39:43,461 ] "updateOrCreateCreatureFromProtobuf: no creature with id 1342216984 found"
[ 2026-05-06 20:39:43,461 ] "updateOrCreateCreatureFromProtobuf: no creature with id 1342204894 found"
[ 2026-05-06 20:39:43,461 ] "updateOrCreateCreatureFromProtobuf: no creature with id 1342204895 found"
[ 2026-05-06 20:39:43,461 ] "updateOrCreateCreatureFromProtobuf: no creature with id 1342204896 found"
[ 2026-05-06 20:39:43,462 ] "updateOrCreateCreatureFromProtobuf: no creature with id 1342204951 found"
[ 2026-05-06 20:39:43,462 ] "updateOrCreateCreatureFromProtobuf: no creature with id 1342204952 found"
[ 2026-05-06 20:39:43,462 ] "updateOrCreateCreatureFromProtobuf: no creature with id 1342204996 found"
[ 2026-05-06 20:39:43,462 ] "updateOrCreateCreatureFromProtobuf: no creature with id 1342204997 found"
[ 2026-05-06 20:39:43,462 ] "updateOrCreateCreatureFromProtobuf: no creature with id 1342204998 found"
[ 2026-05-06 20:39:43,462 ] "updateOrCreateCreatureFromProtobuf: no creature with id 1342205006 found"
[ 2026-05-06 20:39:43,462 ] "updateOrCreateCreatureFromProtobuf: no creature with id 1342217045 found"
[ 2026-05-06 20:39:43,462 ] "updateOrCreateCreatureFromProtobuf: no creature with id 1342217046 found"
[ 2026-05-06 20:39:43,462 ] "updateOrCreateCreatureFromProtobuf: no creature with id 1342204999 found"
[ 2026-05-06 20:39:43,462 ] "updateOrCreateCreatureFromProtobuf: no creature with id 1342205000 found"
[ 2026-05-06 20:42:40,523 ] Connection to gameserver  "tcp://108.165.179.63:7172" "Global"  was disconnected ( "The remote host closed the connection" )
[ 2026-05-06 20:42:40,526 ] StartDownload:  QUrl("")
[ 2026-05-06 20:42:40,566 ] Disconnected from gameserver
[ 2026-05-06 20:44:15,730 ] Didn't send news query with params (HighPotential: false Returner: true MaxKnownEditDate: 1590979202 ) (URL: QUrl("http://108.165.179.63/login.php") ) due to too many retries.
[ 2026-05-06 20:44:15,979 ] Request connection to gameserver  "tcp://108.165.179.63:7172"  (unprotected:  "tcp://108.165.179.63:7172" )  requested (Charakter "Druid Sample" )
[ 2026-05-06 20:44:15,981 ] Request connection to gameserver  "tcp://108.165.179.63:7172" "Global"
[ 2026-05-06 20:44:16,006 ] Connected to gameserver  "tcp://108.165.179.63:7172" "Global"
[ 2026-05-06 20:44:16,279 ] "updateOrCreateCreatureFromProtobuf: no creature with id 1342204996 found"
[ 2026-05-06 20:44:16,279 ] "updateOrCreateCreatureFromProtobuf: no creature with id 1342204997 found"
[ 2026-05-06 20:44:16,279 ] "updateOrCreateCreatureFromProtobuf: no creature with id 1342204998 found"
[ 2026-05-06 20:44:16,279 ] "updateOrCreateCreatureFromProtobuf: no creature with id 1342205006 found"
[ 2026-05-06 20:44:16,280 ] "updateOrCreateCreatureFromProtobuf: no creature with id 1342205044 found"
[ 2026-05-06 20:44:16,280 ] "updateOrCreateCreatureFromProtobuf: no creature with id 1342217045 found"
[ 2026-05-06 20:44:16,280 ] "updateOrCreateCreatureFromProtobuf: no creature with id 1342217046 found"
[ 2026-05-06 20:44:16,280 ] "updateOrCreateCreatureFromProtobuf: no creature with id 1342204999 found"
[ 2026-05-06 20:44:16,280 ] "updateOrCreateCreatureFromProtobuf: no creature with id 1342205000 found"
[ 2026-05-06 20:44:16,280 ] "updateOrCreateCreatureFromProtobuf: no creature with id 1342205054 found"
[ 2026-05-06 20:44:16,280 ] "updateOrCreateCreatureFromProtobuf: no creature with id 1342205055 found"
[ 2026-05-06 20:44:16,280 ] "updateOrCreateCreatureFromProtobuf: no creature with id 1342205056 found"
[ 2026-05-06 20:44:16,280 ] "updateOrCreateCreatureFromProtobuf: no creature with id 1342205057 found"
[ 2026-05-06 20:46:36,172 ] Connection to gameserver  "tcp://108.165.179.63:7172" "Global"  was disconnected ( "The remote host closed the connection" )
[ 2026-05-06 20:46:36,175 ] StartDownload:  QUrl("")
[ 2026-05-06 20:46:36,215 ] Disconnected from gameserver
[ 2026-05-06 21:02:31,778 ] Didn't send news query with params (HighPotential: false Returner: true MaxKnownEditDate: 1590979202 ) (URL: QUrl("http://108.165.179.63/login.php") ) due to too many retries.
[ 2026-05-06 21:02:32,657 ] Request connection to gameserver  "tcp://108.165.179.63:7172"  (unprotected:  "tcp://108.165.179.63:7172" )  requested (Charakter "Druid Sample" )
[ 2026-05-06 21:02:32,659 ] Request connection to gameserver  "tcp://108.165.179.63:7172" "Global"
[ 2026-05-06 21:02:32,685 ] Connected to gameserver  "tcp://108.165.179.63:7172" "Global"
[ 2026-05-06 21:03:54,822 ] Connection to gameserver  "tcp://108.165.179.63:7172" "Global"  was disconnected ( "The remote host closed the connection" )
[ 2026-05-06 21:03:54,825 ] StartDownload:  QUrl("")
[ 2026-05-06 21:03:54,866 ] Disconnected from gameserver
[ 2026-05-06 21:06:51,098 ] Didn't send news query with params (HighPotential: false Returner: true MaxKnownEditDate: 1590979202 ) (URL: QUrl("http://108.165.179.63/login.php") ) due to too many retries.
[ 2026-05-06 21:06:51,977 ] Request connection to gameserver  "tcp://108.165.179.63:7172"  (unprotected:  "tcp://108.165.179.63:7172" )  requested (Charakter "Druid Sample" )
[ 2026-05-06 21:06:51,979 ] Request connection to gameserver  "tcp://108.165.179.63:7172" "Global"
[ 2026-05-06 21:06:56,322 ] Connection to gameserver  "tcp://108.165.179.63:7172" "Global"  was disconnected ( "Connection refused" )
[ 2026-05-06 21:06:57,322 ] Request connection to gameserver  "tcp://108.165.179.63:7172" "Global"
[ 2026-05-06 21:07:01,673 ] Connection to gameserver  "tcp://108.165.179.63:7172" "Global"  was disconnected ( "Connection refused" )
[ 2026-05-06 21:07:01,675 ] StartDownload:  QUrl("")
[ 2026-05-06 21:07:01,676 ] Disconnected from gameserver
[ 2026-05-06 21:07:02,861 ] Request connection to gameserver  "tcp://108.165.179.63:7172"  (unprotected:  "tcp://108.165.179.63:7172" )  requested (Charakter "Druid Sample" )
[ 2026-05-06 21:07:02,872 ] Request connection to gameserver  "tcp://108.165.179.63:7172" "Global"
[ 2026-05-06 21:07:07,222 ] Connection to gameserver  "tcp://108.165.179.63:7172" "Global"  was disconnected ( "Connection refused" )
[ 2026-05-06 21:07:08,223 ] Request connection to gameserver  "tcp://108.165.179.63:7172" "Global"
[ 2026-05-06 21:07:12,572 ] Connection to gameserver  "tcp://108.165.179.63:7172" "Global"  was disconnected ( "Connection refused" )
[ 2026-05-06 21:07:12,574 ] StartDownload:  QUrl("")
[ 2026-05-06 21:07:12,575 ] Disconnected from gameserver
[ 2026-05-06 21:07:13,744 ] Request connection to gameserver  "tcp://108.165.179.63:7172"  (unprotected:  "tcp://108.165.179.63:7172" )  requested (Charakter "Druid Sample" )
[ 2026-05-06 21:07:13,747 ] Request connection to gameserver  "tcp://108.165.179.63:7172" "Global"
[ 2026-05-06 21:07:18,072 ] Connection to gameserver  "tcp://108.165.179.63:7172" "Global"  was disconnected ( "Connection refused" )
[ 2026-05-06 21:07:19,073 ] Request connection to gameserver  "tcp://108.165.179.63:7172" "Global"
[ 2026-05-06 21:07:23,422 ] Connection to gameserver  "tcp://108.165.179.63:7172" "Global"  was disconnected ( "Connection refused" )
[ 2026-05-06 21:07:23,424 ] StartDownload:  QUrl("")
[ 2026-05-06 21:07:23,425 ] Disconnected from gameserver
[ 2026-05-06 21:07:24,617 ] Request connection to gameserver  "tcp://108.165.179.63:7172"  (unprotected:  "tcp://108.165.179.63:7172" )  requested (Charakter "Druid Sample" )
[ 2026-05-06 21:07:24,618 ] Request connection to gameserver  "tcp://108.165.179.63:7172" "Global"
[ 2026-05-06 21:07:28,922 ] Connection to gameserver  "tcp://108.165.179.63:7172" "Global"  was disconnected ( "Connection refused" )
[ 2026-05-06 21:07:29,922 ] Request connection to gameserver  "tcp://108.165.179.63:7172" "Global"
[ 2026-05-06 21:07:34,222 ] Connection to gameserver  "tcp://108.165.179.63:7172" "Global"  was disconnected ( "Connection refused" )
[ 2026-05-06 21:07:34,224 ] StartDownload:  QUrl("")
[ 2026-05-06 21:07:34,225 ] Disconnected from gameserver
[ 2026-05-06 21:07:36,499 ] Request connection to gameserver  "tcp://108.165.179.63:7172"  (unprotected:  "tcp://108.165.179.63:7172" )  requested (Charakter "Druid Sample" )
[ 2026-05-06 21:07:36,500 ] Request connection to gameserver  "tcp://108.165.179.63:7172" "Global"
[ 2026-05-06 21:07:40,822 ] Connection to gameserver  "tcp://108.165.179.63:7172" "Global"  was disconnected ( "Connection refused" )
[ 2026-05-06 21:07:41,822 ] Request connection to gameserver  "tcp://108.165.179.63:7172" "Global"
[ 2026-05-06 21:07:46,122 ] Connection to gameserver  "tcp://108.165.179.63:7172" "Global"  was disconnected ( "Connection refused" )
[ 2026-05-06 21:07:46,124 ] StartDownload:  QUrl("")
[ 2026-05-06 21:07:46,125 ] Disconnected from gameserver
[ 2026-05-06 21:07:50,590 ] Request connection to gameserver  "tcp://108.165.179.63:7172"  (unprotected:  "tcp://108.165.179.63:7172" )  requested (Charakter "Druid Sample" )
[ 2026-05-06 21:07:50,591 ] Request connection to gameserver  "tcp://108.165.179.63:7172" "Global"
[ 2026-05-06 21:07:54,922 ] Connection to gameserver  "tcp://108.165.179.63:7172" "Global"  was disconnected ( "Connection refused" )
[ 2026-05-06 21:07:55,922 ] Request connection to gameserver  "tcp://108.165.179.63:7172" "Global"
[ 2026-05-06 21:08:00,222 ] Connection to gameserver  "tcp://108.165.179.63:7172" "Global"  was disconnected ( "Connection refused" )
[ 2026-05-06 21:08:00,225 ] StartDownload:  QUrl("")
[ 2026-05-06 21:08:00,226 ] Disconnected from gameserver
[ 2026-05-06 21:08:05,777 ] Request connection to gameserver  "tcp://108.165.179.63:7172"  (unprotected:  "tcp://108.165.179.63:7172" )  requested (Charakter "Druid Sample" )
[ 2026-05-06 21:08:05,779 ] Request connection to gameserver  "tcp://108.165.179.63:7172" "Global"
[ 2026-05-06 21:08:10,122 ] Connection to gameserver  "tcp://108.165.179.63:7172" "Global"  was disconnected ( "Connection refused" )
[ 2026-05-06 21:08:11,122 ] Request connection to gameserver  "tcp://108.165.179.63:7172" "Global"
[ 2026-05-06 21:08:15,422 ] Connection to gameserver  "tcp://108.165.179.63:7172" "Global"  was disconnected ( "Connection refused" )
[ 2026-05-06 21:08:15,425 ] StartDownload:  QUrl("")
[ 2026-05-06 21:08:15,425 ] Disconnected from gameserver
[ 2026-05-06 21:08:20,980 ] Request connection to gameserver  "tcp://108.165.179.63:7172"  (unprotected:  "tcp://108.165.179.63:7172" )  requested (Charakter "Druid Sample" )
[ 2026-05-06 21:08:20,981 ] Request connection to gameserver  "tcp://108.165.179.63:7172" "Global"
[ 2026-05-06 21:08:21,007 ] Connected to gameserver  "tcp://108.165.179.63:7172" "Global"
[ 2026-05-06 21:08:21,254 ] "updateOrCreateCreatureFromProtobuf: no creature with id 1342204840 found"
[ 2026-05-06 21:08:21,254 ] "updateOrCreateCreatureFromProtobuf: no creature with id 1342216946 found"
[ 2026-05-06 21:08:21,254 ] "updateOrCreateCreatureFromProtobuf: no creature with id 1342216947 found"
[ 2026-05-06 21:08:21,254 ] "updateOrCreateCreatureFromProtobuf: no creature with id 1342216948 found"
[ 2026-05-06 21:08:21,254 ] "updateOrCreateCreatureFromProtobuf: no creature with id 1342194040 found"
[ 2026-05-06 21:08:21,254 ] "updateOrCreateCreatureFromProtobuf: no creature with id 1342204841 found"
[ 2026-05-06 21:08:21,254 ] "updateOrCreateCreatureFromProtobuf: no creature with id 1342216991 found"
[ 2026-05-06 21:08:21,254 ] "updateOrCreateCreatureFromProtobuf: no creature with id 1342216992 found"
[ 2026-05-06 21:08:21,255 ] "updateOrCreateCreatureFromProtobuf: no creature with id 1342216993 found"
[ 2026-05-06 21:08:21,255 ] "updateOrCreateCreatureFromProtobuf: no creature with id 1342216990 found"
[ 2026-05-06 21:08:21,255 ] "updateOrCreateCreatureFromProtobuf: no creature with id 1342216994 found"
[ 2026-05-06 21:08:21,255 ] "updateOrCreateCreatureFromProtobuf: no creature with id 1342216995 found"
[ 2026-05-06 21:12:41,372 ] Connection to gameserver  "tcp://108.165.179.63:7172" "Global"  was disconnected ( "The remote host closed the connection" )
[ 2026-05-06 21:12:41,376 ] StartDownload:  QUrl("")
[ 2026-05-06 21:12:41,419 ] Disconnected from gameserver
[ 2026-05-06 21:13:34,513 ] Didn't send news query with params (HighPotential: false Returner: true MaxKnownEditDate: 1590979202 ) (URL: QUrl("http://108.165.179.63/login.php") ) due to too many retries.
[ 2026-05-06 21:13:34,871 ] Request connection to gameserver  "tcp://108.165.179.63:7172"  (unprotected:  "tcp://108.165.179.63:7172" )  requested (Charakter "Druid Sample" )
[ 2026-05-06 21:13:34,872 ] Request connection to gameserver  "tcp://108.165.179.63:7172" "Global"
[ 2026-05-06 21:13:34,898 ] Connected to gameserver  "tcp://108.165.179.63:7172" "Global"
[ 2026-05-06 21:13:35,153 ] "updateOrCreateCreatureFromProtobuf: no creature with id 1342180179 found"
[ 2026-05-06 21:13:35,153 ] "updateOrCreateCreatureFromProtobuf: no creature with id 1342180180 found"
[ 2026-05-06 21:13:35,153 ] "updateOrCreateCreatureFromProtobuf: no creature with id 1342180181 found"
[ 2026-05-06 21:13:35,153 ] "updateOrCreateCreatureFromProtobuf: no creature with id 1342180182 found"
[ 2026-05-06 21:13:35,154 ] "updateOrCreateCreatureFromProtobuf: no creature with id 1342180187 found"
[ 2026-05-06 21:13:35,154 ] "updateOrCreateCreatureFromProtobuf: no creature with id 1342180190 found"
[ 2026-05-06 21:13:35,154 ] "updateOrCreateCreatureFromProtobuf: no creature with id 1342180191 found"
[ 2026-05-06 21:13:35,154 ] "updateOrCreateCreatureFromProtobuf: no creature with id 1342180193 found"
[ 2026-05-06 21:13:35,154 ] "updateOrCreateCreatureFromProtobuf: no creature with id 1342180194 found"
[ 2026-05-06 21:13:35,154 ] "updateOrCreateCreatureFromProtobuf: no creature with id 1342185363 found"
[ 2026-05-06 21:13:35,154 ] "updateOrCreateCreatureFromProtobuf: no creature with id 1342185364 found"
[ 2026-05-06 21:13:35,154 ] "updateOrCreateCreatureFromProtobuf: no creature with id 1342185354 found"
[ 2026-05-06 21:13:35,154 ] "updateOrCreateCreatureFromProtobuf: no creature with id 1342185355 found"
[ 2026-05-06 21:13:35,154 ] "updateOrCreateCreatureFromProtobuf: no creature with id 1342185365 found"
[ 2026-05-06 21:17:06,572 ] Connection to gameserver  "tcp://108.165.179.63:7172" "Global"  was disconnected ( "The remote host closed the connection" )
[ 2026-05-06 21:17:06,576 ] StartDownload:  QUrl("")
[ 2026-05-06 21:17:06,618 ] Disconnected from gameserver
[ 2026-05-06 21:23:41,106 ] Didn't send news query with params (HighPotential: false Returner: true MaxKnownEditDate: 1590979202 ) (URL: QUrl("http://108.165.179.63/login.php") ) due to too many retries.
[ 2026-05-06 21:23:41,375 ] Request connection to gameserver  "tcp://108.165.179.63:7172"  (unprotected:  "tcp://108.165.179.63:7172" )  requested (Charakter "Druid Sample" )
[ 2026-05-06 21:23:41,378 ] Request connection to gameserver  "tcp://108.165.179.63:7172" "Global"
[ 2026-05-06 21:23:41,402 ] Connected to gameserver  "tcp://108.165.179.63:7172" "Global"
[ 2026-05-06 21:23:41,646 ] "updateOrCreateCreatureFromProtobuf: no creature with id 1342195496 found"
[ 2026-05-06 21:23:41,646 ] "updateOrCreateCreatureFromProtobuf: no creature with id 1342185311 found"
[ 2026-05-06 21:23:41,646 ] "updateOrCreateCreatureFromProtobuf: no creature with id 1342185304 found"
[ 2026-05-06 21:23:41,646 ] "updateOrCreateCreatureFromProtobuf: no creature with id 1342185305 found"
[ 2026-05-06 21:23:41,646 ] "updateOrCreateCreatureFromProtobuf: no creature with id 1342185306 found"
[ 2026-05-06 21:27:40,122 ] Connection to gameserver  "tcp://108.165.179.63:7172" "Global"  was disconnected ( "The remote host closed the connection" )
[ 2026-05-06 21:27:40,125 ] StartDownload:  QUrl("")
[ 2026-05-06 21:27:40,166 ] Disconnected from gameserver
[ 2026-05-06 21:31:50,849 ] Didn't send news query with params (HighPotential: false Returner: true MaxKnownEditDate: 1590979202 ) (URL: QUrl("http://108.165.179.63/login.php") ) due to too many retries.
[ 2026-05-06 21:31:51,769 ] Request connection to gameserver  "tcp://108.165.179.63:7172"  (unprotected:  "tcp://108.165.179.63:7172" )  requested (Charakter "Druid Sample" )
[ 2026-05-06 21:31:51,772 ] Request connection to gameserver  "tcp://108.165.179.63:7172" "Global"
[ 2026-05-06 21:31:51,796 ] Connected to gameserver  "tcp://108.165.179.63:7172" "Global"
[ 2026-05-06 21:32:32,409 ] StartDownload:  QUrl("http://108.165.179.63/images/store/13/Category_PremiumTime.png")
[ 2026-05-06 21:32:32,435 ] StartDownload:  QUrl("http://108.165.179.63/images/store/13/Category_Consumables.png")
[ 2026-05-06 21:32:32,437 ] StartDownload:  QUrl("http://108.165.179.63/images/store/13/Category_Cosmetics.png")
[ 2026-05-06 21:32:32,437 ] StartDownload:  QUrl("http://108.165.179.63/images/store/13/Category_HouseTools.png")
[ 2026-05-06 21:32:32,438 ] StartDownload:  QUrl("http://108.165.179.63/images/store/13/Category_Boosts.png")
[ 2026-05-06 21:32:32,438 ] StartDownload:  QUrl("http://108.165.179.63/images/store/13/Category_Extras.png")
[ 2026-05-06 21:32:32,473 ] qrc:/qt/qml/qmlcomponents/qml/StoreMainPage.qml:75:9: QML QQuickImage: Error decoding: http://108.165.179.63/images/store//home/banner_armouredarcher.png: Unsupported image format
[ 2026-05-06 21:32:32,473 ] qrc:/qt/qml/qmlcomponents/qml/StoreMainPage.qml:75:9: QML QQuickImage: Error decoding: http://108.165.179.63/images/store//home/banner_podiumoftenacity.png: Unsupported image format
[ 2026-05-06 21:32:32,500 ] StartDownload:  QUrl("http://108.165.179.63/images/store/13/Category_Tournament.png")
[ 2026-05-06 21:32:32,501 ] StartDownload:  QUrl("http://108.165.179.63/images/store/64/Name_Change.png")
[ 2026-05-06 21:32:33,752 ] StartDownload:  QUrl("http://108.165.179.63/images/store/64/Name_Change.png")
[ 2026-05-06 21:32:33,809 ] QQuickPixmap: connectFinished() called when not loading.
[ 2026-05-06 21:32:33,809 ] QQuickPixmap: connectFinished() called when not loading.
[ 2026-05-06 21:32:33,812 ] StartDownload:  QUrl("http://108.165.179.63/images/store/64/Premium_Time_30.png")
[ 2026-05-06 21:32:33,840 ] StartDownload:  QUrl("http://108.165.179.63/images/store/64/Premium_Time_90.png")
[ 2026-05-06 21:32:33,842 ] StartDownload:  QUrl("http://108.165.179.63/images/store/64/Premium_Time_180.png")
[ 2026-05-06 21:32:33,844 ] StartDownload:  QUrl("http://108.165.179.63/images/store/64/Premium_Time_360.png")
[ 2026-05-06 21:32:34,115 ] QQuickPixmap: connectFinished() called when not loading.
[ 2026-05-06 21:32:34,115 ] QQuickPixmap: connectFinished() called when not loading.
[ 2026-05-06 21:32:34,117 ] StartDownload:  QUrl("http://108.165.179.63/images/store/64/Premium_Time_30.png")
[ 2026-05-06 21:32:34,120 ] StartDownload:  QUrl("http://108.165.179.63/images/store/64/Premium_Time_90.png")
[ 2026-05-06 21:32:34,123 ] StartDownload:  QUrl("http://108.165.179.63/images/store/64/Premium_Time_180.png")
[ 2026-05-06 21:32:34,125 ] StartDownload:  QUrl("http://108.165.179.63/images/store/64/Premium_Time_360.png")
[ 2026-05-06 21:32:34,127 ] StartDownload:  QUrl("http://108.165.179.63/images/store/13/Category_Blessings.png")
[ 2026-05-06 21:32:34,127 ] StartDownload:  QUrl("http://108.165.179.63/images/store/13/Category_Casks.png")
[ 2026-05-06 21:32:34,285 ] QQuickPixmap: connectFinished() called when not loading.
[ 2026-05-06 21:32:34,286 ] QQuickPixmap: connectFinished() called when not loading.
[ 2026-05-06 21:32:34,286 ] QQuickPixmap: connectFinished() called when not loading.
[ 2026-05-06 21:32:34,317 ] StartDownload:  QUrl("http://108.165.179.63/images/store/13/Category_ExerciseWeapons.png")
[ 2026-05-06 21:32:34,318 ] StartDownload:  QUrl("http://108.165.179.63/images/store/13/Category_Kegs.png")
[ 2026-05-06 21:32:34,319 ] StartDownload:  QUrl("http://108.165.179.63/images/store/13/Category_Potions.png")
[ 2026-05-06 21:32:34,319 ] StartDownload:  QUrl("http://108.165.179.63/images/store/13/Category_Runes.png")
[ 2026-05-06 21:32:34,320 ] StartDownload:  QUrl("http://108.165.179.63/images/store/64/All_PvE_Blessings.png")
[ 2026-05-06 21:32:34,322 ] StartDownload:  QUrl("http://108.165.179.63/images/store/64/Blood_of_the_Mountain.png")
[ 2026-05-06 21:32:34,346 ] StartDownload:  QUrl("http://108.165.179.63/images/store/64/Death_Redemption.png")
[ 2026-05-06 21:32:34,347 ] StartDownload:  QUrl("http://108.165.179.63/images/store/64/Heart_of_the_Mountain.png")
[ 2026-05-06 21:32:34,348 ] StartDownload:  QUrl("http://108.165.179.63/images/store/64/Embrace_of_Tibia.png")
[ 2026-05-06 21:32:34,349 ] StartDownload:  QUrl("http://108.165.179.63/images/store/64/Fire_of_the_Suns.png")
[ 2026-05-06 21:32:34,349 ] StartDownload:  QUrl("http://108.165.179.63/images/store/64/Spark_of_the_Phoenix.png")
[ 2026-05-06 21:32:34,349 ] StartDownload:  QUrl("http://108.165.179.63/images/store/64/Spiritual_Shielding.png")
[ 2026-05-06 21:32:34,374 ] StartDownload:  QUrl("http://108.165.179.63/images/store/64/Wisdom_of_Solitude.png")
[ 2026-05-06 21:32:34,426 ] StartDownload:  QUrl("http://108.165.179.63/images/store/13/Category_Casks.png")
[ 2026-05-06 21:32:34,549 ] StartDownload:  QUrl("http://108.165.179.63/images/store/13/Category_Casks.png")
[ 2026-05-06 21:32:34,698 ] QQuickPixmap: connectFinished() called when not loading.
[ 2026-05-06 21:32:34,699 ] QQuickPixmap: connectFinished() called when not loading.
[ 2026-05-06 21:32:34,699 ] QQuickPixmap: connectFinished() called when not loading.
[ 2026-05-06 21:32:34,704 ] StartDownload:  QUrl("http://108.165.179.63/images/store/64/All_PvE_Blessings.png")
[ 2026-05-06 21:32:34,709 ] StartDownload:  QUrl("http://108.165.179.63/images/store/64/Blood_of_the_Mountain.png")
[ 2026-05-06 21:32:34,711 ] StartDownload:  QUrl("http://108.165.179.63/images/store/64/Death_Redemption.png")
[ 2026-05-06 21:32:34,713 ] StartDownload:  QUrl("http://108.165.179.63/images/store/64/Heart_of_the_Mountain.png")
[ 2026-05-06 21:32:34,715 ] StartDownload:  QUrl("http://108.165.179.63/images/store/64/Embrace_of_Tibia.png")
[ 2026-05-06 21:32:34,716 ] StartDownload:  QUrl("http://108.165.179.63/images/store/13/Category_Blessings.png")
[ 2026-05-06 21:32:34,718 ] QQuickPixmap: connectFinished() called when not loading.
[ 2026-05-06 21:32:34,718 ] QQuickPixmap: connectFinished() called when not loading.
[ 2026-05-06 21:32:34,718 ] QQuickPixmap: connectFinished() called when not loading.
[ 2026-05-06 21:32:34,719 ] QQuickPixmap: connectFinished() called when not loading.
[ 2026-05-06 21:32:34,719 ] QQuickPixmap: connectFinished() called when not loading.
[ 2026-05-06 21:32:34,720 ] QQuickPixmap: connectFinished() called when not loading.
[ 2026-05-06 21:32:34,753 ] StartDownload:  QUrl("http://108.165.179.63/images/store/13/Category_Casks.png")
[ 2026-05-06 21:32:34,957 ] StartDownload:  QUrl("http://108.165.179.63/images/store/13/Category_Kegs.png")
[ 2026-05-06 21:32:35,068 ] StartDownload:  QUrl("http://108.165.179.63/images/store/13/Category_Kegs.png")
[ 2026-05-06 21:32:35,220 ] QQuickPixmap: connectFinished() called when not loading.
[ 2026-05-06 21:32:35,220 ] QQuickPixmap: connectFinished() called when not loading.
[ 2026-05-06 21:32:35,220 ] QQuickPixmap: connectFinished() called when not loading.
[ 2026-05-06 21:32:35,220 ] QQuickPixmap: connectFinished() called when not loading.
[ 2026-05-06 21:32:35,221 ] QQuickPixmap: connectFinished() called when not loading.
[ 2026-05-06 21:32:35,222 ] QQuickPixmap: connectFinished() called when not loading.
[ 2026-05-06 21:32:35,222 ] QQuickPixmap: connectFinished() called when not loading.
[ 2026-05-06 21:32:35,235 ] StartDownload:  QUrl("http://108.165.179.63/images/store/13/Category_Casks.png")
[ 2026-05-06 21:32:35,235 ] StartDownload:  QUrl("http://108.165.179.63/images/store/13/Category_Kegs.png")
[ 2026-05-06 21:32:35,240 ] QQuickPixmap: connectFinished() called when not loading.
[ 2026-05-06 21:32:35,240 ] QQuickPixmap: connectFinished() called when not loading.
[ 2026-05-06 21:32:37,045 ] QQuickPixmap: connectFinished() called when not loading.
[ 2026-05-06 21:32:37,045 ] QQuickPixmap: connectFinished() called when not loading.
[ 2026-05-06 21:32:37,046 ] QQuickPixmap: connectFinished() called when not loading.
[ 2026-05-06 21:32:37,046 ] QQuickPixmap: connectFinished() called when not loading.
[ 2026-05-06 21:32:37,060 ] StartDownload:  QUrl("http://108.165.179.63/images/store/13/Category_Tickets.png")
[ 2026-05-06 21:32:37,060 ] StartDownload:  QUrl("http://108.165.179.63/images/store/13/Category_ExclusiveOffers.png")
[ 2026-05-06 21:32:37,062 ] StartDownload:  QUrl("http://108.165.179.63/images/store/64/Tournament_Restricted.png")
[ 2026-05-06 21:32:40,078 ] StartDownload:  QUrl("http://108.165.179.63/images/store/13/Category_ExclusiveOffers.png")
[ 2026-05-06 21:32:40,194 ] StartDownload:  QUrl("http://108.165.179.63/images/store/13/Category_ExclusiveOffers.png")
[ 2026-05-06 21:32:40,350 ] StartDownload:  QUrl("http://108.165.179.63/images/store/64/Tournament_Restricted.png")
[ 2026-05-06 21:32:40,353 ] StartDownload:  QUrl("http://108.165.179.63/images/store/13/Category_Tickets.png")
[ 2026-05-06 21:32:40,354 ] StartDownload:  QUrl("http://108.165.179.63/images/store/13/Category_ExclusiveOffers.png")
[ 2026-05-06 21:32:40,355 ] QQuickPixmap: connectFinished() called when not loading.
[ 2026-05-06 21:32:40,355 ] QQuickPixmap: connectFinished() called when not loading.
[ 2026-05-06 21:32:40,355 ] QQuickPixmap: connectFinished() called when not loading.
[ 2026-05-06 21:32:40,356 ] QQuickPixmap: connectFinished() called when not loading.
[ 2026-05-06 21:32:41,050 ] QQuickPixmap: connectFinished() called when not loading.
[ 2026-05-06 21:32:41,051 ] QQuickPixmap: connectFinished() called when not loading.
[ 2026-05-06 21:32:41,051 ] QQuickPixmap: connectFinished() called when not loading.
[ 2026-05-06 21:32:41,051 ] QQuickPixmap: connectFinished() called when not loading.
[ 2026-05-06 21:32:41,064 ] StartDownload:  QUrl("http://108.165.179.63/images/store/13/Category_ExtraServices.png")
[ 2026-05-06 21:32:41,088 ] StartDownload:  QUrl("http://108.165.179.63/images/store/13/Category_UsefulThings.png")
[ 2026-05-06 21:32:41,089 ] QQuickPixmap: connectFinished() called when not loading.
[ 2026-05-06 21:32:41,089 ] QQuickPixmap: connectFinished() called when not loading.
[ 2026-05-06 21:32:41,092 ] StartDownload:  QUrl("http://108.165.179.63/images/store/64/Name_Change.png")
[ 2026-05-06 21:32:41,096 ] StartDownload:  QUrl("http://108.165.179.63/images/store/64/Sex_Change.png")
[ 2026-05-06 21:32:46,222 ] Connection to gameserver  "tcp://108.165.179.63:7172" "Global"  was disconnected ( "The remote host closed the connection" )
[ 2026-05-06 21:32:46,226 ] StartDownload:  QUrl("")
[ 2026-05-06 21:32:46,265 ] Disconnected from gameserver
[ 2026-05-06 21:33:28,135 ] Didn't send news query with params (HighPotential: false Returner: true MaxKnownEditDate: 1590979202 ) (URL: QUrl("http://108.165.179.63/login.php") ) due to too many retries.
[ 2026-05-06 21:33:28,957 ] Request connection to gameserver  "tcp://108.165.179.63:7172"  (unprotected:  "tcp://108.165.179.63:7172" )  requested (Charakter "Druid Sample" )
[ 2026-05-06 21:33:28,960 ] Request connection to gameserver  "tcp://108.165.179.63:7172" "Global"
[ 2026-05-06 21:33:30,569 ] Connected to gameserver  "tcp://108.165.179.63:7172" "Global"
[ 2026-05-06 21:33:33,372 ] Connection to gameserver  "tcp://108.165.179.63:7172" "Global"  was disconnected ( "The remote host closed the connection" )
[ 2026-05-06 21:33:33,377 ] StartDownload:  QUrl("")
[ 2026-05-06 21:33:33,420 ] Disconnected from gameserver
[ 2026-05-06 21:33:34,628 ] Didn't send news query with params (HighPotential: false Returner: true MaxKnownEditDate: 1590979202 ) (URL: QUrl("http://108.165.179.63/login.php") ) due to too many retries.
[ 2026-05-06 21:33:35,573 ] Request connection to gameserver  "tcp://108.165.179.63:7172"  (unprotected:  "tcp://108.165.179.63:7172" )  requested (Charakter "Druid Sample" )
[ 2026-05-06 21:33:35,575 ] Request connection to gameserver  "tcp://108.165.179.63:7172" "Global"
[ 2026-05-06 21:33:35,601 ] Connected to gameserver  "tcp://108.165.179.63:7172" "Global"
[ 2026-05-06 21:33:37,550 ] StartDownload:  QUrl("http://108.165.179.63/store/images/13/Category_PremiumTime.png")
[ 2026-05-06 21:33:37,551 ] StartDownload:  QUrl("http://108.165.179.63/store/images/13/Category_Consumables.png")
[ 2026-05-06 21:33:37,551 ] StartDownload:  QUrl("http://108.165.179.63/store/images/13/Category_Cosmetics.png")
[ 2026-05-06 21:33:37,552 ] StartDownload:  QUrl("http://108.165.179.63/store/images/13/Category_HouseTools.png")
[ 2026-05-06 21:33:37,552 ] StartDownload:  QUrl("http://108.165.179.63/store/images/13/Category_Boosts.png")
[ 2026-05-06 21:33:37,553 ] StartDownload:  QUrl("http://108.165.179.63/store/images/13/Category_Extras.png")
[ 2026-05-06 21:33:37,580 ] qrc:/qt/qml/qmlcomponents/qml/StoreMainPage.qml:75:9: QML QQuickImage: Error decoding: http://108.165.179.63/store/images//home/banner_podiumoftenacity.png: Unsupported image format
[ 2026-05-06 21:33:37,580 ] qrc:/qt/qml/qmlcomponents/qml/StoreMainPage.qml:75:9: QML QQuickImage: Error decoding: http://108.165.179.63/store/images//home/banner_armouredarcher.png: Unsupported image format
[ 2026-05-06 21:33:37,724 ] StartDownload:  QUrl("http://108.165.179.63/store/images/13/Category_Tournament.png")
[ 2026-05-06 21:33:37,758 ] StartDownload:  QUrl("http://108.165.179.63/store/images/64/Name_Change.png")
[ 2026-05-06 21:33:39,793 ] StartDownload:  QUrl("http://108.165.179.63/store/images/64/Name_Change.png")
[ 2026-05-06 21:33:39,806 ] QQuickPixmap: connectFinished() called when not loading.
[ 2026-05-06 21:33:39,806 ] QQuickPixmap: connectFinished() called when not loading.
[ 2026-05-06 21:33:39,809 ] StartDownload:  QUrl("http://108.165.179.63/store/images/64/Premium_Time_30.png")
[ 2026-05-06 21:33:39,812 ] StartDownload:  QUrl("http://108.165.179.63/store/images/64/Premium_Time_90.png")
[ 2026-05-06 21:33:39,814 ] StartDownload:  QUrl("http://108.165.179.63/store/images/64/Premium_Time_180.png")
[ 2026-05-06 21:33:39,816 ] StartDownload:  QUrl("http://108.165.179.63/store/images/64/Premium_Time_360.png")
[ 2026-05-06 21:33:40,846 ] QQuickPixmap: connectFinished() called when not loading.
[ 2026-05-06 21:33:40,846 ] QQuickPixmap: connectFinished() called when not loading.
[ 2026-05-06 21:33:40,849 ] StartDownload:  QUrl("http://108.165.179.63/store/images/64/Premium_Time_30.png")
[ 2026-05-06 21:33:40,853 ] StartDownload:  QUrl("http://108.165.179.63/store/images/64/Premium_Time_90.png")
[ 2026-05-06 21:33:40,855 ] StartDownload:  QUrl("http://108.165.179.63/store/images/64/Premium_Time_180.png")
[ 2026-05-06 21:33:40,858 ] StartDownload:  QUrl("http://108.165.179.63/store/images/64/Premium_Time_360.png")
[ 2026-05-06 21:33:40,860 ] StartDownload:  QUrl("http://108.165.179.63/store/images/13/Category_Blessings.png")
[ 2026-05-06 21:33:40,860 ] StartDownload:  QUrl("http://108.165.179.63/store/images/13/Category_Casks.png")
[ 2026-05-06 21:33:40,863 ] QQuickPixmap: connectFinished() called when not loading.
[ 2026-05-06 21:33:40,863 ] QQuickPixmap: connectFinished() called when not loading.
[ 2026-05-06 21:33:40,863 ] QQuickPixmap: connectFinished() called when not loading.
[ 2026-05-06 21:33:40,973 ] StartDownload:  QUrl("http://108.165.179.63/store/images/13/Category_ExerciseWeapons.png")
[ 2026-05-06 21:33:41,008 ] StartDownload:  QUrl("http://108.165.179.63/store/images/13/Category_Kegs.png")
[ 2026-05-06 21:33:41,010 ] StartDownload:  QUrl("http://108.165.179.63/store/images/13/Category_Potions.png")
[ 2026-05-06 21:33:41,011 ] StartDownload:  QUrl("http://108.165.179.63/store/images/13/Category_Runes.png")
[ 2026-05-06 21:33:41,011 ] StartDownload:  QUrl("http://108.165.179.63/store/images/64/All_PvE_Blessings.png")
[ 2026-05-06 21:33:41,012 ] StartDownload:  QUrl("http://108.165.179.63/store/images/64/Blood_of_the_Mountain.png")
[ 2026-05-06 21:33:41,044 ] StartDownload:  QUrl("http://108.165.179.63/store/images/64/Death_Redemption.png")
[ 2026-05-06 21:33:41,069 ] StartDownload:  QUrl("http://108.165.179.63/store/images/64/Heart_of_the_Mountain.png")
[ 2026-05-06 21:33:41,094 ] StartDownload:  QUrl("http://108.165.179.63/store/images/64/Embrace_of_Tibia.png")
[ 2026-05-06 21:33:41,118 ] StartDownload:  QUrl("http://108.165.179.63/store/images/64/Fire_of_the_Suns.png")
[ 2026-05-06 21:33:41,142 ] StartDownload:  QUrl("http://108.165.179.63/store/images/64/Spark_of_the_Phoenix.png")
[ 2026-05-06 21:33:41,167 ] StartDownload:  QUrl("http://108.165.179.63/store/images/64/Spiritual_Shielding.png")
[ 2026-05-06 21:33:41,203 ] StartDownload:  QUrl("http://108.165.179.63/store/images/64/Wisdom_of_Solitude.png")
[ 2026-05-06 21:33:41,426 ] StartDownload:  QUrl("http://108.165.179.63/store/images/13/Category_Casks.png")
[ 2026-05-06 21:33:41,533 ] StartDownload:  QUrl("http://108.165.179.63/store/images/13/Category_Casks.png")
[ 2026-05-06 21:33:41,682 ] QQuickPixmap: connectFinished() called when not loading.
[ 2026-05-06 21:33:41,682 ] QQuickPixmap: connectFinished() called when not loading.
[ 2026-05-06 21:33:41,682 ] QQuickPixmap: connectFinished() called when not loading.
[ 2026-05-06 21:33:41,687 ] StartDownload:  QUrl("http://108.165.179.63/store/images/64/All_PvE_Blessings.png")
[ 2026-05-06 21:33:41,692 ] StartDownload:  QUrl("http://108.165.179.63/store/images/64/Blood_of_the_Mountain.png")
[ 2026-05-06 21:33:41,695 ] StartDownload:  QUrl("http://108.165.179.63/store/images/64/Death_Redemption.png")
[ 2026-05-06 21:33:41,698 ] StartDownload:  QUrl("http://108.165.179.63/store/images/64/Heart_of_the_Mountain.png")
[ 2026-05-06 21:33:41,700 ] StartDownload:  QUrl("http://108.165.179.63/store/images/64/Embrace_of_Tibia.png")
[ 2026-05-06 21:33:41,702 ] StartDownload:  QUrl("http://108.165.179.63/store/images/13/Category_Blessings.png")
[ 2026-05-06 21:33:41,704 ] QQuickPixmap: connectFinished() called when not loading.
[ 2026-05-06 21:33:41,704 ] QQuickPixmap: connectFinished() called when not loading.
[ 2026-05-06 21:33:41,705 ] QQuickPixmap: connectFinished() called when not loading.
[ 2026-05-06 21:33:41,705 ] QQuickPixmap: connectFinished() called when not loading.
[ 2026-05-06 21:33:41,705 ] QQuickPixmap: connectFinished() called when not loading.
[ 2026-05-06 21:33:41,706 ] QQuickPixmap: connectFinished() called when not loading.
[ 2026-05-06 21:33:41,738 ] StartDownload:  QUrl("http://108.165.179.63/store/images/13/Category_Casks.png")
[ 2026-05-06 21:33:42,798 ] StartDownload:  QUrl("http://108.165.179.63/store/images/13/Category_Runes.png")
[ 2026-05-06 21:33:43,220 ] QQuickPixmap: connectFinished() called when not loading.
[ 2026-05-06 21:33:43,220 ] QQuickPixmap: connectFinished() called when not loading.
[ 2026-05-06 21:33:43,221 ] QQuickPixmap: connectFinished() called when not loading.
[ 2026-05-06 21:33:43,221 ] QQuickPixmap: connectFinished() called when not loading.
[ 2026-05-06 21:33:43,221 ] QQuickPixmap: connectFinished() called when not loading.
[ 2026-05-06 21:33:43,222 ] QQuickPixmap: connectFinished() called when not loading.
[ 2026-05-06 21:33:43,222 ] QQuickPixmap: connectFinished() called when not loading.
[ 2026-05-06 21:33:43,235 ] StartDownload:  QUrl("http://108.165.179.63/store/images/13/Category_Casks.png")
[ 2026-05-06 21:33:43,236 ] StartDownload:  QUrl("http://108.165.179.63/store/images/13/Category_Runes.png")
[ 2026-05-06 21:33:43,238 ] QQuickPixmap: connectFinished() called when not loading.
[ 2026-05-06 21:33:43,238 ] QQuickPixmap: connectFinished() called when not loading.
[ 2026-05-06 21:33:43,238 ] QQuickPixmap: connectFinished() called when not loading.
[ 2026-05-06 21:33:43,238 ] QQuickPixmap: connectFinished() called when not loading.
[ 2026-05-06 21:33:43,790 ] StartDownload:  QUrl("http://108.165.179.63/store/images/13/Category_Potions.png")
[ 2026-05-06 21:33:43,965 ] StartDownload:  QUrl("http://108.165.179.63/store/images/13/Category_Potions.png")
[ 2026-05-06 21:33:44,115 ] QQuickPixmap: connectFinished() called when not loading.
[ 2026-05-06 21:33:44,115 ] QQuickPixmap: connectFinished() called when not loading.
[ 2026-05-06 21:33:44,116 ] QQuickPixmap: connectFinished() called when not loading.
[ 2026-05-06 21:33:44,116 ] QQuickPixmap: connectFinished() called when not loading.
[ 2026-05-06 21:33:44,116 ] QQuickPixmap: connectFinished() called when not loading.
[ 2026-05-06 21:33:44,130 ] StartDownload:  QUrl("http://108.165.179.63/store/images/13/Category_Potions.png")
[ 2026-05-06 21:33:44,131 ] StartDownload:  QUrl("http://108.165.179.63/store/images/13/Category_Runes.png")
[ 2026-05-06 21:33:44,474 ] StartDownload:  QUrl("http://108.165.179.63/store/images/13/Category_Kegs.png")
[ 2026-05-06 21:33:44,656 ] StartDownload:  QUrl("http://108.165.179.63/store/images/13/Category_Kegs.png")
[ 2026-05-06 21:33:44,807 ] QQuickPixmap: connectFinished() called when not loading.
[ 2026-05-06 21:33:44,807 ] QQuickPixmap: connectFinished() called when not loading.
[ 2026-05-06 21:33:44,807 ] QQuickPixmap: connectFinished() called when not loading.
[ 2026-05-06 21:33:44,808 ] QQuickPixmap: connectFinished() called when not loading.
[ 2026-05-06 21:33:44,808 ] QQuickPixmap: connectFinished() called when not loading.
[ 2026-05-06 21:33:44,827 ] StartDownload:  QUrl("http://108.165.179.63/store/images/13/Category_Kegs.png")
[ 2026-05-06 21:33:44,828 ] StartDownload:  QUrl("http://108.165.179.63/store/images/13/Category_Potions.png")
[ 2026-05-06 21:33:44,830 ] QQuickPixmap: connectFinished() called when not loading.
[ 2026-05-06 21:33:45,759 ] QQuickPixmap: connectFinished() called when not loading.
[ 2026-05-06 21:33:45,760 ] QQuickPixmap: connectFinished() called when not loading.
[ 2026-05-06 21:33:45,760 ] QQuickPixmap: connectFinished() called when not loading.
[ 2026-05-06 21:33:45,760 ] QQuickPixmap: connectFinished() called when not loading.
[ 2026-05-06 21:33:45,774 ] StartDownload:  QUrl("http://108.165.179.63/store/images/13/Category_Mounts.png")
[ 2026-05-06 21:33:45,775 ] StartDownload:  QUrl("http://108.165.179.63/store/images/13/Category_Outfits.png")
[ 2026-05-06 21:33:45,776 ] QQuickPixmap: connectFinished() called when not loading.
[ 2026-05-06 21:33:46,927 ] QQuickPixmap: connectFinished() called when not loading.
[ 2026-05-06 21:33:47,159 ] QQuickPixmap: connectFinished() called when not loading.
[ 2026-05-06 21:33:47,172 ] StartDownload:  QUrl("http://108.165.179.63/store/images/13/Category_HouseDecorations.png")
[ 2026-05-06 21:33:47,173 ] StartDownload:  QUrl("http://108.165.179.63/store/images/13/Category_HouseFurniture.png")
[ 2026-05-06 21:33:47,174 ] StartDownload:  QUrl("http://108.165.179.63/store/images/13/Category_Beds.png")
[ 2026-05-06 21:33:47,174 ] StartDownload:  QUrl("http://108.165.179.63/store/images/13/Category_HouseUpgrades.png")
[ 2026-05-06 21:33:47,175 ] StartDownload:  QUrl("http://108.165.179.63/store/images/13/Category_HouseTools_NPCApprenticeships.png")
[ 2026-05-06 21:33:47,175 ] StartDownload:  QUrl("http://108.165.179.63/store/images/13/Category_HouseTools_NPCDresses.png")
[ 2026-05-06 21:33:47,177 ] QQuickPixmap: connectFinished() called when not loading.
[ 2026-05-06 21:33:47,177 ] QQuickPixmap: connectFinished() called when not loading.
[ 2026-05-06 21:33:47,177 ] QQuickPixmap: connectFinished() called when not loading.
[ 2026-05-06 21:33:47,178 ] QQuickPixmap: connectFinished() called when not loading.
[ 2026-05-06 21:33:47,178 ] QQuickPixmap: connectFinished() called when not loading.
[ 2026-05-06 21:33:47,918 ] StartDownload:  QUrl("http://108.165.179.63/store/images/13/Category_HouseUpgrades.png")
[ 2026-05-06 21:33:48,033 ] StartDownload:  QUrl("http://108.165.179.63/store/images/13/Category_HouseUpgrades.png")
[ 2026-05-06 21:33:48,181 ] QQuickPixmap: connectFinished() called when not loading.
[ 2026-05-06 21:33:48,182 ] QQuickPixmap: connectFinished() called when not loading.
[ 2026-05-06 21:33:48,182 ] QQuickPixmap: connectFinished() called when not loading.
[ 2026-05-06 21:33:48,182 ] QQuickPixmap: connectFinished() called when not loading.
[ 2026-05-06 21:33:48,182 ] QQuickPixmap: connectFinished() called when not loading.
[ 2026-05-06 21:33:48,201 ] StartDownload:  QUrl("http://108.165.179.63/store/images/13/Category_HouseDecorations.png")
[ 2026-05-06 21:33:48,202 ] StartDownload:  QUrl("http://108.165.179.63/store/images/13/Category_HouseUpgrades.png")
[ 2026-05-06 21:33:48,204 ] QQuickPixmap: connectFinished() called when not loading.
[ 2026-05-06 21:33:48,523 ] StartDownload:  QUrl("http://108.165.179.63/store/images/13/Category_Beds.png")
[ 2026-05-06 21:33:48,670 ] StartDownload:  QUrl("http://108.165.179.63/store/images/13/Category_Beds.png")
[ 2026-05-06 21:33:48,818 ] QQuickPixmap: connectFinished() called when not loading.
[ 2026-05-06 21:33:48,819 ] QQuickPixmap: connectFinished() called when not loading.
[ 2026-05-06 21:33:48,819 ] QQuickPixmap: connectFinished() called when not loading.
[ 2026-05-06 21:33:48,820 ] QQuickPixmap: connectFinished() called when not loading.
[ 2026-05-06 21:33:48,820 ] QQuickPixmap: connectFinished() called when not loading.
[ 2026-05-06 21:33:48,821 ] QQuickPixmap: connectFinished() called when not loading.
[ 2026-05-06 21:33:48,833 ] StartDownload:  QUrl("http://108.165.179.63/store/images/13/Category_Beds.png")
[ 2026-05-06 21:33:48,834 ] StartDownload:  QUrl("http://108.165.179.63/store/images/13/Category_HouseUpgrades.png")
[ 2026-05-06 21:33:48,839 ] StartDownload:  QUrl("http://108.165.179.63/store/images/64/Flower_Bed.png")
[ 2026-05-06 21:33:48,843 ] StartDownload:  QUrl("http://108.165.179.63/store/images/64/Grandiose_Bed.png")
[ 2026-05-06 21:33:48,846 ] StartDownload:  QUrl("http://108.165.179.63/store/images/64/Homely_Bed.png")
[ 2026-05-06 21:33:48,848 ] StartDownload:  QUrl("http://108.165.179.63/store/images/64/Knightly_Bed.png")
[ 2026-05-06 21:33:48,915 ] StartDownload:  QUrl("http://108.165.179.63/store/images/64/Kraken_Bed.png")
[ 2026-05-06 21:33:48,915 ] StartDownload:  QUrl("http://108.165.179.63/store/images/64/Log_Bed.png")
[ 2026-05-06 21:33:48,916 ] StartDownload:  QUrl("http://108.165.179.63/store/images/64/Magnificent_Bed.png")
[ 2026-05-06 21:33:48,950 ] StartDownload:  QUrl("http://108.165.179.63/store/images/64/Opulent_Kline.png")
[ 2026-05-06 21:33:48,996 ] StartDownload:  QUrl("http://108.165.179.63/store/images/64/Ornate_Bed.png")
[ 2026-05-06 21:33:49,579 ] StartDownload:  QUrl("http://108.165.179.63/store/images/64/Seafarer_Bed.png")
[ 2026-05-06 21:33:49,593 ] StartDownload:  QUrl("http://108.165.179.63/store/images/64/Sleeping_Mat.png")
[ 2026-05-06 21:33:49,675 ] StartDownload:  QUrl("http://108.165.179.63/store/images/64/Vengothic_Bed.png")
[ 2026-05-06 21:33:49,922 ] StartDownload:  QUrl("http://108.165.179.63/store/images/64/Verdant_Bed.png")
[ 2026-05-06 21:33:49,950 ] StartDownload:  QUrl("http://108.165.179.63/store/images/64/Wrought-Iron_Bed.png")
[ 2026-05-06 21:33:51,654 ] StartDownload:  QUrl("http://108.165.179.63/store/images/13/Category_HouseTools_NPCApprenticeships.png")
[ 2026-05-06 21:33:51,769 ] StartDownload:  QUrl("http://108.165.179.63/store/images/13/Category_HouseTools_NPCApprenticeships.png")
[ 2026-05-06 21:33:51,923 ] QQuickPixmap: connectFinished() called when not loading.
[ 2026-05-06 21:33:51,923 ] QQuickPixmap: connectFinished() called when not loading.
[ 2026-05-06 21:33:51,924 ] QQuickPixmap: connectFinished() called when not loading.
[ 2026-05-06 21:33:51,924 ] QQuickPixmap: connectFinished() called when not loading.
[ 2026-05-06 21:33:51,925 ] QQuickPixmap: connectFinished() called when not loading.
[ 2026-05-06 21:33:51,925 ] QQuickPixmap: connectFinished() called when not loading.
[ 2026-05-06 21:33:51,929 ] StartDownload:  QUrl("http://108.165.179.63/store/images/64/Flower_Bed.png")
[ 2026-05-06 21:33:51,933 ] StartDownload:  QUrl("http://108.165.179.63/store/images/64/Grandiose_Bed.png")
[ 2026-05-06 21:33:51,936 ] StartDownload:  QUrl("http://108.165.179.63/store/images/64/Homely_Bed.png")
[ 2026-05-06 21:33:51,939 ] StartDownload:  QUrl("http://108.165.179.63/store/images/64/Knightly_Bed.png")
[ 2026-05-06 21:33:51,941 ] StartDownload:  QUrl("http://108.165.179.63/store/images/64/Kraken_Bed.png")
[ 2026-05-06 21:33:51,944 ] StartDownload:  QUrl("http://108.165.179.63/store/images/13/Category_Beds.png")
[ 2026-05-06 21:33:51,946 ] QQuickPixmap: connectFinished() called when not loading.
[ 2026-05-06 21:33:51,975 ] StartDownload:  QUrl("http://108.165.179.63/store/images/13/Category_HouseTools_NPCApprenticeships.png")
[ 2026-05-06 21:33:51,976 ] StartDownload:  QUrl("http://108.165.179.63/store/images/64/Hireling_Banker.png")
[ 2026-05-06 21:33:51,977 ] StartDownload:  QUrl("http://108.165.179.63/store/images/64/Hireling_Cook.png")
[ 2026-05-06 21:33:51,978 ] StartDownload:  QUrl("http://108.165.179.63/store/images/64/Hireling_Male.png")
[ 2026-05-06 21:33:51,978 ] StartDownload:  QUrl("http://108.165.179.63/store/images/64/Hireling_Steward.png")
[ 2026-05-06 21:33:51,979 ] StartDownload:  QUrl("http://108.165.179.63/store/images/64/Hireling_Trader.png")
[ 2026-05-06 21:33:52,224 ] StartDownload:  QUrl("http://108.165.179.63/store/images/13/Category_HouseUpgrades.png")
[ 2026-05-06 21:33:52,318 ] StartDownload:  QUrl("http://108.165.179.63/store/images/13/Category_HouseUpgrades.png")
[ 2026-05-06 21:33:52,470 ] QQuickPixmap: connectFinished() called when not loading.
[ 2026-05-06 21:33:52,470 ] QQuickPixmap: connectFinished() called when not loading.
[ 2026-05-06 21:33:52,471 ] QQuickPixmap: connectFinished() called when not loading.
[ 2026-05-06 21:33:52,472 ] QQuickPixmap: connectFinished() called when not loading.
[ 2026-05-06 21:33:52,472 ] QQuickPixmap: connectFinished() called when not loading.
[ 2026-05-06 21:33:52,473 ] QQuickPixmap: connectFinished() called when not loading.
[ 2026-05-06 21:33:52,474 ] QQuickPixmap: connectFinished() called when not loading.
[ 2026-05-06 21:33:52,480 ] StartDownload:  QUrl("http://108.165.179.63/store/images/64/Hireling_Banker.png")
[ 2026-05-06 21:33:52,483 ] StartDownload:  QUrl("http://108.165.179.63/store/images/64/Hireling_Cook.png")
[ 2026-05-06 21:33:52,486 ] StartDownload:  QUrl("http://108.165.179.63/store/images/64/Hireling_Male.png")
[ 2026-05-06 21:33:52,490 ] StartDownload:  QUrl("http://108.165.179.63/store/images/13/Category_HouseUpgrades.png")
[ 2026-05-06 21:33:52,492 ] StartDownload:  QUrl("http://108.165.179.63/store/images/13/Category_HouseTools_NPCApprenticeships.png")
[ 2026-05-06 21:33:52,826 ] StartDownload:  QUrl("http://108.165.179.63/store/images/13/Category_HouseTools_NPCDresses.png")
[ 2026-05-06 21:33:52,930 ] StartDownload:  QUrl("http://108.165.179.63/store/images/13/Category_HouseTools_NPCDresses.png")
[ 2026-05-06 21:33:53,083 ] QQuickPixmap: connectFinished() called when not loading.
[ 2026-05-06 21:33:53,084 ] QQuickPixmap: connectFinished() called when not loading.
[ 2026-05-06 21:33:53,084 ] QQuickPixmap: connectFinished() called when not loading.
[ 2026-05-06 21:33:53,085 ] QQuickPixmap: connectFinished() called when not loading.
[ 2026-05-06 21:33:53,085 ] QQuickPixmap: connectFinished() called when not loading.
[ 2026-05-06 21:33:53,086 ] QQuickPixmap: connectFinished() called when not loading.
[ 2026-05-06 21:33:53,099 ] StartDownload:  QUrl("http://108.165.179.63/store/images/13/Category_HouseUpgrades.png")
[ 2026-05-06 21:33:53,100 ] StartDownload:  QUrl("http://108.165.179.63/store/images/13/Category_HouseTools_NPCDresses.png")
[ 2026-05-06 21:33:53,102 ] QQuickPixmap: connectFinished() called when not loading.
[ 2026-05-06 21:33:53,102 ] QQuickPixmap: connectFinished() called when not loading.
[ 2026-05-06 21:33:53,105 ] StartDownload:  QUrl("http://108.165.179.63/store/images/64/Hireling_Banker.png")
[ 2026-05-06 21:33:53,110 ] StartDownload:  QUrl("http://108.165.179.63/store/images/64/Hireling_Bonelord.png")
[ 2026-05-06 21:33:53,114 ] StartDownload:  QUrl("http://108.165.179.63/store/images/64/Hireling_Cook.png")
[ 2026-05-06 21:33:53,116 ] StartDownload:  QUrl("http://108.165.179.63/store/images/64/Hireling_Dragon.png")
[ 2026-05-06 21:33:53,137 ] StartDownload:  QUrl("http://108.165.179.63/store/images/64/Hireling_Ferumbras.png")
[ 2026-05-06 21:33:53,138 ] StartDownload:  QUrl("http://108.165.179.63/store/images/64/Hireling_Hydra.png")
[ 2026-05-06 21:33:53,140 ] StartDownload:  QUrl("http://108.165.179.63/store/images/64/Hireling_Servant.png")
[ 2026-05-06 21:33:53,141 ] StartDownload:  QUrl("http://108.165.179.63/store/images/64/Hireling_Steward.png")
[ 2026-05-06 21:33:54,218 ] StartDownload:  QUrl("http://108.165.179.63/store/images/64/Hireling_Trader.png")
[ 2026-05-06 21:33:54,533 ] QQuickPixmap: connectFinished() called when not loading.
[ 2026-05-06 21:33:54,534 ] QQuickPixmap: connectFinished() called when not loading.
[ 2026-05-06 21:33:54,536 ] StartDownload:  QUrl("http://108.165.179.63/store/images/64/Hireling_Banker.png")
[ 2026-05-06 21:33:54,542 ] StartDownload:  QUrl("http://108.165.179.63/store/images/64/Hireling_Bonelord.png")
[ 2026-05-06 21:33:54,544 ] StartDownload:  QUrl("http://108.165.179.63/store/images/64/Hireling_Cook.png")
[ 2026-05-06 21:33:54,547 ] StartDownload:  QUrl("http://108.165.179.63/store/images/64/Hireling_Dragon.png")
[ 2026-05-06 21:33:54,550 ] StartDownload:  QUrl("http://108.165.179.63/store/images/64/Hireling_Ferumbras.png")
[ 2026-05-06 21:33:54,554 ] QQuickPixmap: connectFinished() called when not loading.
[ 2026-05-06 21:33:54,557 ] StartDownload:  QUrl("http://108.165.179.63/store/images/64/XP_Boost.png")
[ 2026-05-06 21:33:55,668 ] QQuickPixmap: connectFinished() called when not loading.
[ 2026-05-06 21:33:55,669 ] QQuickPixmap: connectFinished() called when not loading.
[ 2026-05-06 21:33:55,671 ] StartDownload:  QUrl("http://108.165.179.63/store/images/64/XP_Boost.png")
[ 2026-05-06 21:33:55,676 ] StartDownload:  QUrl("http://108.165.179.63/store/images/13/Category_ExtraServices.png")
[ 2026-05-06 21:33:55,688 ] StartDownload:  QUrl("http://108.165.179.63/store/images/13/Category_UsefulThings.png")
[ 2026-05-06 21:33:55,692 ] StartDownload:  QUrl("http://108.165.179.63/store/images/64/Name_Change.png")
[ 2026-05-06 21:33:55,697 ] StartDownload:  QUrl("http://108.165.179.63/store/images/64/Sex_Change.png")
[ 2026-05-06 21:33:56,504 ] StartDownload:  QUrl("http://108.165.179.63/store/images/13/Category_UsefulThings.png")
[ 2026-05-06 21:33:56,622 ] StartDownload:  QUrl("http://108.165.179.63/store/images/13/Category_UsefulThings.png")
[ 2026-05-06 21:33:56,775 ] QQuickPixmap: connectFinished() called when not loading.
[ 2026-05-06 21:33:56,776 ] QQuickPixmap: connectFinished() called when not loading.
[ 2026-05-06 21:33:56,778 ] StartDownload:  QUrl("http://108.165.179.63/store/images/64/Name_Change.png")
[ 2026-05-06 21:33:56,783 ] StartDownload:  QUrl("http://108.165.179.63/store/images/64/Sex_Change.png")
[ 2026-05-06 21:33:56,785 ] StartDownload:  QUrl("http://108.165.179.63/store/images/13/Category_ExtraServices.png")
[ 2026-05-06 21:33:56,787 ] StartDownload:  QUrl("http://108.165.179.63/store/images/13/Category_UsefulThings.png")
[ 2026-05-06 21:33:56,789 ] QQuickPixmap: connectFinished() called when not loading.
[ 2026-05-06 21:33:56,791 ] StartDownload:  QUrl("http://108.165.179.63/store/images/64/Charm_Expansion_Offer.png")
[ 2026-05-06 21:33:56,799 ] StartDownload:  QUrl("http://108.165.179.63/store/images/64/Instant_Reward_Access.png")
[ 2026-05-06 21:33:56,853 ] StartDownload:  QUrl("http://108.165.179.63/store/images/64/Permanent_Prey_Slot.png")
[ 2026-05-06 21:33:56,854 ] StartDownload:  QUrl("http://108.165.179.63/store/images/64/Permanent_Hunting_Task_Slot.png")
[ 2026-05-06 21:33:56,855 ] StartDownload:  QUrl("http://108.165.179.63/store/images/64/Prey_Bonus_Reroll.png")
[ 2026-05-06 21:33:56,856 ] StartDownload:  QUrl("http://108.165.179.63/store/images/64/Temple_Teleport.png")
[ 2026-05-06 21:33:57,380 ] QQuickPixmap: connectFinished() called when not loading.
[ 2026-05-06 21:33:57,380 ] QQuickPixmap: connectFinished() called when not loading.
[ 2026-05-06 21:33:57,383 ] StartDownload:  QUrl("http://108.165.179.63/store/images/64/Charm_Expansion_Offer.png")
[ 2026-05-06 21:33:57,391 ] StartDownload:  QUrl("http://108.165.179.63/store/images/64/Instant_Reward_Access.png")
[ 2026-05-06 21:33:57,397 ] StartDownload:  QUrl("http://108.165.179.63/store/images/13/Category_Tickets.png")
[ 2026-05-06 21:33:57,398 ] StartDownload:  QUrl("http://108.165.179.63/store/images/13/Category_ExclusiveOffers.png")
[ 2026-05-06 21:33:57,400 ] StartDownload:  QUrl("http://108.165.179.63/store/images/64/Tournament_Restricted.png")
[ 2026-05-06 21:33:58,548 ] StartDownload:  QUrl("http://108.165.179.63/store/images/13/Category_ExclusiveOffers.png")
[ 2026-05-06 21:33:58,670 ] StartDownload:  QUrl("http://108.165.179.63/store/images/13/Category_ExclusiveOffers.png")
[ 2026-05-06 21:33:58,830 ] StartDownload:  QUrl("http://108.165.179.63/store/images/64/Tournament_Restricted.png")
[ 2026-05-06 21:33:58,835 ] StartDownload:  QUrl("http://108.165.179.63/store/images/13/Category_Tickets.png")
[ 2026-05-06 21:33:58,836 ] StartDownload:  QUrl("http://108.165.179.63/store/images/13/Category_ExclusiveOffers.png")
[ 2026-05-06 21:33:58,838 ] QQuickPixmap: connectFinished() called when not loading.
[ 2026-05-06 21:33:58,838 ] QQuickPixmap: connectFinished() called when not loading.
[ 2026-05-06 21:33:58,839 ] QQuickPixmap: connectFinished() called when not loading.
[ 2026-05-06 21:33:58,840 ] QQuickPixmap: connectFinished() called when not loading.
[ 2026-05-06 21:34:02,941 ] QQuickPixmap: connectFinished() called when not loading.
[ 2026-05-06 21:34:02,942 ] QQuickPixmap: connectFinished() called when not loading.
[ 2026-05-06 21:34:02,942 ] QQuickPixmap: connectFinished() called when not loading.
[ 2026-05-06 21:34:02,943 ] QQuickPixmap: connectFinished() called when not loading.
[ 2026-05-06 21:34:02,957 ] StartDownload:  QUrl("http://108.165.179.63/store/images/13/Category_Tickets.png")
[ 2026-05-06 21:34:02,958 ] StartDownload:  QUrl("http://108.165.179.63/store/images/13/Category_ExclusiveOffers.png")
[ 2026-05-06 21:34:02,961 ] StartDownload:  QUrl("http://108.165.179.63/store/images/64/Tournament_Restricted.png")
[ 2026-05-06 21:34:03,339 ] StartDownload:  QUrl("http://108.165.179.63/store/images/64/Tournament_Restricted.png")
[ 2026-05-06 21:34:05,290 ] StartDownload:  QUrl("http://108.165.179.63/store/images/64/Tournament_Restricted.png")
[ 2026-05-06 21:34:05,295 ] StartDownload:  QUrl("http://108.165.179.63/store/images/13/Category_HouseDecorations.png")
[ 2026-05-06 21:34:05,295 ] StartDownload:  QUrl("http://108.165.179.63/store/images/13/Category_HouseFurniture.png")
[ 2026-05-06 21:34:05,296 ] StartDownload:  QUrl("http://108.165.179.63/store/images/13/Category_Beds.png")
[ 2026-05-06 21:34:05,298 ] StartDownload:  QUrl("http://108.165.179.63/store/images/13/Category_HouseUpgrades.png")
[ 2026-05-06 21:34:05,299 ] StartDownload:  QUrl("http://108.165.179.63/store/images/13/Category_HouseTools_NPCApprenticeships.png")
[ 2026-05-06 21:34:05,302 ] QQuickPixmap: connectFinished() called when not loading.
[ 2026-05-06 21:34:05,302 ] QQuickPixmap: connectFinished() called when not loading.
[ 2026-05-06 21:34:05,303 ] QQuickPixmap: connectFinished() called when not loading.
[ 2026-05-06 21:34:05,304 ] QQuickPixmap: connectFinished() called when not loading.
[ 2026-05-06 21:34:05,305 ] QQuickPixmap: connectFinished() called when not loading.
[ 2026-05-06 21:34:05,334 ] StartDownload:  QUrl("http://108.165.179.63/store/images/13/Category_HouseTools_NPCDresses.png")
[ 2026-05-06 21:34:08,229 ] QQuickPixmap: connectFinished() called when not loading.
[ 2026-05-06 21:34:08,230 ] QQuickPixmap: connectFinished() called when not loading.
[ 2026-05-06 21:34:08,231 ] QQuickPixmap: connectFinished() called when not loading.
[ 2026-05-06 21:34:08,232 ] QQuickPixmap: connectFinished() called when not loading.
[ 2026-05-06 21:34:08,233 ] QQuickPixmap: connectFinished() called when not loading.
[ 2026-05-06 21:34:08,245 ] StartDownload:  QUrl("http://108.165.179.63/store/images/13/Category_Mounts.png")
[ 2026-05-06 21:34:08,247 ] StartDownload:  QUrl("http://108.165.179.63/store/images/13/Category_Outfits.png")
[ 2026-05-06 21:34:08,249 ] QQuickPixmap: connectFinished() called when not loading.
[ 2026-05-06 21:34:08,250 ] QQuickPixmap: connectFinished() called when not loading.
[ 2026-05-06 21:34:08,915 ] QQuickPixmap: connectFinished() called when not loading.
[ 2026-05-06 21:34:08,916 ] QQuickPixmap: connectFinished() called when not loading.
[ 2026-05-06 21:34:08,929 ] StartDownload:  QUrl("http://108.165.179.63/store/images/13/Category_Blessings.png")
[ 2026-05-06 21:34:08,930 ] StartDownload:  QUrl("http://108.165.179.63/store/images/13/Category_Casks.png")
[ 2026-05-06 21:34:08,931 ] StartDownload:  QUrl("http://108.165.179.63/store/images/13/Category_ExerciseWeapons.png")
[ 2026-05-06 21:34:08,933 ] StartDownload:  QUrl("http://108.165.179.63/store/images/13/Category_Kegs.png")
[ 2026-05-06 21:34:08,934 ] StartDownload:  QUrl("http://108.165.179.63/store/images/13/Category_Potions.png")
[ 2026-05-06 21:34:08,935 ] StartDownload:  QUrl("http://108.165.179.63/store/images/13/Category_Runes.png")
[ 2026-05-06 21:34:08,938 ] QQuickPixmap: connectFinished() called when not loading.
[ 2026-05-06 21:34:08,939 ] QQuickPixmap: connectFinished() called when not loading.
[ 2026-05-06 21:34:08,975 ] StartDownload:  QUrl("http://108.165.179.63/store/images/64/All_PvE_Blessings.png")
[ 2026-05-06 21:34:08,977 ] StartDownload:  QUrl("http://108.165.179.63/store/images/64/Blood_of_the_Mountain.png")
[ 2026-05-06 21:34:08,978 ] StartDownload:  QUrl("http://108.165.179.63/store/images/64/Death_Redemption.png")
[ 2026-05-06 21:34:08,980 ] StartDownload:  QUrl("http://108.165.179.63/store/images/64/Heart_of_the_Mountain.png")
[ 2026-05-06 21:34:08,981 ] StartDownload:  QUrl("http://108.165.179.63/store/images/64/Embrace_of_Tibia.png")
[ 2026-05-06 21:34:08,982 ] StartDownload:  QUrl("http://108.165.179.63/store/images/64/Fire_of_the_Suns.png")
[ 2026-05-06 21:34:08,986 ] StartDownload:  QUrl("http://108.165.179.63/store/images/64/Spark_of_the_Phoenix.png")
[ 2026-05-06 21:34:08,988 ] StartDownload:  QUrl("http://108.165.179.63/store/images/64/Spiritual_Shielding.png")
[ 2026-05-06 21:34:08,990 ] StartDownload:  QUrl("http://108.165.179.63/store/images/64/Wisdom_of_Solitude.png")
[ 2026-05-06 21:34:09,649 ] QQuickPixmap: connectFinished() called when not loading.
[ 2026-05-06 21:34:09,650 ] QQuickPixmap: connectFinished() called when not loading.
[ 2026-05-06 21:34:09,652 ] QQuickPixmap: connectFinished() called when not loading.
[ 2026-05-06 21:34:09,657 ] StartDownload:  QUrl("http://108.165.179.63/store/images/64/All_PvE_Blessings.png")
[ 2026-05-06 21:34:09,662 ] StartDownload:  QUrl("http://108.165.179.63/store/images/64/Blood_of_the_Mountain.png")
[ 2026-05-06 21:34:09,666 ] StartDownload:  QUrl("http://108.165.179.63/store/images/64/Death_Redemption.png")
[ 2026-05-06 21:34:09,669 ] StartDownload:  QUrl("http://108.165.179.63/store/images/64/Heart_of_the_Mountain.png")
[ 2026-05-06 21:34:09,673 ] StartDownload:  QUrl("http://108.165.179.63/store/images/64/Embrace_of_Tibia.png")
[ 2026-05-06 21:34:09,676 ] QQuickPixmap: connectFinished() called when not loading.
[ 2026-05-06 21:34:09,677 ] QQuickPixmap: connectFinished() called when not loading.
[ 2026-05-06 21:34:09,680 ] StartDownload:  QUrl("http://108.165.179.63/store/images/64/Premium_Time_30.png")
[ 2026-05-06 21:34:09,711 ] StartDownload:  QUrl("http://108.165.179.63/store/images/64/Premium_Time_90.png")
[ 2026-05-06 21:34:09,713 ] StartDownload:  QUrl("http://108.165.179.63/store/images/64/Premium_Time_180.png")
[ 2026-05-06 21:34:09,715 ] StartDownload:  QUrl("http://108.165.179.63/store/images/64/Premium_Time_360.png")
[ 2026-05-06 21:34:10,148 ] StartDownload:  QUrl("http://108.165.179.63/store/images/64/Premium_Time_30.png")
[ 2026-05-06 21:34:10,152 ] StartDownload:  QUrl("http://108.165.179.63/store/images/64/Premium_Time_90.png")
[ 2026-05-06 21:34:10,155 ] StartDownload:  QUrl("http://108.165.179.63/store/images/64/Premium_Time_180.png")
[ 2026-05-06 21:34:10,158 ] StartDownload:  QUrl("http://108.165.179.63/store/images/64/Premium_Time_360.png")
[ 2026-05-06 21:34:10,164 ] StartDownload:  QUrl("http://108.165.179.63/store/images/64/Name_Change.png")
[ 2026-05-06 21:34:10,193 ] qrc:/qt/qml/qmlcomponents/qml/StoreMainPage.qml:75:9: QML QQuickImage: Error decoding: http://108.165.179.63/store/images//home/banner_armouredarcher.png: Unsupported image format
[ 2026-05-06 21:34:10,194 ] qrc:/qt/qml/qmlcomponents/qml/StoreMainPage.qml:75:9: QML QQuickImage: Error decoding: http://108.165.179.63/store/images//home/banner_podiumoftenacity.png: Unsupported image format
[ 2026-05-06 21:34:16,466 ] StartDownload:  QUrl("http://108.165.179.63/store/images/13/Category_PremiumTime.png")
[ 2026-05-06 21:34:16,468 ] StartDownload:  QUrl("http://108.165.179.63/store/images/13/Category_Consumables.png")
[ 2026-05-06 21:34:16,469 ] StartDownload:  QUrl("http://108.165.179.63/store/images/13/Category_Cosmetics.png")
[ 2026-05-06 21:34:16,470 ] StartDownload:  QUrl("http://108.165.179.63/store/images/13/Category_HouseTools.png")
[ 2026-05-06 21:34:16,472 ] StartDownload:  QUrl("http://108.165.179.63/store/images/13/Category_Boosts.png")
[ 2026-05-06 21:34:16,473 ] StartDownload:  QUrl("http://108.165.179.63/store/images/13/Category_Extras.png")
[ 2026-05-06 21:34:16,500 ] qrc:/qt/qml/qmlcomponents/qml/StoreMainPage.qml:75:9: QML QQuickImage: Error decoding: http://108.165.179.63/store/images//home/banner_podiumoftenacity.png: Unsupported image format
[ 2026-05-06 21:34:16,501 ] qrc:/qt/qml/qmlcomponents/qml/StoreMainPage.qml:75:9: QML QQuickImage: Error decoding: http://108.165.179.63/store/images//home/banner_armouredarcher.png: Unsupported image format
[ 2026-05-06 21:34:16,506 ] StartDownload:  QUrl("http://108.165.179.63/store/images/13/Category_Tournament.png")
[ 2026-05-06 21:34:16,508 ] StartDownload:  QUrl("http://108.165.179.63/store/images/64/Name_Change.png")
[ 2026-05-06 21:35:19,623 ] Connection to gameserver  "tcp://108.165.179.63:7172" "Global"  was disconnected ( "The remote host closed the connection" )
[ 2026-05-06 21:35:19,626 ] StartDownload:  QUrl("")
[ 2026-05-06 21:35:19,666 ] Disconnected from gameserver
[ 2026-05-06 21:35:44,606 ] Didn't send news query with params (HighPotential: false Returner: true MaxKnownEditDate: 1590979202 ) (URL: QUrl("http://108.165.179.63/login.php") ) due to too many retries.
[ 2026-05-06 21:35:45,546 ] Request connection to gameserver  "tcp://108.165.179.63:7172"  (unprotected:  "tcp://108.165.179.63:7172" )  requested (Charakter "Druid Sample" )
[ 2026-05-06 21:35:45,548 ] Request connection to gameserver  "tcp://108.165.179.63:7172" "Global"
[ 2026-05-06 21:35:47,724 ] Connected to gameserver  "tcp://108.165.179.63:7172" "Global"
[ 2026-05-06 21:35:52,823 ] StartDownload:  QUrl("http://108.165.179.63/store/images/13/Category_PremiumTime.png")
[ 2026-05-06 21:35:52,824 ] StartDownload:  QUrl("http://108.165.179.63/store/images/13/Category_Consumables.png")
[ 2026-05-06 21:35:52,824 ] StartDownload:  QUrl("http://108.165.179.63/store/images/13/Category_Cosmetics.png")
[ 2026-05-06 21:35:52,825 ] StartDownload:  QUrl("http://108.165.179.63/store/images/13/Category_HouseTools.png")
[ 2026-05-06 21:35:52,826 ] StartDownload:  QUrl("http://108.165.179.63/store/images/13/Category_Boosts.png")
[ 2026-05-06 21:35:52,826 ] StartDownload:  QUrl("http://108.165.179.63/store/images/13/Category_Extras.png")
[ 2026-05-06 21:35:52,859 ] StartDownload:  QUrl("http://108.165.179.63/store/images/13/Category_Tournament.png")
[ 2026-05-06 21:35:52,860 ] StartDownload:  QUrl("http://108.165.179.63/store/images/64/Name_Change.png")
[ 2026-05-06 21:44:08,878 ] StartDownload:  QUrl("http://108.165.179.63/store/images/13/Category_PremiumTime.png")
[ 2026-05-06 21:44:08,880 ] StartDownload:  QUrl("http://108.165.179.63/store/images/13/Category_Consumables.png")
[ 2026-05-06 21:44:08,880 ] StartDownload:  QUrl("http://108.165.179.63/store/images/13/Category_Cosmetics.png")
[ 2026-05-06 21:44:08,881 ] StartDownload:  QUrl("http://108.165.179.63/store/images/13/Category_HouseTools.png")
[ 2026-05-06 21:44:08,882 ] StartDownload:  QUrl("http://108.165.179.63/store/images/13/Category_Boosts.png")
[ 2026-05-06 21:44:08,883 ] StartDownload:  QUrl("http://108.165.179.63/store/images/13/Category_Extras.png")
[ 2026-05-06 21:44:08,915 ] StartDownload:  QUrl("http://108.165.179.63/store/images/13/Category_Tournament.png")
[ 2026-05-06 21:44:08,916 ] StartDownload:  QUrl("http://108.165.179.63/store/images/64/Name_Change.png")
[ 2026-05-06 21:44:50,681 ] Using spritesheet cache size of 910
[ 2026-05-06 21:44:50,728 ] Sound engine initialized with default sound device "Alto-falantes (2- USB Audio Device)"
[ 2026-05-06 21:44:50,743 ] Switch used audio device to "Alto-falantes (2- USB Audio Device)"
[ 2026-05-06 21:44:59,278 ] Asset loading complete
[ 2026-05-06 21:44:59,328 ] StartDownload:  QUrl("")
[ 2026-05-06 22:11:45,818 ] Using spritesheet cache size of 910
[ 2026-05-06 22:11:45,896 ] Sound engine initialized with default sound device "Alto-falantes (2- USB Audio Device)"
[ 2026-05-06 22:11:45,896 ] Switch used audio device to "Alto-falantes (2- USB Audio Device)"
[ 2026-05-06 22:11:51,257 ] Asset loading complete
[ 2026-05-06 22:11:51,322 ] StartDownload:  QUrl("")
[ 2026-05-06 22:12:22,184 ] BattlEye: "Initialized (v1.249)"
[ 2026-05-06 22:12:22,185 ] BattlEye: "Restarting client is necessary, service isn't running properly"
[ 2026-05-06 22:12:22,185 ] BattlEye: "Restarting client is necessary, update required"
[ 2026-05-06 22:12:22,185 ] BattlEye: "Config entry: GameID tibia"
[ 2026-05-06 22:12:22,185 ] BattlEye: "Config entry: MasterPort 7171"
[ 2026-05-06 22:12:22,262 ] Request connection to gameserver  "tcp://108.165.179.63:7172"  (unprotected:  "tcp://108.165.179.63:7172" )  requested (Charakter "[GOD] " )
[ 2026-05-06 22:12:22,274 ] Request connection to gameserver  "tcp://108.165.179.63:7172" "Global"
[ 2026-05-06 22:12:22,299 ] Connected to gameserver  "tcp://108.165.179.63:7172" "Global"
[ 2026-05-06 22:12:22,687 ] "updateOrCreateCreatureFromProtobuf: no creature with id 1342203324 found"
[ 2026-05-06 22:12:22,693 ] "updateOrCreateCreatureFromProtobuf: no creature with id 1342191930 found"
[ 2026-05-06 22:12:22,693 ] "updateOrCreateCreatureFromProtobuf: no creature with id 1342203359 found"
[ 2026-05-06 22:12:22,694 ] "updateOrCreateCreatureFromProtobuf: no creature with id 1342203360 found"
[ 2026-05-06 22:12:22,694 ] "updateOrCreateCreatureFromProtobuf: no creature with id 1342203358 found"
[ 2026-05-06 22:12:22,694 ] "updateOrCreateCreatureFromProtobuf: no creature with id 1342203424 found"
[ 2026-05-06 22:12:22,694 ] "updateOrCreateCreatureFromProtobuf: no creature with id 1342192098 found"
[ 2026-05-06 22:12:22,694 ] "updateOrCreateCreatureFromProtobuf: no creature with id 1342203402 found"
[ 2026-05-06 22:12:22,694 ] "updateOrCreateCreatureFromProtobuf: no creature with id 1342203403 found"
[ 2026-05-06 22:12:35,138 ] StartDownload:  QUrl("http://108.165.179.63/store/images/13/Category_PremiumTime.png")
[ 2026-05-06 22:12:35,139 ] StartDownload:  QUrl("http://108.165.179.63/store/images/13/Category_Consumables.png")
[ 2026-05-06 22:12:35,140 ] StartDownload:  QUrl("http://108.165.179.63/store/images/13/Category_Cosmetics.png")
[ 2026-05-06 22:12:35,140 ] StartDownload:  QUrl("http://108.165.179.63/store/images/13/Category_HouseTools.png")
[ 2026-05-06 22:12:35,141 ] StartDownload:  QUrl("http://108.165.179.63/store/images/13/Category_Boosts.png")
[ 2026-05-06 22:12:35,141 ] StartDownload:  QUrl("http://108.165.179.63/store/images/13/Category_Extras.png")
[ 2026-05-06 22:12:35,183 ] StartDownload:  QUrl("http://108.165.179.63/store/images/13/Category_Tournament.png")
[ 2026-05-06 22:12:35,184 ] StartDownload:  QUrl("http://108.165.179.63/store/images/64/Name_Change.png")
[ 2026-05-12 20:19:46,265 ] Using spritesheet cache size of 910
[ 2026-05-12 20:19:46,390 ] Sound engine initialized with default sound device "Alto-falantes (5- USB Audio Device)"
[ 2026-05-12 20:19:46,399 ] Switch used audio device to "Alto-falantes (5- USB Audio Device)"
[ 2026-05-12 20:19:50,031 ] StartDownload:  QUrl("")
[ 2026-05-12 20:20:06,297 ] Asset loading complete
[ 2026-05-12 20:20:13,226 ] BattlEye: "Initialized (v1.249)"
[ 2026-05-12 20:20:13,226 ] BattlEye: "Restarting client is necessary, service isn't running properly"
[ 2026-05-12 20:20:13,226 ] BattlEye: "Restarting client is necessary, update required"
[ 2026-05-12 20:20:13,226 ] BattlEye: "Config entry: GameID tibia"
[ 2026-05-12 20:20:13,226 ] BattlEye: "Config entry: MasterPort 7171"
[ 2026-05-12 20:20:13,576 ] Request connection to gameserver  "tcp://108.165.179.63:7172"  (unprotected:  "tcp://108.165.179.63:7172" )  requested (Charakter "[GOD] " )
[ 2026-05-12 20:20:13,599 ] Request connection to gameserver  "tcp://108.165.179.63:7172" "Global"
[ 2026-05-12 20:20:13,625 ] Connected to gameserver  "tcp://108.165.179.63:7172" "Global"
[ 2026-05-12 20:20:14,545 ] "updateOrCreateCreatureFromProtobuf: no creature with id 1342191930 found"
[ 2026-05-12 20:20:14,545 ] "updateOrCreateCreatureFromProtobuf: no creature with id 1342191971 found"
[ 2026-05-12 20:20:14,545 ] "updateOrCreateCreatureFromProtobuf: no creature with id 1342203355 found"
[ 2026-05-12 20:20:14,545 ] "updateOrCreateCreatureFromProtobuf: no creature with id 1342203359 found"
[ 2026-05-12 20:20:14,545 ] "updateOrCreateCreatureFromProtobuf: no creature with id 1342203360 found"
[ 2026-05-12 20:20:14,545 ] "updateOrCreateCreatureFromProtobuf: no creature with id 1342203358 found"
[ 2026-05-12 20:20:14,545 ] "updateOrCreateCreatureFromProtobuf: no creature with id 1342203424 found"
[ 2026-05-12 20:20:14,545 ] "updateOrCreateCreatureFromProtobuf: no creature with id 1342192097 found"
[ 2026-05-12 20:20:14,545 ] "updateOrCreateCreatureFromProtobuf: no creature with id 1342192098 found"
[ 2026-05-12 20:20:14,545 ] "updateOrCreateCreatureFromProtobuf: no creature with id 1342203402 found"
[ 2026-05-12 20:20:14,546 ] "updateOrCreateCreatureFromProtobuf: no creature with id 1342203403 found"
[ 2026-05-12 20:20:14,546 ] "updateOrCreateCreatureFromProtobuf: no creature with id 1342203404 found"
[ 2026-05-12 20:20:27,289 ] StartDownload:  QUrl("http://108.165.179.63/store/images/13/Category_PremiumTime.png")
[ 2026-05-12 20:20:27,355 ] StartDownload:  QUrl("http://108.165.179.63/store/images/13/Category_Consumables.png")
[ 2026-05-12 20:20:27,376 ] StartDownload:  QUrl("http://108.165.179.63/store/images/13/Category_Cosmetics.png")
[ 2026-05-12 20:20:27,399 ] StartDownload:  QUrl("http://108.165.179.63/store/images/13/Category_HouseTools.png")
[ 2026-05-12 20:20:27,405 ] StartDownload:  QUrl("http://108.165.179.63/store/images/13/Category_Boosts.png")
[ 2026-05-12 20:20:27,412 ] StartDownload:  QUrl("http://108.165.179.63/store/images/13/Category_Extras.png")
[ 2026-05-12 20:20:27,479 ] StartDownload:  QUrl("http://108.165.179.63/store/images/13/Category_Tournament.png")
[ 2026-05-12 20:20:27,487 ] StartDownload:  QUrl("http://108.165.179.63/store/images/64/Name_Change.png")
[ 2026-05-12 20:20:29,075 ] StartDownload:  QUrl("http://108.165.179.63/store/images/64/Name_Change.png")
[ 2026-05-12 20:20:29,129 ] QQuickPixmap: connectFinished() called when not loading.
[ 2026-05-12 20:20:29,129 ] QQuickPixmap: connectFinished() called when not loading.
[ 2026-05-12 20:20:29,131 ] StartDownload:  QUrl("http://108.165.179.63/store/images/64/Premium_Time_30.png")
[ 2026-05-12 20:20:29,157 ] StartDownload:  QUrl("http://108.165.179.63/store/images/64/Premium_Time_90.png")
[ 2026-05-12 20:20:29,167 ] StartDownload:  QUrl("http://108.165.179.63/store/images/64/Premium_Time_180.png")
[ 2026-05-12 20:20:29,175 ] StartDownload:  QUrl("http://108.165.179.63/store/images/64/Premium_Time_360.png")
[ 2026-05-12 20:20:29,458 ] QQuickPixmap: connectFinished() called when not loading.
[ 2026-05-12 20:20:29,459 ] QQuickPixmap: connectFinished() called when not loading.
[ 2026-05-12 20:20:29,461 ] StartDownload:  QUrl("http://108.165.179.63/store/images/64/Premium_Time_30.png")
[ 2026-05-12 20:20:29,466 ] StartDownload:  QUrl("http://108.165.179.63/store/images/64/Premium_Time_90.png")
[ 2026-05-12 20:20:29,468 ] StartDownload:  QUrl("http://108.165.179.63/store/images/64/Premium_Time_180.png")
[ 2026-05-12 20:20:29,471 ] StartDownload:  QUrl("http://108.165.179.63/store/images/64/Premium_Time_360.png")
[ 2026-05-12 20:20:29,474 ] StartDownload:  QUrl("http://108.165.179.63/store/images/13/Category_Blessings.png")
[ 2026-05-12 20:20:29,480 ] StartDownload:  QUrl("http://108.165.179.63/store/images/13/Category_Casks.png")
[ 2026-05-12 20:20:29,489 ] QQuickPixmap: connectFinished() called when not loading.
[ 2026-05-12 20:20:29,489 ] QQuickPixmap: connectFinished() called when not loading.
[ 2026-05-12 20:20:29,490 ] QQuickPixmap: connectFinished() called when not loading.
[ 2026-05-12 20:20:29,537 ] StartDownload:  QUrl("http://108.165.179.63/store/images/13/Category_ExerciseWeapons.png")
[ 2026-05-12 20:20:29,543 ] StartDownload:  QUrl("http://108.165.179.63/store/images/13/Category_Kegs.png")
[ 2026-05-12 20:20:29,552 ] StartDownload:  QUrl("http://108.165.179.63/store/images/13/Category_Potions.png")
[ 2026-05-12 20:20:29,558 ] StartDownload:  QUrl("http://108.165.179.63/store/images/13/Category_Runes.png")
[ 2026-05-12 20:20:29,572 ] StartDownload:  QUrl("http://108.165.179.63/store/images/64/All_PvE_Blessings.png")
[ 2026-05-12 20:20:29,581 ] StartDownload:  QUrl("http://108.165.179.63/store/images/64/Blood_of_the_Mountain.png")
[ 2026-05-12 20:20:29,599 ] StartDownload:  QUrl("http://108.165.179.63/store/images/64/Death_Redemption.png")
[ 2026-05-12 20:20:29,608 ] StartDownload:  QUrl("http://108.165.179.63/store/images/64/Heart_of_the_Mountain.png")
[ 2026-05-12 20:20:29,628 ] StartDownload:  QUrl("http://108.165.179.63/store/images/64/Embrace_of_Tibia.png")
[ 2026-05-12 20:20:29,635 ] StartDownload:  QUrl("http://108.165.179.63/store/images/64/Fire_of_the_Suns.png")
[ 2026-05-12 20:20:29,640 ] StartDownload:  QUrl("http://108.165.179.63/store/images/64/Spark_of_the_Phoenix.png")
[ 2026-05-12 20:20:29,662 ] StartDownload:  QUrl("http://108.165.179.63/store/images/64/Spiritual_Shielding.png")
[ 2026-05-12 20:20:29,699 ] StartDownload:  QUrl("http://108.165.179.63/store/images/64/Wisdom_of_Solitude.png")
[ 2026-05-12 20:26:02,565 ] StartDownload:  QUrl("http://108.165.179.63/store/images/13/Category_PremiumTime.png")
[ 2026-05-12 20:26:02,566 ] StartDownload:  QUrl("http://108.165.179.63/store/images/13/Category_Consumables.png")
[ 2026-05-12 20:26:02,566 ] StartDownload:  QUrl("http://108.165.179.63/store/images/13/Category_Cosmetics.png")
[ 2026-05-12 20:26:02,568 ] StartDownload:  QUrl("http://108.165.179.63/store/images/13/Category_HouseTools.png")
[ 2026-05-12 20:26:02,569 ] StartDownload:  QUrl("http://108.165.179.63/store/images/13/Category_Boosts.png")
[ 2026-05-12 20:26:02,570 ] StartDownload:  QUrl("http://108.165.179.63/store/images/13/Category_Extras.png")
[ 2026-05-12 20:26:02,604 ] StartDownload:  QUrl("http://108.165.179.63/store/images/13/Category_Tournament.png")
[ 2026-05-12 20:26:02,605 ] StartDownload:  QUrl("http://108.165.179.63/store/images/64/Name_Change.png")
[ 2026-05-12 20:26:03,871 ] QQuickPixmap: connectFinished() called when not loading.
[ 2026-05-12 20:26:03,871 ] QQuickPixmap: connectFinished() called when not loading.
[ 2026-05-12 20:26:03,874 ] StartDownload:  QUrl("http://108.165.179.63/store/images/64/Name_Change.png")
[ 2026-05-12 20:26:03,886 ] StartDownload:  QUrl("http://108.165.179.63/store/images/13/Category_ExtraServices.png")
[ 2026-05-12 20:26:03,935 ] StartDownload:  QUrl("http://108.165.179.63/store/images/13/Category_UsefulThings.png")
[ 2026-05-12 20:26:03,947 ] StartDownload:  QUrl("http://108.165.179.63/store/images/64/Sex_Change.png")
[ 2026-05-12 20:33:45,458 ] StartDownload:  QUrl("http://108.165.179.63/store/images/13/Category_PremiumTime.png")
[ 2026-05-12 20:33:45,459 ] StartDownload:  QUrl("http://108.165.179.63/store/images/13/Category_Consumables.png")
[ 2026-05-12 20:33:45,460 ] StartDownload:  QUrl("http://108.165.179.63/store/images/13/Category_Cosmetics.png")
[ 2026-05-12 20:33:45,460 ] StartDownload:  QUrl("http://108.165.179.63/store/images/13/Category_HouseTools.png")
[ 2026-05-12 20:33:45,461 ] StartDownload:  QUrl("http://108.165.179.63/store/images/13/Category_Boosts.png")
[ 2026-05-12 20:33:45,462 ] StartDownload:  QUrl("http://108.165.179.63/store/images/13/Category_Extras.png")
[ 2026-05-12 20:33:45,495 ] StartDownload:  QUrl("http://108.165.179.63/store/images/13/Category_Tournament.png")
[ 2026-05-12 20:33:45,495 ] StartDownload:  QUrl("http://108.165.179.63/store/images/64/Name_Change.png")
[ 2026-05-12 20:33:47,367 ] StartDownload:  QUrl("http://108.165.179.63/store/images/64/Name_Change.png")
[ 2026-05-12 20:33:47,380 ] StartDownload:  QUrl("http://108.165.179.63/store/images/13/Category_Tickets.png")
[ 2026-05-12 20:33:47,388 ] StartDownload:  QUrl("http://108.165.179.63/store/images/13/Category_ExclusiveOffers.png")
[ 2026-05-12 20:33:47,395 ] StartDownload:  QUrl("http://108.165.179.63/store/images/64/Tournament_Restricted.png")
[ 2026-05-12 20:34:06,230 ] Connection to gameserver  "tcp://108.165.179.63:7172" "Global"  was disconnected ( "The remote host closed the connection" )
[ 2026-05-12 20:34:06,230 ] StartDownload:  QUrl("")
[ 2026-05-12 20:34:06,271 ] Disconnected from gameserver
[ 2026-05-19 20:55:20,618 ] Using spritesheet cache size of 910
[ 2026-05-19 20:55:20,734 ] Sound engine initialized with default sound device "Alto-falantes (Realtek High Definition Audio)"
[ 2026-05-19 20:55:20,758 ] Switch used audio device to "Alto-falantes (Realtek High Definition Audio)"
[ 2026-05-19 20:55:49,698 ] Asset loading complete
[ 2026-05-19 20:55:52,141 ] StartDownload:  QUrl("")
[ 2026-05-19 20:56:14,375 ] BattlEye: "Initialized (v1.249)"
[ 2026-05-19 20:56:14,376 ] BattlEye: "Restarting client is necessary, service isn't running properly"
[ 2026-05-19 20:56:14,376 ] BattlEye: "Restarting client is necessary, update required"
[ 2026-05-19 20:56:14,376 ] BattlEye: "Config entry: GameID tibia"
[ 2026-05-19 20:56:14,376 ] BattlEye: "Config entry: MasterPort 7171"
[ 2026-05-19 20:56:15,063 ] Request connection to gameserver  "tcp://108.165.179.63:7172"  (unprotected:  "tcp://108.165.179.63:7172" )  requested (Charakter "[GOD] " )
[ 2026-05-19 20:56:15,144 ] Request connection to gameserver  "tcp://108.165.179.63:7172" "Global"
[ 2026-05-19 20:56:25,477 ] Request connection to gameserver  "tcp://108.165.179.63:7172"  (unprotected:  "tcp://108.165.179.63:7172" )  requested (Charakter "[GOD] " )
[ 2026-05-19 20:56:25,478 ] Request connection to gameserver  "tcp://108.165.179.63:7172" "Global"
[ 2026-05-19 20:57:07,561 ] Connection to gameserver  "tcp://108.165.179.63:7172" "Global"  was disconnected ( "Connection timed out" )
[ 2026-05-19 20:57:08,612 ] Request connection to gameserver  "tcp://108.165.179.63:7172" "Global"
[ 2026-05-19 20:57:25,281 ] Request connection to gameserver  "tcp://108.165.179.63:7172"  (unprotected:  "tcp://108.165.179.63:7172" )  requested (Charakter "[GOD] " )
[ 2026-05-19 20:57:25,282 ] Request connection to gameserver  "tcp://108.165.179.63:7172" "Global"
[ 2026-05-19 20:57:46,590 ] Didn't send news query with params (HighPotential: false Returner: true MaxKnownEditDate: 1590979202 ) (URL: QUrl("http://127.0.0.1/login.php") ) due to too many retries.
[ 2026-05-19 20:57:50,275 ] Didn't send news query with params (HighPotential: false Returner: true MaxKnownEditDate: 1590979202 ) (URL: QUrl("http://127.0.0.1/login.php") ) due to too many retries.
[ 2026-05-19 20:57:51,082 ] Request connection to gameserver  "tcp://108.165.179.63:7172"  (unprotected:  "tcp://108.165.179.63:7172" )  requested (Charakter "[GOD] " )
[ 2026-05-19 20:57:51,092 ] Request connection to gameserver  "tcp://108.165.179.63:7172" "Global"
[ 2026-05-20 19:25:14,161 ] Using spritesheet cache size of 910
[ 2026-05-20 19:25:14,267 ] Sound engine initialized with default sound device "Alto-falantes (Realtek High Definition Audio)"
[ 2026-05-20 19:25:14,281 ] Switch used audio device to "Alto-falantes (Realtek High Definition Audio)"
[ 2026-05-20 19:25:24,992 ] Asset loading complete
[ 2026-05-20 19:25:25,115 ] StartDownload:  QUrl("")
[ 2026-05-20 19:25:31,246 ] BattlEye: "Initialized (v1.249)"
[ 2026-05-20 19:25:31,246 ] BattlEye: "Restarting client is necessary, service isn't running properly"
[ 2026-05-20 19:25:31,247 ] BattlEye: "Restarting client is necessary, update required"
[ 2026-05-20 19:25:31,247 ] BattlEye: "Config entry: GameID tibia"
[ 2026-05-20 19:25:31,247 ] BattlEye: "Config entry: MasterPort 7171"
[ 2026-05-20 19:25:31,351 ] Request connection to gameserver  "tcp://127.0.0.1:7172"  (unprotected:  "tcp://127.0.0.1:7172" )  requested (Charakter "[GOD] " )
[ 2026-05-20 19:25:31,364 ] Request connection to gameserver  "tcp://127.0.0.1:7172" "Global"
[ 2026-05-20 19:25:35,475 ] Connection to gameserver  "tcp://127.0.0.1:7172" "Global"  was disconnected ( "Connection refused" )
[ 2026-05-20 19:25:36,475 ] Request connection to gameserver  "tcp://127.0.0.1:7172" "Global"
[ 2026-05-20 19:25:40,575 ] Connection to gameserver  "tcp://127.0.0.1:7172" "Global"  was disconnected ( "Connection refused" )
[ 2026-05-20 19:25:40,585 ] StartDownload:  QUrl("")
[ 2026-05-20 19:25:40,585 ] Disconnected from gameserver
[ 2026-05-20 19:25:41,901 ] Request connection to gameserver  "tcp://127.0.0.1:7172"  (unprotected:  "tcp://127.0.0.1:7172" )  requested (Charakter "[GOD] " )
[ 2026-05-20 19:25:41,907 ] Request connection to gameserver  "tcp://127.0.0.1:7172" "Global"
[ 2026-05-20 19:25:46,034 ] Connection to gameserver  "tcp://127.0.0.1:7172" "Global"  was disconnected ( "Connection refused" )
[ 2026-05-20 19:25:47,034 ] Request connection to gameserver  "tcp://127.0.0.1:7172" "Global"
[ 2026-05-20 19:25:51,075 ] Connection to gameserver  "tcp://127.0.0.1:7172" "Global"  was disconnected ( "Connection refused" )
[ 2026-05-20 19:25:51,077 ] StartDownload:  QUrl("")
[ 2026-05-20 19:25:51,078 ] Disconnected from gameserver
[ 2026-05-20 19:25:52,260 ] Request connection to gameserver  "tcp://127.0.0.1:7172"  (unprotected:  "tcp://127.0.0.1:7172" )  requested (Charakter "[GOD] " )
[ 2026-05-20 19:25:52,275 ] Request connection to gameserver  "tcp://127.0.0.1:7172" "Global"
[ 2026-05-20 19:25:56,375 ] Connection to gameserver  "tcp://127.0.0.1:7172" "Global"  was disconnected ( "Connection refused" )
[ 2026-05-20 19:25:57,375 ] Request connection to gameserver  "tcp://127.0.0.1:7172" "Global"
[ 2026-05-20 19:26:01,475 ] Connection to gameserver  "tcp://127.0.0.1:7172" "Global"  was disconnected ( "Connection refused" )
[ 2026-05-20 19:26:01,478 ] StartDownload:  QUrl("")
[ 2026-05-20 19:26:01,479 ] Disconnected from gameserver
[ 2026-05-20 19:26:02,668 ] Request connection to gameserver  "tcp://127.0.0.1:7172"  (unprotected:  "tcp://127.0.0.1:7172" )  requested (Charakter "[GOD] " )
[ 2026-05-20 19:26:02,669 ] Request connection to gameserver  "tcp://127.0.0.1:7172" "Global"
[ 2026-05-20 19:26:07,775 ] Request connection to gameserver  "tcp://127.0.0.1:7172"  (unprotected:  "tcp://127.0.0.1:7172" )  requested (Charakter "[GOD] " )
[ 2026-05-20 19:26:07,787 ] Request connection to gameserver  "tcp://127.0.0.1:7172" "Global"
[ 2026-05-20 19:26:11,875 ] Connection to gameserver  "tcp://127.0.0.1:7172" "Global"  was disconnected ( "Connection refused" )
[ 2026-05-20 19:26:12,877 ] Request connection to gameserver  "tcp://127.0.0.1:7172" "Global"
[ 2026-05-20 19:26:16,975 ] Connection to gameserver  "tcp://127.0.0.1:7172" "Global"  was disconnected ( "Connection refused" )
[ 2026-05-20 19:26:16,978 ] StartDownload:  QUrl("")
[ 2026-05-20 19:26:16,978 ] Disconnected from gameserver
[ 2026-05-20 19:26:19,274 ] Request connection to gameserver  "tcp://127.0.0.1:7172"  (unprotected:  "tcp://127.0.0.1:7172" )  requested (Charakter "[GOD] " )
[ 2026-05-20 19:26:19,275 ] Request connection to gameserver  "tcp://127.0.0.1:7172" "Global"
[ 2026-05-20 19:26:23,375 ] Connection to gameserver  "tcp://127.0.0.1:7172" "Global"  was disconnected ( "Connection refused" )
[ 2026-05-20 19:26:24,375 ] Request connection to gameserver  "tcp://127.0.0.1:7172" "Global"
[ 2026-05-20 19:26:28,675 ] Connection to gameserver  "tcp://127.0.0.1:7172" "Global"  was disconnected ( "Connection refused" )
[ 2026-05-20 19:26:28,678 ] StartDownload:  QUrl("")
[ 2026-05-20 19:26:28,679 ] Disconnected from gameserver
[ 2026-05-20 19:26:33,147 ] Request connection to gameserver  "tcp://127.0.0.1:7172"  (unprotected:  "tcp://127.0.0.1:7172" )  requested (Charakter "[GOD] " )
[ 2026-05-20 19:26:33,148 ] Request connection to gameserver  "tcp://127.0.0.1:7172" "Global"
[ 2026-05-20 19:26:37,275 ] Connection to gameserver  "tcp://127.0.0.1:7172" "Global"  was disconnected ( "Connection refused" )
[ 2026-05-20 19:26:38,275 ] Request connection to gameserver  "tcp://127.0.0.1:7172" "Global"
[ 2026-05-20 19:26:42,375 ] Connection to gameserver  "tcp://127.0.0.1:7172" "Global"  was disconnected ( "Connection refused" )
[ 2026-05-20 19:26:42,378 ] StartDownload:  QUrl("")
[ 2026-05-20 19:26:42,379 ] Disconnected from gameserver
[ 2026-05-20 19:26:47,941 ] Request connection to gameserver  "tcp://127.0.0.1:7172"  (unprotected:  "tcp://127.0.0.1:7172" )  requested (Charakter "[GOD] " )
[ 2026-05-20 19:26:47,943 ] Request connection to gameserver  "tcp://127.0.0.1:7172" "Global"
[ 2026-05-20 19:26:52,034 ] Connection to gameserver  "tcp://127.0.0.1:7172" "Global"  was disconnected ( "Connection refused" )
[ 2026-05-20 19:26:53,034 ] Request connection to gameserver  "tcp://127.0.0.1:7172" "Global"
[ 2026-05-20 19:26:57,125 ] Connection to gameserver  "tcp://127.0.0.1:7172" "Global"  was disconnected ( "Connection refused" )
[ 2026-05-20 19:26:57,128 ] StartDownload:  QUrl("")
[ 2026-05-20 19:26:57,129 ] Disconnected from gameserver
[ 2026-05-20 19:27:03,470 ] Request connection to gameserver  "tcp://127.0.0.1:7172"  (unprotected:  "tcp://127.0.0.1:7172" )  requested (Charakter "[GOD] " )
[ 2026-05-20 19:27:03,483 ] Request connection to gameserver  "tcp://127.0.0.1:7172" "Global"
[ 2026-05-20 19:27:07,625 ] Connection to gameserver  "tcp://127.0.0.1:7172" "Global"  was disconnected ( "Connection refused" )
[ 2026-05-20 19:27:08,625 ] Request connection to gameserver  "tcp://127.0.0.1:7172" "Global"
[ 2026-05-20 19:27:12,725 ] Connection to gameserver  "tcp://127.0.0.1:7172" "Global"  was disconnected ( "Connection refused" )
[ 2026-05-20 19:27:12,727 ] StartDownload:  QUrl("")
[ 2026-05-20 19:27:12,728 ] Disconnected from gameserver
[ 2026-05-20 19:27:18,284 ] Request connection to gameserver  "tcp://127.0.0.1:7172"  (unprotected:  "tcp://127.0.0.1:7172" )  requested (Charakter "[GOD] " )
[ 2026-05-20 19:27:18,285 ] Request connection to gameserver  "tcp://127.0.0.1:7172" "Global"
[ 2026-05-20 19:27:22,425 ] Connection to gameserver  "tcp://127.0.0.1:7172" "Global"  was disconnected ( "Connection refused" )
[ 2026-05-20 19:27:23,426 ] Request connection to gameserver  "tcp://127.0.0.1:7172" "Global"
[ 2026-05-20 19:27:27,525 ] Connection to gameserver  "tcp://127.0.0.1:7172" "Global"  was disconnected ( "Connection refused" )
[ 2026-05-20 19:27:27,527 ] StartDownload:  QUrl("")
[ 2026-05-20 19:27:27,527 ] Disconnected from gameserver
[ 2026-05-20 19:27:33,085 ] Request connection to gameserver  "tcp://127.0.0.1:7172"  (unprotected:  "tcp://127.0.0.1:7172" )  requested (Charakter "[GOD] " )
[ 2026-05-20 19:27:33,094 ] Request connection to gameserver  "tcp://127.0.0.1:7172" "Global"
[ 2026-05-20 19:27:33,110 ] Connected to gameserver  "tcp://127.0.0.1:7172" "Global"
[ 2026-05-20 19:27:37,955 ] "updateOrCreateCreatureFromProtobuf: no creature with id 1342191979 found"
[ 2026-05-20 19:27:37,955 ] "updateOrCreateCreatureFromProtobuf: no creature with id 1342191971 found"
[ 2026-05-20 19:27:37,955 ] "updateOrCreateCreatureFromProtobuf: no creature with id 1342191974 found"
[ 2026-05-20 19:27:37,955 ] "updateOrCreateCreatureFromProtobuf: no creature with id 1342192097 found"
[ 2026-05-20 19:27:37,956 ] "updateOrCreateCreatureFromProtobuf: no creature with id 1342192098 found"
[ 2026-05-20 20:50:59,225 ] Connection to gameserver  "tcp://127.0.0.1:7172" "Global"  was disconnected ( "The remote host closed the connection" )
[ 2026-05-20 20:50:59,235 ] StartDownload:  QUrl("")
[ 2026-05-20 20:50:59,297 ] Disconnected from gameserver
[ 2026-08-12 13:36:37,062 ] Using spritesheet cache size of 910
[ 2026-08-12 13:36:37,141 ] Sound engine initialized with default sound device "Fones de ouvido (JBL WAVE BUDS Stereo)"
[ 2026-08-12 13:36:37,147 ] Switch used audio device to "Fones de ouvido (JBL WAVE BUDS Stereo)"
[ 2026-08-12 13:36:46,489 ] Asset loading complete
[ 2026-08-12 13:36:46,604 ] StartDownload:  QUrl("")
[ 2026-08-12 13:37:09,232 ] Using spritesheet cache size of 910
[ 2026-08-12 13:37:09,265 ] Sound engine initialized with default sound device "Fones de ouvido (JBL WAVE BUDS Stereo)"
[ 2026-08-12 13:37:09,270 ] Switch used audio device to "Fones de ouvido (JBL WAVE BUDS Stereo)"
[ 2026-08-12 13:37:09,785 ] StartDownload:  QUrl("")
[ 2026-08-12 13:37:10,225 ] Asset loading complete
[ 2026-08-18 23:52:32,118 ] Using spritesheet cache size of 910
[ 2026-08-18 23:52:32,200 ] Sound engine initialized with default sound device "Alto-falantes (Realtek High Definition Audio(SST))"
[ 2026-08-18 23:52:32,201 ] Switch used audio device to "Alto-falantes (Realtek High Definition Audio(SST))"
[ 2026-08-18 23:52:40,478 ] Asset loading complete
[ 2026-08-18 23:52:40,697 ] StartDownload:  QUrl("")
[ 2026-08-19 00:03:29,148 ] Using spritesheet cache size of 910
[ 2026-08-19 00:03:29,183 ] Sound engine initialized with default sound device "Alto-falantes (Realtek High Definition Audio(SST))"
[ 2026-08-19 00:03:29,183 ] Switch used audio device to "Alto-falantes (Realtek High Definition Audio(SST))"
[ 2026-08-19 00:03:30,478 ] Asset loading complete
[ 2026-08-19 00:03:30,503 ] StartDownload:  QUrl("")
[ 2026-08-19 00:05:02,289 ] Using spritesheet cache size of 910
[ 2026-08-19 00:05:02,322 ] Sound engine initialized with default sound device "Alto-falantes (Realtek High Definition Audio(SST))"
[ 2026-08-19 00:05:02,341 ] Switch used audio device to "Alto-falantes (Realtek High Definition Audio(SST))"
[ 2026-08-19 00:05:03,296 ] Asset loading complete
[ 2026-08-19 00:05:03,312 ] StartDownload:  QUrl("")
[ 2026-08-19 00:23:26,268 ] Using spritesheet cache size of 910
[ 2026-08-19 00:23:26,302 ] Sound engine initialized with default sound device "Alto-falantes (Realtek High Definition Audio(SST))"
[ 2026-08-19 00:23:26,303 ] Switch used audio device to "Alto-falantes (Realtek High Definition Audio(SST))"
[ 2026-08-19 00:23:27,448 ] StartDownload:  QUrl("")
[ 2026-08-19 00:23:27,806 ] Asset loading complete
[ 2026-08-19 00:51:23,202 ] Using spritesheet cache size of 910
[ 2026-08-19 00:51:23,249 ] Sound engine initialized with default sound device "Alto-falantes (Realtek High Definition Audio(SST))"
[ 2026-08-19 00:51:23,264 ] Switch used audio device to "Alto-falantes (Realtek High Definition Audio(SST))"
[ 2026-08-19 00:51:26,327 ] Asset loading complete
[ 2026-08-19 00:51:26,391 ] StartDownload:  QUrl("")
[ 2026-08-19 00:53:22,078 ] Using spritesheet cache size of 910
[ 2026-08-19 00:53:22,109 ] Sound engine initialized with default sound device "Alto-falantes (Realtek High Definition Audio(SST))"
[ 2026-08-19 00:53:22,109 ] Switch used audio device to "Alto-falantes (Realtek High Definition Audio(SST))"
[ 2026-08-19 00:53:23,131 ] Asset loading complete
[ 2026-08-19 00:53:23,160 ] StartDownload:  QUrl("")
[ 2026-08-19 00:55:15,876 ] News query failed: "Failed to get account. Try again!"
[ 2026-08-19 00:55:19,637 ] Sessiondump read:
WorldName: Player
Timestamp:26/09/2025 03:23
Header length:100
Character:Player
[ 2026-08-19 00:55:19,681 ] News query failed: "Failed to get account. Try again!"
[ 2026-08-19 00:56:31,467 ] StartDownload:  QUrl("")
[ 2026-08-19 00:56:32,194 ] BattlEye: "Initialized (v1.249)"
[ 2026-08-19 00:56:32,194 ] BattlEye: "Restarting client is necessary, service isn't running properly"
[ 2026-08-19 00:56:32,194 ] BattlEye: "Restarting client is necessary, update required"
[ 2026-08-19 00:56:32,194 ] BattlEye: "Config entry: GameID tibia"
[ 2026-08-19 00:56:32,194 ] BattlEye: "Config entry: MasterPort 7171"
[ 2026-08-19 00:56:32,302 ] Request connection to gameserver  "tcp://:0"  (unprotected:  "tcp://:0" )  requested (Charakter "Guerreiro" )
[ 2026-08-19 00:56:32,350 ] Request connection to gameserver  "tcp://:0" ""
[ 2026-08-19 00:56:32,382 ] Connection to gameserver  "tcp://:0" ""  was disconnected ( "Host not found" )
[ 2026-08-19 00:56:32,430 ] News query failed: "Failed to get account. Try again!"
[ 2026-08-19 00:56:33,383 ] Request connection to gameserver  "tcp://:0" ""
[ 2026-08-19 00:56:33,433 ] Connection to gameserver  "tcp://:0" ""  was disconnected ( "Host not found" )
[ 2026-08-19 00:56:33,441 ] StartDownload:  QUrl("")
[ 2026-08-19 00:56:33,443 ] Disconnected from gameserver
[ 2026-08-19 00:56:42,051 ] Request connection to gameserver  "tcp://:0"  (unprotected:  "tcp://:0" )  requested (Charakter "Guerreiro" )
[ 2026-08-19 00:56:42,056 ] Request connection to gameserver  "tcp://:0" ""
[ 2026-08-19 00:56:42,082 ] Connection to gameserver  "tcp://:0" ""  was disconnected ( "Host not found" )
[ 2026-08-19 00:56:42,124 ] News query failed: "Failed to get account. Try again!"
[ 2026-08-19 00:56:43,133 ] Request connection to gameserver  "tcp://:0" ""
[ 2026-08-19 00:56:43,182 ] Connection to gameserver  "tcp://:0" ""  was disconnected ( "Host not found" )
[ 2026-08-19 00:56:43,192 ] StartDownload:  QUrl("")
[ 2026-08-19 00:56:43,193 ] Disconnected from gameserver
[ 2026-08-19 00:56:44,342 ] Didn't send news query with params (HighPotential: false Returner: false MaxKnownEditDate: 1590979202 ) (URL: QUrl("http://127.0.0.1/login.php") ) due to too many retries.
[ 2026-08-19 00:56:44,405 ] Request connection to gameserver  "tcp://:0"  (unprotected:  "tcp://:0" )  requested (Charakter "Guerreiro" )
[ 2026-08-19 00:56:44,408 ] Request connection to gameserver  "tcp://:0" ""
[ 2026-08-19 00:56:44,433 ] Connection to gameserver  "tcp://:0" ""  was disconnected ( "Host not found" )
[ 2026-08-19 00:56:45,482 ] Request connection to gameserver  "tcp://:0" ""
[ 2026-08-19 00:56:45,532 ] Connection to gameserver  "tcp://:0" ""  was disconnected ( "Host not found" )
[ 2026-08-19 00:56:45,536 ] StartDownload:  QUrl("")
[ 2026-08-19 00:56:45,537 ] Disconnected from gameserver
[ 2026-08-19 00:56:46,685 ] Didn't send news query with params (HighPotential: false Returner: false MaxKnownEditDate: 1590979202 ) (URL: QUrl("http://127.0.0.1/login.php") ) due to too many retries.
[ 2026-08-19 00:56:46,746 ] Request connection to gameserver  "tcp://:0"  (unprotected:  "tcp://:0" )  requested (Charakter "Guerreiro" )
[ 2026-08-19 00:56:46,748 ] Request connection to gameserver  "tcp://:0" ""
[ 2026-08-19 00:56:46,783 ] Connection to gameserver  "tcp://:0" ""  was disconnected ( "Host not found" )
[ 2026-08-19 00:56:54,225 ] Didn't send news query with params (HighPotential: false Returner: false MaxKnownEditDate: 1590979202 ) (URL: QUrl("http://127.0.0.1/login.php") ) due to too many retries.
[ 2026-08-19 00:56:54,430 ] Sessiondump read:
WorldName: Player
Timestamp:26/09/2025 03:23
Header length:100
Character:Player
[ 2026-08-19 01:01:42,253 ] Using spritesheet cache size of 910
[ 2026-08-19 01:01:42,284 ] Sound engine initialized with default sound device "Alto-falantes (Realtek High Definition Audio(SST))"
[ 2026-08-19 01:01:42,299 ] Switch used audio device to "Alto-falantes (Realtek High Definition Audio(SST))"
[ 2026-08-19 01:01:43,137 ] Asset loading complete
[ 2026-08-19 01:01:43,163 ] StartDownload:  QUrl("")
[ 2026-08-19 01:01:49,992 ] Sessiondump read:
WorldName: Player
Timestamp:26/09/2025 03:23
Header length:100
Character:Player
[ 2026-08-19 01:01:50,054 ] News query failed: "Failed to get account. Try again!"
[ 2026-08-19 01:02:22,202 ] Using spritesheet cache size of 910
[ 2026-08-19 01:02:22,248 ] Sound engine initialized with default sound device "Alto-falantes (Realtek High Definition Audio(SST))"
[ 2026-08-19 01:02:22,248 ] Switch used audio device to "Alto-falantes (Realtek High Definition Audio(SST))"
[ 2026-08-19 01:02:23,189 ] Asset loading complete
[ 2026-08-19 01:02:23,204 ] StartDownload:  QUrl("")
[ 2026-08-19 09:48:32,113 ] Switch used audio device to "\xC3\x81udio Digital (HDMI) (HD Audio Driver for Display Audio)"
[ 2026-08-19 09:49:54,252 ] Switch used audio device to "Alto-falantes (Realtek High Definition Audio(SST))"
[ 2026-08-19 09:52:09,138 ] Switch used audio device to "\xC3\x81udio Digital (HDMI) (HD Audio Driver for Display Audio)"
[ 2026-08-19 09:53:01,251 ] Switch used audio device to "Alto-falantes (Realtek High Definition Audio(SST))"
[ 2026-08-19 13:07:26,715 ] Using spritesheet cache size of 910
[ 2026-08-19 13:07:26,746 ] Sound engine initialized with default sound device "Alto-falantes (Realtek High Definition Audio(SST))"
[ 2026-08-19 13:07:26,746 ] Switch used audio device to "Alto-falantes (Realtek High Definition Audio(SST))"
[ 2026-08-19 13:07:34,225 ] Asset loading complete
[ 2026-08-19 13:07:34,303 ] StartDownload:  QUrl("")
[ 2026-08-19 13:10:47,642 ] Sessiondump read:
WorldName: Player
Timestamp:26/09/2025 03:23
Header length:100
Character:Player
[ 2026-08-19 13:10:47,712 ] News query failed: "Failed to get account. Try again!"
[ 2026-08-19 13:12:20,732 ] Using spritesheet cache size of 910
[ 2026-08-19 13:12:20,763 ] Sound engine initialized with default sound device "Alto-falantes (Realtek High Definition Audio(SST))"
[ 2026-08-19 13:12:20,763 ] Switch used audio device to "Alto-falantes (Realtek High Definition Audio(SST))"
[ 2026-08-19 13:12:21,769 ] Asset loading complete
[ 2026-08-19 13:12:21,782 ] StartDownload:  QUrl("")
[ 2026-08-19 13:21:23,752 ] Using spritesheet cache size of 910
[ 2026-08-19 13:21:23,799 ] Sound engine initialized with default sound device "Alto-falantes (Realtek High Definition Audio(SST))"
[ 2026-08-19 13:21:23,799 ] Switch used audio device to "Alto-falantes (Realtek High Definition Audio(SST))"
[ 2026-08-19 13:21:25,568 ] Asset loading complete
[ 2026-08-19 13:21:25,634 ] StartDownload:  QUrl("")
[ 2026-08-19 13:21:30,845 ] News query failed: "Unrecognized event news."
[ 2026-08-19 13:21:30,865 ] News query failed: "Unrecognized event news."
[ 2026-08-19 13:24:12,400 ] News query failed: "Unrecognized event news."
[ 2026-08-19 13:24:14,590 ] BattlEye: "Initialized (v1.249)"
[ 2026-08-19 13:24:14,590 ] BattlEye: "Restarting client is necessary, service isn't running properly"
[ 2026-08-19 13:24:14,590 ] BattlEye: "Restarting client is necessary, update required"
[ 2026-08-19 13:24:14,590 ] BattlEye: "Config entry: GameID tibia"
[ 2026-08-19 13:24:14,590 ] BattlEye: "Config entry: MasterPort 7171"
[ 2026-08-19 13:24:14,748 ] Request connection to gameserver  "tcp://127.0.0.1:7172"  (unprotected:  "tcp://127.0.0.1:7172" )  requested (Charakter "Cavalheiro" )
[ 2026-08-19 13:24:14,763 ] Request connection to gameserver  "tcp://127.0.0.1:7172" "Global"
[ 2026-08-19 13:24:14,781 ] Connected to gameserver  "tcp://127.0.0.1:7172" "Global"
[ 2026-08-19 13:24:14,931 ] News query failed: "Unrecognized event news."
[ 2026-08-19 13:24:15,163 ] "updateOrCreateCreatureFromProtobuf: no creature with id 1342203424 found"
[ 2026-08-19 13:24:15,163 ] "updateOrCreateCreatureFromProtobuf: no creature with id 1342192097 found"
[ 2026-08-19 13:24:15,164 ] "updateOrCreateCreatureFromProtobuf: no creature with id 1342203402 found"
[ 2026-08-19 13:24:15,164 ] "updateOrCreateCreatureFromProtobuf: no creature with id 1342203403 found"
[ 2026-08-19 13:24:15,164 ] "updateOrCreateCreatureFromProtobuf: no creature with id 1342203404 found"
[ 2026-08-19 13:24:15,164 ] "updateOrCreateCreatureFromProtobuf: no creature with id 1342192203 found"
[ 2026-08-19 13:24:15,164 ] "updateOrCreateCreatureFromProtobuf: no creature with id 1342184687 found"
[ 2026-08-19 13:24:15,164 ] "updateOrCreateCreatureFromProtobuf: no creature with id 1342184689 found"
[ 2026-08-19 13:24:15,164 ] "updateOrCreateCreatureFromProtobuf: no creature with id 1342184691 found"
[ 2026-08-19 13:24:15,164 ] "updateOrCreateCreatureFromProtobuf: no creature with id 1342192176 found"
[ 2026-08-19 13:24:15,164 ] "updateOrCreateCreatureFromProtobuf: no creature with id 1342203458 found"
[ 2026-08-19 13:24:15,165 ] "updateOrCreateCreatureFromProtobuf: no creature with id 1342203487 found"
[ 2026-08-19 13:25:30,170 ] Connection to gameserver  "tcp://127.0.0.1:7172" "Global"  was disconnected ( "The remote host closed the connection" )
[ 2026-08-19 13:25:30,171 ] StartDownload:  QUrl("")
[ 2026-08-19 13:25:30,239 ] Disconnected from gameserver
[ 2026-08-19 13:25:30,541 ] Didn't send news query with params (HighPotential: true Returner: true MaxKnownEditDate: 1590979202 ) (URL: QUrl("http://127.0.0.1/login.php") ) due to too many retries.
[ 2026-08-19 13:25:31,612 ] Didn't send news query with params (HighPotential: true Returner: true MaxKnownEditDate: 1590979202 ) (URL: QUrl("http://127.0.0.1/login.php") ) due to too many retries.
[ 2026-08-19 13:25:31,700 ] Request connection to gameserver  "tcp://127.0.0.1:7172"  (unprotected:  "tcp://127.0.0.1:7172" )  requested (Charakter "Guerreiro" )
[ 2026-08-19 13:25:31,704 ] Request connection to gameserver  "tcp://127.0.0.1:7172" "Global"
[ 2026-08-19 13:25:31,722 ] Connected to gameserver  "tcp://127.0.0.1:7172" "Global"
[ 2026-08-19 13:25:31,916 ] "updateOrCreateCreatureFromProtobuf: no creature with id 1342204892 found"
[ 2026-08-19 13:25:31,917 ] "updateOrCreateCreatureFromProtobuf: no creature with id 1342216984 found"
[ 2026-08-19 13:25:31,917 ] "updateOrCreateCreatureFromProtobuf: no creature with id 1342204893 found"
[ 2026-08-19 13:25:31,917 ] "updateOrCreateCreatureFromProtobuf: no creature with id 1342204894 found"
[ 2026-08-19 13:25:31,917 ] "updateOrCreateCreatureFromProtobuf: no creature with id 1342204895 found"
[ 2026-08-19 13:25:31,917 ] "updateOrCreateCreatureFromProtobuf: no creature with id 1342204896 found"
[ 2026-08-19 13:25:31,917 ] "updateOrCreateCreatureFromProtobuf: no creature with id 1342204951 found"
[ 2026-08-19 13:25:31,917 ] "updateOrCreateCreatureFromProtobuf: no creature with id 1342204952 found"
[ 2026-08-19 13:25:31,917 ] "updateOrCreateCreatureFromProtobuf: no creature with id 1342204996 found"
[ 2026-08-19 13:25:31,917 ] "updateOrCreateCreatureFromProtobuf: no creature with id 1342217045 found"
[ 2026-08-19 13:25:31,917 ] "updateOrCreateCreatureFromProtobuf: no creature with id 1342204999 found"
[ 2026-08-19 13:26:24,273 ] Connection to gameserver  "tcp://127.0.0.1:7172" "Global"  was disconnected ( "The remote host closed the connection" )
[ 2026-08-19 13:26:24,273 ] StartDownload:  QUrl("")
[ 2026-08-19 13:26:24,339 ] Disconnected from gameserver
[ 2026-08-19 13:26:24,406 ] Didn't send news query with params (HighPotential: true Returner: true MaxKnownEditDate: 1590979202 ) (URL: QUrl("http://127.0.0.1/login.php") ) due to too many retries.
[ 2026-08-19 13:28:41,564 ] Using spritesheet cache size of 910
[ 2026-08-19 13:28:41,595 ] Sound engine initialized with default sound device "Alto-falantes (Realtek High Definition Audio(SST))"
[ 2026-08-19 13:28:41,611 ] Switch used audio device to "Alto-falantes (Realtek High Definition Audio(SST))"
[ 2026-08-19 13:28:42,882 ] Asset loading complete
[ 2026-08-19 13:28:42,910 ] StartDownload:  QUrl("")
[ 2026-08-19 13:28:46,575 ] News query failed: "Unrecognized event news."
[ 2026-08-19 13:28:51,138 ] News query failed: "Unrecognized event news."
[ 2026-08-19 13:28:52,667 ] BattlEye: "Initialized (v1.249)"
[ 2026-08-19 13:28:52,667 ] BattlEye: "Restarting client is necessary, service isn't running properly"
[ 2026-08-19 13:28:52,668 ] BattlEye: "Restarting client is necessary, update required"
[ 2026-08-19 13:28:52,668 ] BattlEye: "Config entry: GameID tibia"
[ 2026-08-19 13:28:52,668 ] BattlEye: "Config entry: MasterPort 7171"
[ 2026-08-19 13:28:52,739 ] Request connection to gameserver  "tcp://127.0.0.1:7172"  (unprotected:  "tcp://127.0.0.1:7172" )  requested (Charakter "Cavalheiro" )
[ 2026-08-19 13:28:52,744 ] Request connection to gameserver  "tcp://127.0.0.1:7172" "Global"
[ 2026-08-19 13:28:52,761 ] Connected to gameserver  "tcp://127.0.0.1:7172" "Global"
[ 2026-08-19 13:28:52,822 ] News query failed: "Unrecognized event news."
[ 2026-08-19 13:28:55,734 ] Connection to gameserver  "tcp://127.0.0.1:7172" "Global"  was disconnected ( "The remote host closed the connection" )
[ 2026-08-19 13:28:55,734 ] StartDownload:  QUrl("")
[ 2026-08-19 13:28:55,770 ] Disconnected from gameserver
[ 2026-08-19 13:28:55,982 ] Didn't send news query with params (HighPotential: true Returner: true MaxKnownEditDate: 1590979202 ) (URL: QUrl("http://127.0.0.1/login.php") ) due to too many retries.
[ 2026-08-19 13:35:48,305 ] Using spritesheet cache size of 910
[ 2026-08-19 13:35:48,343 ] Sound engine initialized with default sound device "Alto-falantes (Realtek High Definition Audio(SST))"
[ 2026-08-19 13:35:48,359 ] Switch used audio device to "Alto-falantes (Realtek High Definition Audio(SST))"
[ 2026-08-19 13:35:49,581 ] StartDownload:  QUrl("")
[ 2026-08-19 13:35:50,093 ] Asset loading complete
[ 2026-08-19 13:35:54,142 ] News query failed: "Unrecognized event news."
[ 2026-08-19 13:35:55,691 ] BattlEye: "Initialized (v1.249)"
[ 2026-08-19 13:35:55,692 ] BattlEye: "Restarting client is necessary, service isn't running properly"
[ 2026-08-19 13:35:55,692 ] BattlEye: "Restarting client is necessary, update required"
[ 2026-08-19 13:35:55,692 ] BattlEye: "Config entry: GameID tibia"
[ 2026-08-19 13:35:55,692 ] BattlEye: "Config entry: MasterPort 7171"
[ 2026-08-19 13:35:55,770 ] Request connection to gameserver  "tcp://127.0.0.1:7172"  (unprotected:  "tcp://127.0.0.1:7172" )  requested (Charakter "Cavalheiro" )
[ 2026-08-19 13:35:55,778 ] Request connection to gameserver  "tcp://127.0.0.1:7172" "Global"
[ 2026-08-19 13:35:55,794 ] Connected to gameserver  "tcp://127.0.0.1:7172" "Global"
[ 2026-08-19 13:35:55,885 ] News query failed: "Unrecognized event news."
[ 2026-08-19 13:35:58,982 ] Connection to gameserver  "tcp://127.0.0.1:7172" "Global"  was disconnected ( "The remote host closed the connection" )
[ 2026-08-19 13:35:58,983 ] StartDownload:  QUrl("")
[ 2026-08-19 13:35:59,018 ] Disconnected from gameserver
[ 2026-08-19 13:35:59,378 ] News query failed: "Unrecognized event news."
[ 2026-08-19 13:37:30,928 ] Didn't send news query with params (HighPotential: true Returner: true MaxKnownEditDate: 1590979202 ) (URL: QUrl("http://127.0.0.1/login.php") ) due to too many retries.
[ 2026-08-19 13:37:31,450 ] Didn't send news query with params (HighPotential: true Returner: true MaxKnownEditDate: 1590979202 ) (URL: QUrl("http://127.0.0.1/login.php") ) due to too many retries.
[ 2026-08-19 13:37:31,523 ] Request connection to gameserver  "tcp://127.0.0.1:7172"  (unprotected:  "tcp://127.0.0.1:7172" )  requested (Charakter "Cavalheiro" )
[ 2026-08-19 13:37:31,531 ] Request connection to gameserver  "tcp://127.0.0.1:7172" "Global"
[ 2026-08-19 13:37:31,550 ] Connected to gameserver  "tcp://127.0.0.1:7172" "Global"
[ 2026-08-19 13:37:32,884 ] Connection to gameserver  "tcp://127.0.0.1:7172" "Global"  was disconnected ( "The remote host closed the connection" )
[ 2026-08-19 13:37:32,884 ] StartDownload:  QUrl("")
[ 2026-08-19 13:37:32,919 ] Disconnected from gameserver
[ 2026-08-19 13:37:32,959 ] Didn't send news query with params (HighPotential: true Returner: true MaxKnownEditDate: 1590979202 ) (URL: QUrl("http://127.0.0.1/login.php") ) due to too many retries.
[ 2026-08-19 13:43:20,037 ] Didn't send news query with params (HighPotential: true Returner: true MaxKnownEditDate: 1590979202 ) (URL: QUrl("http://127.0.0.1/login.php") ) due to too many retries.
[ 2026-08-19 13:43:21,584 ] Didn't send news query with params (HighPotential: true Returner: true MaxKnownEditDate: 1590979202 ) (URL: QUrl("http://127.0.0.1/login.php") ) due to too many retries.
[ 2026-08-19 13:43:21,635 ] Request connection to gameserver  "tcp://127.0.0.1:7172"  (unprotected:  "tcp://127.0.0.1:7172" )  requested (Charakter "Guerreiro" )
[ 2026-08-19 13:43:21,636 ] Request connection to gameserver  "tcp://127.0.0.1:7172" "Global"
[ 2026-08-19 13:43:21,653 ] Connected to gameserver  "tcp://127.0.0.1:7172" "Global"
[ 2026-08-19 13:43:23,080 ] Connection to gameserver  "tcp://127.0.0.1:7172" "Global"  was disconnected ( "The remote host closed the connection" )
[ 2026-08-19 13:43:23,080 ] StartDownload:  QUrl("")
[ 2026-08-19 13:43:23,122 ] Disconnected from gameserver
[ 2026-08-19 13:43:23,154 ] Didn't send news query with params (HighPotential: true Returner: true MaxKnownEditDate: 1590979202 ) (URL: QUrl("http://127.0.0.1/login.php") ) due to too many retries.
[ 2026-08-19 13:44:09,399 ] Didn't send news query with params (HighPotential: true Returner: true MaxKnownEditDate: 1590979202 ) (URL: QUrl("http://127.0.0.1/login.php") ) due to too many retries.
[ 2026-08-19 13:44:10,700 ] Didn't send news query with params (HighPotential: true Returner: true MaxKnownEditDate: 1590979202 ) (URL: QUrl("http://127.0.0.1/login.php") ) due to too many retries.
[ 2026-08-19 13:44:10,746 ] Request connection to gameserver  "tcp://127.0.0.1:7172"  (unprotected:  "tcp://127.0.0.1:7172" )  requested (Charakter "Cavalheiro" )
[ 2026-08-19 13:44:10,750 ] Request connection to gameserver  "tcp://127.0.0.1:7172" "Global"
[ 2026-08-19 13:44:10,765 ] Connected to gameserver  "tcp://127.0.0.1:7172" "Global"
[ 2026-08-19 13:44:37,583 ] Connection to gameserver  "tcp://127.0.0.1:7172" "Global"  was disconnected ( "The remote host closed the connection" )
[ 2026-08-19 13:44:37,583 ] StartDownload:  QUrl("")
[ 2026-08-19 13:44:37,617 ] Disconnected from gameserver
[ 2026-08-19 13:44:37,653 ] Didn't send news query with params (HighPotential: true Returner: true MaxKnownEditDate: 1590979202 ) (URL: QUrl("http://127.0.0.1/login.php") ) due to too many retries.
[ 2026-08-19 13:45:11,186 ] Didn't send news query with params (HighPotential: true Returner: true MaxKnownEditDate: 1590979202 ) (URL: QUrl("http://127.0.0.1/login.php") ) due to too many retries.
[ 2026-08-19 13:45:12,084 ] Didn't send news query with params (HighPotential: true Returner: true MaxKnownEditDate: 1590979202 ) (URL: QUrl("http://127.0.0.1/login.php") ) due to too many retries.
[ 2026-08-19 13:45:12,130 ] Request connection to gameserver  "tcp://127.0.0.1:7172"  (unprotected:  "tcp://127.0.0.1:7172" )  requested (Charakter "Cavalheiro" )
[ 2026-08-19 13:45:12,132 ] Request connection to gameserver  "tcp://127.0.0.1:7172" "Global"
[ 2026-08-19 13:45:12,146 ] Connected to gameserver  "tcp://127.0.0.1:7172" "Global"
[ 2026-08-19 13:45:56,982 ] Connection to gameserver  "tcp://127.0.0.1:7172" "Global"  was disconnected ( "The remote host closed the connection" )
[ 2026-08-19 13:45:56,982 ] StartDownload:  QUrl("")
[ 2026-08-19 13:45:57,020 ] Disconnected from gameserver
[ 2026-08-19 13:45:57,076 ] Didn't send news query with params (HighPotential: true Returner: true MaxKnownEditDate: 1590979202 ) (URL: QUrl("http://127.0.0.1/login.php") ) due to too many retries.
[ 2026-08-19 13:45:57,960 ] Didn't send news query with params (HighPotential: true Returner: true MaxKnownEditDate: 1590979202 ) (URL: QUrl("http://127.0.0.1/login.php") ) due to too many retries.
[ 2026-08-19 13:45:58,017 ] Request connection to gameserver  "tcp://127.0.0.1:7172"  (unprotected:  "tcp://127.0.0.1:7172" )  requested (Charakter "Guerreiro" )
[ 2026-08-19 13:45:58,027 ] Request connection to gameserver  "tcp://127.0.0.1:7172" "Global"
[ 2026-08-19 13:45:58,041 ] Connected to gameserver  "tcp://127.0.0.1:7172" "Global"
[ 2026-08-19 13:46:04,083 ] Connection to gameserver  "tcp://127.0.0.1:7172" "Global"  was disconnected ( "The remote host closed the connection" )
[ 2026-08-19 13:46:04,083 ] StartDownload:  QUrl("")
[ 2026-08-19 13:46:04,123 ] Disconnected from gameserver
[ 2026-08-19 13:46:04,168 ] Didn't send news query with params (HighPotential: true Returner: true MaxKnownEditDate: 1590979202 ) (URL: QUrl("http://127.0.0.1/login.php") ) due to too many retries.
[ 2026-08-19 13:47:47,123 ] Didn't send news query with params (HighPotential: true Returner: true MaxKnownEditDate: 1590979202 ) (URL: QUrl("http://127.0.0.1/login.php") ) due to too many retries.
[ 2026-08-19 13:47:48,212 ] Didn't send news query with params (HighPotential: true Returner: true MaxKnownEditDate: 1590979202 ) (URL: QUrl("http://127.0.0.1/login.php") ) due to too many retries.
[ 2026-08-19 13:47:48,258 ] Request connection to gameserver  "tcp://127.0.0.1:7172"  (unprotected:  "tcp://127.0.0.1:7172" )  requested (Charakter "Cavalheiro" )
[ 2026-08-19 13:47:48,261 ] Request connection to gameserver  "tcp://127.0.0.1:7172" "Global"
[ 2026-08-19 13:47:48,274 ] Connected to gameserver  "tcp://127.0.0.1:7172" "Global"
[ 2026-08-19 13:47:49,581 ] Connection to gameserver  "tcp://127.0.0.1:7172" "Global"  was disconnected ( "The remote host closed the connection" )
[ 2026-08-19 13:47:49,581 ] StartDownload:  QUrl("")
[ 2026-08-19 13:47:49,615 ] Disconnected from gameserver
[ 2026-08-19 13:47:49,647 ] Didn't send news query with params (HighPotential: true Returner: true MaxKnownEditDate: 1590979202 ) (URL: QUrl("http://127.0.0.1/login.php") ) due to too many retries.
[ 2026-08-19 14:14:08,224 ] Didn't send news query with params (HighPotential: true Returner: true MaxKnownEditDate: 1590979202 ) (URL: QUrl("http://127.0.0.1/login.php") ) due to too many retries.
[ 2026-08-19 14:14:11,338 ] Didn't send news query with params (HighPotential: true Returner: true MaxKnownEditDate: 1590979202 ) (URL: QUrl("http://127.0.0.1/login.php") ) due to too many retries.
[ 2026-08-19 14:14:11,383 ] Request connection to gameserver  "tcp://127.0.0.1:7172"  (unprotected:  "tcp://127.0.0.1:7172" )  requested (Charakter "Fussy Cobra" )
[ 2026-08-19 14:14:11,386 ] Request connection to gameserver  "tcp://127.0.0.1:7172" "Global"
[ 2026-08-19 14:14:11,399 ] Connected to gameserver  "tcp://127.0.0.1:7172" "Global"
[ 2026-08-19 14:14:11,701 ] "updateOrCreateCreatureFromProtobuf: no creature with id 1342203424 found"
[ 2026-08-19 14:14:11,701 ] "updateOrCreateCreatureFromProtobuf: no creature with id 1342192097 found"
[ 2026-08-19 14:14:11,701 ] "updateOrCreateCreatureFromProtobuf: no creature with id 1342203402 found"
[ 2026-08-19 14:14:11,701 ] "updateOrCreateCreatureFromProtobuf: no creature with id 1342203403 found"
[ 2026-08-19 14:14:11,701 ] "updateOrCreateCreatureFromProtobuf: no creature with id 1342203404 found"
[ 2026-08-19 14:14:11,701 ] "updateOrCreateCreatureFromProtobuf: no creature with id 1342192203 found"
[ 2026-08-19 14:14:11,701 ] "updateOrCreateCreatureFromProtobuf: no creature with id 1342184687 found"
[ 2026-08-19 14:14:11,701 ] "updateOrCreateCreatureFromProtobuf: no creature with id 1342184689 found"
[ 2026-08-19 14:14:11,701 ] "updateOrCreateCreatureFromProtobuf: no creature with id 1342184691 found"
[ 2026-08-19 14:14:11,701 ] "updateOrCreateCreatureFromProtobuf: no creature with id 1342192176 found"
[ 2026-08-19 14:14:11,702 ] "updateOrCreateCreatureFromProtobuf: no creature with id 1342203458 found"
[ 2026-08-19 14:14:11,702 ] "updateOrCreateCreatureFromProtobuf: no creature with id 1342203487 found"
[ 2026-08-19 14:14:31,331 ] Connection to gameserver  "tcp://127.0.0.1:7172" "Global"  was disconnected ( "The remote host closed the connection" )
[ 2026-08-19 14:14:31,332 ] StartDownload:  QUrl("")
[ 2026-08-19 14:14:31,368 ] Disconnected from gameserver
[ 2026-08-19 14:14:31,398 ] Didn't send news query with params (HighPotential: true Returner: true MaxKnownEditDate: 1590979202 ) (URL: QUrl("http://127.0.0.1/login.php") ) due to too many retries.
[ 2026-08-19 14:16:02,618 ] Didn't send news query with params (HighPotential: true Returner: true MaxKnownEditDate: 1590979202 ) (URL: QUrl("http://127.0.0.1/login.php") ) due to too many retries.
[ 2026-08-19 14:16:03,815 ] Didn't send news query with params (HighPotential: true Returner: true MaxKnownEditDate: 1590979202 ) (URL: QUrl("http://127.0.0.1/login.php") ) due to too many retries.
[ 2026-08-19 14:16:03,857 ] Request connection to gameserver  "tcp://127.0.0.1:7172"  (unprotected:  "tcp://127.0.0.1:7172" )  requested (Charakter "Cavalheiro" )
[ 2026-08-19 14:16:03,861 ] Request connection to gameserver  "tcp://127.0.0.1:7172" "Global"
[ 2026-08-19 14:16:03,876 ] Connected to gameserver  "tcp://127.0.0.1:7172" "Global"
[ 2026-08-19 14:16:58,331 ] Connection to gameserver  "tcp://127.0.0.1:7172" "Global"  was disconnected ( "The remote host closed the connection" )
[ 2026-08-19 14:16:58,331 ] StartDownload:  QUrl("")
[ 2026-08-19 14:16:58,368 ] Disconnected from gameserver
[ 2026-08-19 14:16:58,413 ] Didn't send news query with params (HighPotential: true Returner: true MaxKnownEditDate: 1590979202 ) (URL: QUrl("http://127.0.0.1/login.php") ) due to too many retries.
[ 2026-08-19 14:25:31,737 ] Didn't send news query with params (HighPotential: true Returner: true MaxKnownEditDate: 1590979202 ) (URL: QUrl("http://127.0.0.1/login.php") ) due to too many retries.
[ 2026-08-19 14:25:33,329 ] Didn't send news query with params (HighPotential: true Returner: true MaxKnownEditDate: 1590979202 ) (URL: QUrl("http://127.0.0.1/login.php") ) due to too many retries.
[ 2026-08-19 14:25:33,375 ] Request connection to gameserver  "tcp://127.0.0.1:7172"  (unprotected:  "tcp://127.0.0.1:7172" )  requested (Charakter "Fussy Cobra" )
[ 2026-08-19 14:25:33,382 ] Request connection to gameserver  "tcp://127.0.0.1:7172" "Global"
[ 2026-08-19 14:25:33,395 ] Connected to gameserver  "tcp://127.0.0.1:7172" "Global"
[ 2026-08-19 14:25:33,576 ] "updateOrCreateCreatureFromProtobuf: no creature with id 1342219204 found"
[ 2026-08-19 14:25:33,577 ] "updateOrCreateCreatureFromProtobuf: no creature with id 1342219180 found"
[ 2026-08-19 14:25:34,282 ] Connection to gameserver  "tcp://127.0.0.1:7172" "Global"  was disconnected ( "The remote host closed the connection" )
[ 2026-08-19 14:25:34,282 ] StartDownload:  QUrl("")
[ 2026-08-19 14:25:34,318 ] Disconnected from gameserver
[ 2026-08-19 14:25:34,356 ] Didn't send news query with params (HighPotential: true Returner: true MaxKnownEditDate: 1590979202 ) (URL: QUrl("http://127.0.0.1/login.php") ) due to too many retries.
[ 2026-08-19 14:27:07,177 ] Didn't send news query with params (HighPotential: true Returner: true MaxKnownEditDate: 1590979202 ) (URL: QUrl("http://127.0.0.1/login.php") ) due to too many retries.
[ 2026-08-19 14:27:08,221 ] Didn't send news query with params (HighPotential: true Returner: true MaxKnownEditDate: 1590979202 ) (URL: QUrl("http://127.0.0.1/login.php") ) due to too many retries.
[ 2026-08-19 14:27:08,264 ] Request connection to gameserver  "tcp://127.0.0.1:7172"  (unprotected:  "tcp://127.0.0.1:7172" )  requested (Charakter "Fussy Cobra" )
[ 2026-08-19 14:27:08,266 ] Request connection to gameserver  "tcp://127.0.0.1:7172" "Global"
[ 2026-08-19 14:27:08,280 ] Connected to gameserver  "tcp://127.0.0.1:7172" "Global"
[ 2026-08-19 14:27:08,520 ] "updateOrCreateCreatureFromProtobuf: no creature with id 1342219204 found"
[ 2026-08-19 14:27:08,520 ] "updateOrCreateCreatureFromProtobuf: no creature with id 1342219180 found"
[ 2026-08-19 14:27:09,431 ] Connection to gameserver  "tcp://127.0.0.1:7172" "Global"  was disconnected ( "The remote host closed the connection" )
[ 2026-08-19 14:27:09,431 ] StartDownload:  QUrl("")
[ 2026-08-19 14:27:09,465 ] Disconnected from gameserver
[ 2026-08-19 14:27:09,497 ] Didn't send news query with params (HighPotential: true Returner: true MaxKnownEditDate: 1590979202 ) (URL: QUrl("http://127.0.0.1/login.php") ) due to too many retries.
[ 2026-08-19 14:27:55,236 ] Didn't send news query with params (HighPotential: true Returner: true MaxKnownEditDate: 1590979202 ) (URL: QUrl("http://127.0.0.1/login.php") ) due to too many retries.
[ 2026-08-19 14:27:56,139 ] Didn't send news query with params (HighPotential: true Returner: true MaxKnownEditDate: 1590979202 ) (URL: QUrl("http://127.0.0.1/login.php") ) due to too many retries.
[ 2026-08-19 14:27:56,185 ] Request connection to gameserver  "tcp://127.0.0.1:7172"  (unprotected:  "tcp://127.0.0.1:7172" )  requested (Charakter "Cavalheiro" )
[ 2026-08-19 14:27:56,191 ] Request connection to gameserver  "tcp://127.0.0.1:7172" "Global"
[ 2026-08-19 14:27:56,210 ] Connected to gameserver  "tcp://127.0.0.1:7172" "Global"
[ 2026-08-19 14:28:04,581 ] Connection to gameserver  "tcp://127.0.0.1:7172" "Global"  was disconnected ( "The remote host closed the connection" )
[ 2026-08-19 14:28:04,581 ] StartDownload:  QUrl("")
[ 2026-08-19 14:28:04,619 ] Disconnected from gameserver
[ 2026-08-19 14:28:04,660 ] Didn't send news query with params (HighPotential: true Returner: true MaxKnownEditDate: 1590979202 ) (URL: QUrl("http://127.0.0.1/login.php") ) due to too many retries.
[ 2026-08-19 14:28:42,310 ] Didn't send news query with params (HighPotential: true Returner: true MaxKnownEditDate: 1590979202 ) (URL: QUrl("http://127.0.0.1/login.php") ) due to too many retries.
[ 2026-08-19 14:28:43,091 ] Didn't send news query with params (HighPotential: true Returner: true MaxKnownEditDate: 1590979202 ) (URL: QUrl("http://127.0.0.1/login.php") ) due to too many retries.
[ 2026-08-19 14:28:43,138 ] Request connection to gameserver  "tcp://127.0.0.1:7172"  (unprotected:  "tcp://127.0.0.1:7172" )  requested (Charakter "Cavalheiro" )
[ 2026-08-19 14:28:43,141 ] Request connection to gameserver  "tcp://127.0.0.1:7172" "Global"
[ 2026-08-19 14:28:43,158 ] Connected to gameserver  "tcp://127.0.0.1:7172" "Global"
[ 2026-08-19 14:28:44,281 ] Connection to gameserver  "tcp://127.0.0.1:7172" "Global"  was disconnected ( "The remote host closed the connection" )
[ 2026-08-19 14:28:44,281 ] StartDownload:  QUrl("")
[ 2026-08-19 14:28:44,317 ] Disconnected from gameserver
[ 2026-08-19 14:28:44,353 ] Didn't send news query with params (HighPotential: true Returner: true MaxKnownEditDate: 1590979202 ) (URL: QUrl("http://127.0.0.1/login.php") ) due to too many retries.
[ 2026-08-19 14:29:37,445 ] Didn't send news query with params (HighPotential: true Returner: true MaxKnownEditDate: 1590979202 ) (URL: QUrl("http://127.0.0.1/login.php") ) due to too many retries.
[ 2026-08-19 14:29:38,308 ] Didn't send news query with params (HighPotential: true Returner: true MaxKnownEditDate: 1590979202 ) (URL: QUrl("http://127.0.0.1/login.php") ) due to too many retries.
[ 2026-08-19 14:29:38,360 ] Request connection to gameserver  "tcp://127.0.0.1:7172"  (unprotected:  "tcp://127.0.0.1:7172" )  requested (Charakter "Cavalheiro" )
[ 2026-08-19 14:29:38,364 ] Request connection to gameserver  "tcp://127.0.0.1:7172" "Global"
[ 2026-08-19 14:29:38,382 ] Connected to gameserver  "tcp://127.0.0.1:7172" "Global"
[ 2026-08-19 14:29:39,381 ] Connection to gameserver  "tcp://127.0.0.1:7172" "Global"  was disconnected ( "The remote host closed the connection" )
[ 2026-08-19 14:29:39,381 ] StartDownload:  QUrl("")
[ 2026-08-19 14:29:39,419 ] Disconnected from gameserver
[ 2026-08-19 14:29:39,456 ] Didn't send news query with params (HighPotential: true Returner: true MaxKnownEditDate: 1590979202 ) (URL: QUrl("http://127.0.0.1/login.php") ) due to too many retries.
[ 2026-08-19 14:30:09,891 ] Didn't send news query with params (HighPotential: true Returner: true MaxKnownEditDate: 1590979202 ) (URL: QUrl("http://127.0.0.1/login.php") ) due to too many retries.
[ 2026-08-19 14:30:10,687 ] Didn't send news query with params (HighPotential: true Returner: true MaxKnownEditDate: 1590979202 ) (URL: QUrl("http://127.0.0.1/login.php") ) due to too many retries.
[ 2026-08-19 14:30:10,739 ] Request connection to gameserver  "tcp://127.0.0.1:7172"  (unprotected:  "tcp://127.0.0.1:7172" )  requested (Charakter "Fussy Cobra" )
[ 2026-08-19 14:30:10,744 ] Request connection to gameserver  "tcp://127.0.0.1:7172" "Global"
[ 2026-08-19 14:30:10,760 ] Connected to gameserver  "tcp://127.0.0.1:7172" "Global"
[ 2026-08-19 14:30:10,894 ] "updateOrCreateCreatureFromProtobuf: no creature with id 1342219204 found"
[ 2026-08-19 14:30:10,895 ] "updateOrCreateCreatureFromProtobuf: no creature with id 1342219180 found"
[ 2026-08-19 14:30:11,681 ] Connection to gameserver  "tcp://127.0.0.1:7172" "Global"  was disconnected ( "The remote host closed the connection" )
[ 2026-08-19 14:30:11,681 ] StartDownload:  QUrl("")
[ 2026-08-19 14:30:11,716 ] Disconnected from gameserver
[ 2026-08-19 14:30:11,751 ] Didn't send news query with params (HighPotential: true Returner: true MaxKnownEditDate: 1590979202 ) (URL: QUrl("http://127.0.0.1/login.php") ) due to too many retries.
[ 2026-08-19 14:32:21,583 ] Didn't send news query with params (HighPotential: true Returner: true MaxKnownEditDate: 1590979202 ) (URL: QUrl("http://127.0.0.1/login.php") ) due to too many retries.
[ 2026-08-19 14:32:22,505 ] Didn't send news query with params (HighPotential: true Returner: true MaxKnownEditDate: 1590979202 ) (URL: QUrl("http://127.0.0.1/login.php") ) due to too many retries.
[ 2026-08-19 14:32:22,556 ] Request connection to gameserver  "tcp://127.0.0.1:7172"  (unprotected:  "tcp://127.0.0.1:7172" )  requested (Charakter "Fussy Cobra" )
[ 2026-08-19 14:32:22,559 ] Request connection to gameserver  "tcp://127.0.0.1:7172" "Global"
[ 2026-08-19 14:32:22,565 ] Connected to gameserver  "tcp://127.0.0.1:7172" "Global"
[ 2026-08-19 14:32:22,826 ] "updateOrCreateCreatureFromProtobuf: no creature with id 1342219204 found"
[ 2026-08-19 14:32:22,826 ] "updateOrCreateCreatureFromProtobuf: no creature with id 1342219180 found"
[ 2026-08-19 14:32:23,581 ] Connection to gameserver  "tcp://127.0.0.1:7172" "Global"  was disconnected ( "The remote host closed the connection" )
[ 2026-08-19 14:32:23,581 ] StartDownload:  QUrl("")
[ 2026-08-19 14:32:23,618 ] Disconnected from gameserver
[ 2026-08-19 14:32:23,654 ] Didn't send news query with params (HighPotential: true Returner: true MaxKnownEditDate: 1590979202 ) (URL: QUrl("http://127.0.0.1/login.php") ) due to too many retries.
[ 2026-08-19 14:33:25,378 ] Didn't send news query with params (HighPotential: true Returner: true MaxKnownEditDate: 1590979202 ) (URL: QUrl("http://127.0.0.1/login.php") ) due to too many retries.
[ 2026-08-19 14:33:26,262 ] Didn't send news query with params (HighPotential: true Returner: true MaxKnownEditDate: 1590979202 ) (URL: QUrl("http://127.0.0.1/login.php") ) due to too many retries.
[ 2026-08-19 14:33:26,306 ] Request connection to gameserver  "tcp://127.0.0.1:7172"  (unprotected:  "tcp://127.0.0.1:7172" )  requested (Charakter "Cavalheiro" )
[ 2026-08-19 14:33:26,309 ] Request connection to gameserver  "tcp://127.0.0.1:7172" "Global"
[ 2026-08-19 14:33:26,323 ] Connected to gameserver  "tcp://127.0.0.1:7172" "Global"
[ 2026-08-19 14:33:27,432 ] Connection to gameserver  "tcp://127.0.0.1:7172" "Global"  was disconnected ( "The remote host closed the connection" )
[ 2026-08-19 14:33:27,432 ] StartDownload:  QUrl("")
[ 2026-08-19 14:33:27,468 ] Disconnected from gameserver
[ 2026-08-19 14:33:27,512 ] Didn't send news query with params (HighPotential: true Returner: true MaxKnownEditDate: 1590979202 ) (URL: QUrl("http://127.0.0.1/login.php") ) due to too many retries.
[ 2026-08-19 14:36:30,583 ] Didn't send news query with params (HighPotential: true Returner: true MaxKnownEditDate: 1590979202 ) (URL: QUrl("http://127.0.0.1/login.php") ) due to too many retries.
[ 2026-08-19 21:42:30,295 ] Retrying to obtain clipboard.
[ 2026-08-19 21:42:30,346 ] Retrying to obtain clipboard.
[ 2026-08-19 21:42:30,397 ] Unable to obtain clipboard.
[ 2026-08-19 21:42:30,448 ] Retrying to obtain clipboard.
[ 2026-08-19 22:23:54,979 ] Didn't send news query with params (HighPotential: true Returner: true MaxKnownEditDate: 1590979202 ) (URL: QUrl("http://127.0.0.1/login.php") ) due to too many retries.
[ 2026-08-19 22:23:57,774 ] Didn't send news query with params (HighPotential: true Returner: true MaxKnownEditDate: 1590979202 ) (URL: QUrl("http://127.0.0.1/login.php") ) due to too many retries.
[ 2026-08-19 22:23:57,912 ] Request connection to gameserver  "tcp://127.0.0.1:7172"  (unprotected:  "tcp://127.0.0.1:7172" )  requested (Charakter "Guerreiro" )
[ 2026-08-19 22:23:57,925 ] Request connection to gameserver  "tcp://127.0.0.1:7172" "Global"
[ 2026-08-19 22:23:57,947 ] Connected to gameserver  "tcp://127.0.0.1:7172" "Global"
[ 2026-08-19 22:33:31,980 ] Connection to gameserver  "tcp://127.0.0.1:7172" "Global"  was disconnected ( "The remote host closed the connection" )
[ 2026-08-19 22:33:31,988 ] StartDownload:  QUrl("")
[ 2026-08-19 22:33:32,079 ] Disconnected from gameserver
[ 2026-08-19 22:34:09,533 ] Didn't send news query with params (HighPotential: true Returner: true MaxKnownEditDate: 1590979202 ) (URL: QUrl("http://127.0.0.1/login.php") ) due to too many retries.
[ 2026-08-19 22:34:10,218 ] Didn't send news query with params (HighPotential: true Returner: true MaxKnownEditDate: 1590979202 ) (URL: QUrl("http://127.0.0.1/login.php") ) due to too many retries.
[ 2026-08-19 22:34:10,289 ] Request connection to gameserver  "tcp://127.0.0.1:7172"  (unprotected:  "tcp://127.0.0.1:7172" )  requested (Charakter "Guerreiro" )
[ 2026-08-19 22:34:10,293 ] Request connection to gameserver  "tcp://127.0.0.1:7172" "Global"
[ 2026-08-19 22:34:10,309 ] Connected to gameserver  "tcp://127.0.0.1:7172" "Global"
[ 2026-08-19 22:34:30,080 ] Connection to gameserver  "tcp://127.0.0.1:7172" "Global"  was disconnected ( "The remote host closed the connection" )
[ 2026-08-19 22:34:30,080 ] StartDownload:  QUrl("")
[ 2026-08-19 22:34:30,119 ] Disconnected from gameserver
[ 2026-08-19 22:34:30,164 ] Didn't send news query with params (HighPotential: true Returner: true MaxKnownEditDate: 1590979202 ) (URL: QUrl("http://127.0.0.1/login.php") ) due to too many retries.
[ 2026-08-19 22:34:32,275 ] Didn't send news query with params (HighPotential: true Returner: true MaxKnownEditDate: 1590979202 ) (URL: QUrl("http://127.0.0.1/login.php") ) due to too many retries.
[ 2026-08-19 22:34:32,320 ] Request connection to gameserver  "tcp://127.0.0.1:7172"  (unprotected:  "tcp://127.0.0.1:7172" )  requested (Charakter "Cavalheiro" )
[ 2026-08-19 22:34:32,323 ] Request connection to gameserver  "tcp://127.0.0.1:7172" "Global"
[ 2026-08-19 22:34:32,337 ] Connected to gameserver  "tcp://127.0.0.1:7172" "Global"
[ 2026-08-19 22:36:43,730 ] Connection to gameserver  "tcp://127.0.0.1:7172" "Global"  was disconnected ( "The remote host closed the connection" )
[ 2026-08-19 22:36:43,738 ] StartDownload:  QUrl("")
[ 2026-08-19 22:36:43,788 ] Disconnected from gameserver
[ 2026-08-19 22:37:19,891 ] Didn't send news query with params (HighPotential: true Returner: true MaxKnownEditDate: 1590979202 ) (URL: QUrl("http://127.0.0.1/login.php") ) due to too many retries.
[ 2026-08-19 22:37:23,088 ] Didn't send news query with params (HighPotential: true Returner: true MaxKnownEditDate: 1590979202 ) (URL: QUrl("http://127.0.0.1/login.php") ) due to too many retries.
[ 2026-08-19 22:37:23,128 ] Request connection to gameserver  "tcp://127.0.0.1:7172"  (unprotected:  "tcp://127.0.0.1:7172" )  requested (Charakter "Guerreiro" )
[ 2026-08-19 22:37:23,132 ] Request connection to gameserver  "tcp://127.0.0.1:7172" "Global"
[ 2026-08-19 22:37:23,146 ] Connected to gameserver  "tcp://127.0.0.1:7172" "Global"
[ 2026-08-19 22:38:44,181 ] Connection to gameserver  "tcp://127.0.0.1:7172" "Global"  was disconnected ( "The remote host closed the connection" )
[ 2026-08-19 22:38:44,181 ] StartDownload:  QUrl("")
[ 2026-08-19 22:38:44,218 ] Disconnected from gameserver
[ 2026-08-19 22:38:44,256 ] Didn't send news query with params (HighPotential: true Returner: true MaxKnownEditDate: 1590979202 ) (URL: QUrl("http://127.0.0.1/login.php") ) due to too many retries.
[ 2026-08-20 20:57:28,147 ] Using spritesheet cache size of 910
[ 2026-08-20 20:57:28,193 ] Sound engine initialized with default sound device "Alto-falantes (Realtek High Definition Audio(SST))"
[ 2026-08-20 20:57:28,193 ] Switch used audio device to "Alto-falantes (Realtek High Definition Audio(SST))"
[ 2026-08-20 20:57:34,940 ] Asset loading complete
[ 2026-08-20 20:57:35,016 ] StartDownload:  QUrl("")
[ 2026-08-20 20:59:50,922 ] News query failed: "Unrecognized event news."
[ 2026-08-20 20:59:53,518 ] BattlEye: "Initialized (v1.249)"
[ 2026-08-20 20:59:53,518 ] BattlEye: "Restarting client is necessary, service isn't running properly"
[ 2026-08-20 20:59:53,519 ] BattlEye: "Restarting client is necessary, update required"
[ 2026-08-20 20:59:53,519 ] BattlEye: "Config entry: GameID tibia"
[ 2026-08-20 20:59:53,519 ] BattlEye: "Config entry: MasterPort 7171"
[ 2026-08-20 20:59:53,644 ] Request connection to gameserver  "tcp://127.0.0.1:7172"  (unprotected:  "tcp://127.0.0.1:7172" )  requested (Charakter "Guerreiro" )
[ 2026-08-20 20:59:53,653 ] Request connection to gameserver  "tcp://127.0.0.1:7172" "Global"
[ 2026-08-20 20:59:53,669 ] Connected to gameserver  "tcp://127.0.0.1:7172" "Global"
[ 2026-08-20 20:59:53,736 ] News query failed: "Unrecognized event news."
[ 2026-08-20 21:09:15,453 ] Connection to gameserver  "tcp://127.0.0.1:7172" "Global"  was disconnected ( "The remote host closed the connection" )
[ 2026-08-20 21:09:15,453 ] StartDownload:  QUrl("")
[ 2026-08-20 21:09:15,493 ] Disconnected from gameserver
[ 2026-08-20 21:09:15,915 ] News query failed: "Unrecognized event news."
[ 2026-08-20 21:10:07,347 ] Didn't send news query with params (HighPotential: true Returner: true MaxKnownEditDate: 1590979202 ) (URL: QUrl("http://127.0.0.1/login.php") ) due to too many retries.
[ 2026-08-20 21:10:09,169 ] Didn't send news query with params (HighPotential: true Returner: true MaxKnownEditDate: 1590979202 ) (URL: QUrl("http://127.0.0.1/login.php") ) due to too many retries.
[ 2026-08-20 21:10:09,214 ] Request connection to gameserver  "tcp://127.0.0.1:7172"  (unprotected:  "tcp://127.0.0.1:7172" )  requested (Charakter "Guerreiro" )
[ 2026-08-20 21:10:09,216 ] Request connection to gameserver  "tcp://127.0.0.1:7172" "Global"
[ 2026-08-20 21:10:09,231 ] Connected to gameserver  "tcp://127.0.0.1:7172" "Global"
[ 2026-08-20 21:10:09,438 ] "updateOrCreateCreatureFromProtobuf: no creature with id 1342216940 found"
[ 2026-08-20 21:10:09,438 ] "updateOrCreateCreatureFromProtobuf: no creature with id 1342204840 found"
[ 2026-08-20 21:10:09,438 ] "updateOrCreateCreatureFromProtobuf: no creature with id 1342216943 found"
[ 2026-08-20 21:10:09,438 ] "updateOrCreateCreatureFromProtobuf: no creature with id 1342216944 found"
[ 2026-08-20 21:10:09,438 ] "updateOrCreateCreatureFromProtobuf: no creature with id 1342216946 found"
[ 2026-08-20 21:10:09,438 ] "updateOrCreateCreatureFromProtobuf: no creature with id 1342216947 found"
[ 2026-08-20 21:10:09,438 ] "updateOrCreateCreatureFromProtobuf: no creature with id 1342216948 found"
[ 2026-08-20 21:10:09,438 ] "updateOrCreateCreatureFromProtobuf: no creature with id 1342216945 found"
[ 2026-08-20 21:10:09,438 ] "updateOrCreateCreatureFromProtobuf: no creature with id 1342204910 found"
[ 2026-08-20 21:10:09,438 ] "updateOrCreateCreatureFromProtobuf: no creature with id 1342216992 found"
[ 2026-08-20 21:10:09,438 ] "updateOrCreateCreatureFromProtobuf: no creature with id 1342216991 found"
[ 2026-08-20 21:16:33,603 ] Connection to gameserver  "tcp://127.0.0.1:7172" "Global"  was disconnected ( "The remote host closed the connection" )
[ 2026-08-20 21:16:33,611 ] StartDownload:  QUrl("")
[ 2026-08-20 21:16:33,704 ] Disconnected from gameserver
[ 2026-08-20 21:17:14,699 ] Didn't send news query with params (HighPotential: true Returner: true MaxKnownEditDate: 1590979202 ) (URL: QUrl("http://127.0.0.1/login.php") ) due to too many retries.
[ 2026-08-20 21:17:15,367 ] Didn't send news query with params (HighPotential: true Returner: true MaxKnownEditDate: 1590979202 ) (URL: QUrl("http://127.0.0.1/login.php") ) due to too many retries.
[ 2026-08-20 21:17:15,407 ] Request connection to gameserver  "tcp://127.0.0.1:7172"  (unprotected:  "tcp://127.0.0.1:7172" )  requested (Charakter "Guerreiro" )
[ 2026-08-20 21:17:15,409 ] Request connection to gameserver  "tcp://127.0.0.1:7172" "Global"
[ 2026-08-20 21:17:15,423 ] Connected to gameserver  "tcp://127.0.0.1:7172" "Global"
[ 2026-08-20 21:17:15,598 ] "updateOrCreateCreatureFromProtobuf: no creature with id 1342204840 found"
[ 2026-08-20 21:17:15,598 ] "updateOrCreateCreatureFromProtobuf: no creature with id 1342216942 found"
[ 2026-08-20 21:17:15,598 ] "updateOrCreateCreatureFromProtobuf: no creature with id 1342216943 found"
[ 2026-08-20 21:17:15,598 ] "updateOrCreateCreatureFromProtobuf: no creature with id 1342216944 found"
[ 2026-08-20 21:17:15,598 ] "updateOrCreateCreatureFromProtobuf: no creature with id 1342216945 found"
[ 2026-08-20 21:17:15,598 ] "updateOrCreateCreatureFromProtobuf: no creature with id 1342216946 found"
[ 2026-08-20 21:17:15,598 ] "updateOrCreateCreatureFromProtobuf: no creature with id 1342216947 found"
[ 2026-08-20 21:17:15,598 ] "updateOrCreateCreatureFromProtobuf: no creature with id 1342216948 found"
[ 2026-08-20 21:17:15,598 ] "updateOrCreateCreatureFromProtobuf: no creature with id 1342194040 found"
[ 2026-08-20 21:17:15,598 ] "updateOrCreateCreatureFromProtobuf: no creature with id 1342204841 found"
[ 2026-08-20 21:17:55,153 ] Connection to gameserver  "tcp://127.0.0.1:7172" "Global"  was disconnected ( "The remote host closed the connection" )
[ 2026-08-20 21:17:55,156 ] StartDownload:  QUrl("")
[ 2026-08-20 21:17:55,187 ] Disconnected from gameserver
[ 2026-08-20 21:26:02,388 ] Didn't send news query with params (HighPotential: true Returner: true MaxKnownEditDate: 1590979202 ) (URL: QUrl("http://127.0.0.1/login.php") ) due to too many retries.
[ 2026-08-20 21:26:03,143 ] Didn't send news query with params (HighPotential: true Returner: true MaxKnownEditDate: 1590979202 ) (URL: QUrl("http://127.0.0.1/login.php") ) due to too many retries.
[ 2026-08-20 21:26:03,206 ] Request connection to gameserver  "tcp://127.0.0.1:7172"  (unprotected:  "tcp://127.0.0.1:7172" )  requested (Charakter "Guerreiro" )
[ 2026-08-20 21:26:03,210 ] Request connection to gameserver  "tcp://127.0.0.1:7172" "Global"
[ 2026-08-20 21:26:03,213 ] Connected to gameserver  "tcp://127.0.0.1:7172" "Global"
[ 2026-08-20 21:26:03,319 ] "updateOrCreateCreatureFromProtobuf: no creature with id 1342204840 found"
[ 2026-08-20 21:26:03,319 ] "updateOrCreateCreatureFromProtobuf: no creature with id 1342216942 found"
[ 2026-08-20 21:26:03,319 ] "updateOrCreateCreatureFromProtobuf: no creature with id 1342216943 found"
[ 2026-08-20 21:26:03,319 ] "updateOrCreateCreatureFromProtobuf: no creature with id 1342216944 found"
[ 2026-08-20 21:26:03,319 ] "updateOrCreateCreatureFromProtobuf: no creature with id 1342216945 found"
[ 2026-08-20 21:26:03,319 ] "updateOrCreateCreatureFromProtobuf: no creature with id 1342216946 found"
[ 2026-08-20 21:26:03,319 ] "updateOrCreateCreatureFromProtobuf: no creature with id 1342216947 found"
[ 2026-08-20 21:26:03,319 ] "updateOrCreateCreatureFromProtobuf: no creature with id 1342216948 found"
[ 2026-08-20 21:26:03,319 ] "updateOrCreateCreatureFromProtobuf: no creature with id 1342194040 found"
[ 2026-08-20 21:26:03,319 ] "updateOrCreateCreatureFromProtobuf: no creature with id 1342204841 found"
[ 2026-08-20 21:30:16,653 ] Connection to gameserver  "tcp://127.0.0.1:7172" "Global"  was disconnected ( "The remote host closed the connection" )
[ 2026-08-20 21:30:16,659 ] StartDownload:  QUrl("")
[ 2026-08-20 21:30:16,702 ] Disconnected from gameserver
[ 2026-08-20 21:30:48,220 ] Didn't send news query with params (HighPotential: true Returner: true MaxKnownEditDate: 1590979202 ) (URL: QUrl("http://127.0.0.1/login.php") ) due to too many retries.
[ 2026-08-20 21:30:48,950 ] Didn't send news query with params (HighPotential: true Returner: true MaxKnownEditDate: 1590979202 ) (URL: QUrl("http://127.0.0.1/login.php") ) due to too many retries.
[ 2026-08-20 21:30:48,990 ] Request connection to gameserver  "tcp://127.0.0.1:7172"  (unprotected:  "tcp://127.0.0.1:7172" )  requested (Charakter "Guerreiro" )
[ 2026-08-20 21:30:48,992 ] Request connection to gameserver  "tcp://127.0.0.1:7172" "Global"
[ 2026-08-20 21:30:49,005 ] Connected to gameserver  "tcp://127.0.0.1:7172" "Global"
[ 2026-08-20 21:30:49,149 ] "updateOrCreateCreatureFromProtobuf: no creature with id 1342204840 found"
[ 2026-08-20 21:30:49,149 ] "updateOrCreateCreatureFromProtobuf: no creature with id 1342216942 found"
[ 2026-08-20 21:30:49,149 ] "updateOrCreateCreatureFromProtobuf: no creature with id 1342216943 found"
[ 2026-08-20 21:30:49,149 ] "updateOrCreateCreatureFromProtobuf: no creature with id 1342216944 found"
[ 2026-08-20 21:30:49,149 ] "updateOrCreateCreatureFromProtobuf: no creature with id 1342216945 found"
[ 2026-08-20 21:30:49,149 ] "updateOrCreateCreatureFromProtobuf: no creature with id 1342216946 found"
[ 2026-08-20 21:30:49,149 ] "updateOrCreateCreatureFromProtobuf: no creature with id 1342216947 found"
[ 2026-08-20 21:30:49,149 ] "updateOrCreateCreatureFromProtobuf: no creature with id 1342216948 found"
[ 2026-08-20 21:30:49,149 ] "updateOrCreateCreatureFromProtobuf: no creature with id 1342204841 found"
[ 2026-08-20 21:34:14,303 ] Connection to gameserver  "tcp://127.0.0.1:7172" "Global"  was disconnected ( "The remote host closed the connection" )
[ 2026-08-20 21:34:14,307 ] StartDownload:  QUrl("")
[ 2026-08-20 21:34:14,346 ] Disconnected from gameserver
[ 2026-08-20 21:34:34,604 ] Didn't send news query with params (HighPotential: true Returner: true MaxKnownEditDate: 1590979202 ) (URL: QUrl("http://127.0.0.1/login.php") ) due to too many retries.
[ 2026-08-20 21:34:35,430 ] Didn't send news query with params (HighPotential: true Returner: true MaxKnownEditDate: 1590979202 ) (URL: QUrl("http://127.0.0.1/login.php") ) due to too many retries.
[ 2026-08-20 21:34:35,484 ] Request connection to gameserver  "tcp://127.0.0.1:7172"  (unprotected:  "tcp://127.0.0.1:7172" )  requested (Charakter "Guerreiro" )
[ 2026-08-20 21:34:35,489 ] Request connection to gameserver  "tcp://127.0.0.1:7172" "Global"
[ 2026-08-20 21:34:35,995 ] Connected to gameserver  "tcp://127.0.0.1:7172" "Global"
[ 2026-08-20 21:41:31,553 ] Connection to gameserver  "tcp://127.0.0.1:7172" "Global"  was disconnected ( "The remote host closed the connection" )
[ 2026-08-20 21:41:31,558 ] StartDownload:  QUrl("")
[ 2026-08-20 21:41:31,652 ] Disconnected from gameserver
[ 2026-08-20 21:42:49,654 ] Didn't send news query with params (HighPotential: true Returner: true MaxKnownEditDate: 1590979202 ) (URL: QUrl("http://127.0.0.1/login.php") ) due to too many retries.
[ 2026-08-20 21:42:50,482 ] Didn't send news query with params (HighPotential: true Returner: true MaxKnownEditDate: 1590979202 ) (URL: QUrl("http://127.0.0.1/login.php") ) due to too many retries.
[ 2026-08-20 21:42:50,522 ] Request connection to gameserver  "tcp://127.0.0.1:7172"  (unprotected:  "tcp://127.0.0.1:7172" )  requested (Charakter "Guerreiro" )
[ 2026-08-20 21:42:50,524 ] Request connection to gameserver  "tcp://127.0.0.1:7172" "Global"
[ 2026-08-20 21:42:50,538 ] Connected to gameserver  "tcp://127.0.0.1:7172" "Global"
[ 2026-08-20 21:44:48,753 ] Connection to gameserver  "tcp://127.0.0.1:7172" "Global"  was disconnected ( "The remote host closed the connection" )
[ 2026-08-20 21:44:48,757 ] StartDownload:  QUrl("")
[ 2026-08-20 21:44:48,791 ] Disconnected from gameserver
[ 2026-08-20 21:45:47,030 ] Didn't send news query with params (HighPotential: true Returner: true MaxKnownEditDate: 1590979202 ) (URL: QUrl("http://127.0.0.1/login.php") ) due to too many retries.
[ 2026-08-20 21:45:47,694 ] Didn't send news query with params (HighPotential: true Returner: true MaxKnownEditDate: 1590979202 ) (URL: QUrl("http://127.0.0.1/login.php") ) due to too many retries.
[ 2026-08-20 21:45:47,737 ] Request connection to gameserver  "tcp://127.0.0.1:7172"  (unprotected:  "tcp://127.0.0.1:7172" )  requested (Charakter "Guerreiro" )
[ 2026-08-20 21:45:47,742 ] Request connection to gameserver  "tcp://127.0.0.1:7172" "Global"
[ 2026-08-20 21:45:47,754 ] Connected to gameserver  "tcp://127.0.0.1:7172" "Global"
[ 2026-08-20 21:45:47,948 ] "updateOrCreateCreatureFromProtobuf: no creature with id 1342194040 found"
[ 2026-08-20 21:45:47,948 ] "updateOrCreateCreatureFromProtobuf: no creature with id 1342204841 found"
[ 2026-08-20 21:45:47,948 ] "updateOrCreateCreatureFromProtobuf: no creature with id 1342216961 found"
[ 2026-08-20 21:45:47,948 ] "updateOrCreateCreatureFromProtobuf: no creature with id 1342216964 found"
[ 2026-08-20 21:45:47,949 ] "updateOrCreateCreatureFromProtobuf: no creature with id 1342204826 found"
[ 2026-08-20 21:45:47,949 ] "updateOrCreateCreatureFromProtobuf: no creature with id 1342204827 found"
[ 2026-08-20 21:45:47,949 ] "updateOrCreateCreatureFromProtobuf: no creature with id 1342204828 found"
[ 2026-08-20 21:45:47,949 ] "updateOrCreateCreatureFromProtobuf: no creature with id 1342204829 found"
[ 2026-08-20 21:45:47,949 ] "updateOrCreateCreatureFromProtobuf: no creature with id 1342204892 found"
[ 2026-08-20 21:45:47,949 ] "updateOrCreateCreatureFromProtobuf: no creature with id 1342216960 found"
[ 2026-08-20 21:45:47,949 ] "updateOrCreateCreatureFromProtobuf: no creature with id 1342216962 found"
[ 2026-08-20 21:45:47,949 ] "updateOrCreateCreatureFromProtobuf: no creature with id 1342216963 found"
[ 2026-08-20 21:45:47,949 ] "updateOrCreateCreatureFromProtobuf: no creature with id 1342216965 found"
[ 2026-08-20 21:45:47,949 ] "updateOrCreateCreatureFromProtobuf: no creature with id 1342216984 found"
[ 2026-08-20 21:45:47,949 ] "updateOrCreateCreatureFromProtobuf: no creature with id 1342204893 found"
[ 2026-08-20 21:45:47,949 ] "updateOrCreateCreatureFromProtobuf: no creature with id 1342204894 found"
[ 2026-08-20 21:45:47,949 ] "updateOrCreateCreatureFromProtobuf: no creature with id 1342204895 found"
[ 2026-08-20 21:45:47,949 ] "updateOrCreateCreatureFromProtobuf: no creature with id 1342204896 found"
[ 2026-08-20 21:47:01,523 ] QQuickPixmap: connectFinished() called when not loading.
[ 2026-08-20 21:47:01,523 ] QQuickPixmap: connectFinished() called when not loading.
[ 2026-08-20 21:47:01,559 ] StartDownload:  QUrl("http://127.0.0.1/images/store/13/Category_PremiumTime.png")
[ 2026-08-20 21:47:01,570 ] StartDownload:  QUrl("http://127.0.0.1/images/store/13/Category_Consumables.png")
[ 2026-08-20 21:47:01,580 ] StartDownload:  QUrl("http://127.0.0.1/images/store/13/Category_Cosmetics.png")
[ 2026-08-20 21:47:01,589 ] StartDownload:  QUrl("http://127.0.0.1/images/store/13/Category_HouseTools.png")
[ 2026-08-20 21:47:01,599 ] StartDownload:  QUrl("http://127.0.0.1/images/store/13/Category_Boosts.png")
[ 2026-08-20 21:47:01,608 ] StartDownload:  QUrl("http://127.0.0.1/images/store/13/Category_Extras.png")
[ 2026-08-20 21:47:01,764 ] StartDownload:  QUrl("http://127.0.0.1/images/store/13/Category_Tournament.png")
[ 2026-08-20 21:47:01,775 ] StartDownload:  QUrl("http://127.0.0.1/images/store/64/Premium_Time_30.png")
[ 2026-08-20 21:47:01,775 ] StartDownload:  QUrl("http://127.0.0.1/images/store/64/Premium_Time_90.png")
[ 2026-08-20 21:47:01,775 ] StartDownload:  QUrl("http://127.0.0.1/images/store/64/Premium_Time_180.png")
[ 2026-08-20 21:47:01,776 ] StartDownload:  QUrl("http://127.0.0.1/images/store/64/Premium_Time_360.png")
[ 2026-08-20 21:47:05,415 ] QQuickPixmap: connectFinished() called when not loading.
[ 2026-08-20 21:47:05,415 ] QQuickPixmap: connectFinished() called when not loading.
[ 2026-08-20 21:47:05,418 ] StartDownload:  QUrl("http://127.0.0.1/images/store/64/Premium_Time_30.png")
[ 2026-08-20 21:47:05,422 ] StartDownload:  QUrl("http://127.0.0.1/images/store/64/Premium_Time_90.png")
[ 2026-08-20 21:47:05,424 ] StartDownload:  QUrl("http://127.0.0.1/images/store/64/Premium_Time_180.png")
[ 2026-08-20 21:47:05,426 ] StartDownload:  QUrl("http://127.0.0.1/images/store/64/Premium_Time_360.png")
[ 2026-08-20 21:47:05,428 ] StartDownload:  QUrl("http://127.0.0.1/images/store/13/Category_Blessings.png")
[ 2026-08-20 21:47:05,428 ] StartDownload:  QUrl("http://127.0.0.1/images/store/13/Category_Casks.png")
[ 2026-08-20 21:47:05,433 ] QQuickPixmap: connectFinished() called when not loading.
[ 2026-08-20 21:47:05,433 ] QQuickPixmap: connectFinished() called when not loading.
[ 2026-08-20 21:47:05,433 ] QQuickPixmap: connectFinished() called when not loading.
[ 2026-08-20 21:47:05,501 ] StartDownload:  QUrl("http://127.0.0.1/images/store/13/Category_ExerciseWeapons.png")
[ 2026-08-20 21:47:05,576 ] StartDownload:  QUrl("http://127.0.0.1/images/store/13/Category_Kegs.png")
[ 2026-08-20 21:47:05,656 ] StartDownload:  QUrl("http://127.0.0.1/images/store/13/Category_Potions.png")
[ 2026-08-20 21:47:05,732 ] StartDownload:  QUrl("http://127.0.0.1/images/store/13/Category_Runes.png")
[ 2026-08-20 21:47:05,827 ] StartDownload:  QUrl("http://127.0.0.1/images/store/64/All_PvE_Blessings.png")
[ 2026-08-20 21:47:05,924 ] StartDownload:  QUrl("http://127.0.0.1/images/store/64/Blood_of_the_Mountain.png")
[ 2026-08-20 21:47:05,993 ] StartDownload:  QUrl("http://127.0.0.1/images/store/64/Death_Redemption.png")
[ 2026-08-20 21:47:06,084 ] StartDownload:  QUrl("http://127.0.0.1/images/store/64/Heart_of_the_Mountain.png")
[ 2026-08-20 21:47:06,161 ] StartDownload:  QUrl("http://127.0.0.1/images/store/64/Embrace_of_Tibia.png")
[ 2026-08-20 21:47:06,259 ] StartDownload:  QUrl("http://127.0.0.1/images/store/64/Fire_of_the_Suns.png")
[ 2026-08-20 21:47:06,351 ] StartDownload:  QUrl("http://127.0.0.1/images/store/64/Spark_of_the_Phoenix.png")
[ 2026-08-20 21:47:06,423 ] StartDownload:  QUrl("http://127.0.0.1/images/store/64/Spiritual_Shielding.png")
[ 2026-08-20 21:47:06,506 ] StartDownload:  QUrl("http://127.0.0.1/images/store/64/Wisdom_of_Solitude.png")
[ 2026-08-20 21:47:51,072 ] QQuickPixmap: connectFinished() called when not loading.
[ 2026-08-20 21:47:51,072 ] QQuickPixmap: connectFinished() called when not loading.
[ 2026-08-20 21:47:51,100 ] StartDownload:  QUrl("http://127.0.0.1/images/store/13/Category_PremiumTime.png")
[ 2026-08-20 21:47:51,100 ] StartDownload:  QUrl("http://127.0.0.1/images/store/13/Category_Consumables.png")
[ 2026-08-20 21:47:51,101 ] StartDownload:  QUrl("http://127.0.0.1/images/store/13/Category_Cosmetics.png")
[ 2026-08-20 21:47:51,102 ] StartDownload:  QUrl("http://127.0.0.1/images/store/13/Category_HouseTools.png")
[ 2026-08-20 21:47:51,102 ] StartDownload:  QUrl("http://127.0.0.1/images/store/13/Category_Boosts.png")
[ 2026-08-20 21:47:51,102 ] StartDownload:  QUrl("http://127.0.0.1/images/store/13/Category_Extras.png")
[ 2026-08-20 21:47:51,180 ] StartDownload:  QUrl("http://127.0.0.1/images/store/13/Category_Tournament.png")
[ 2026-08-20 21:47:51,193 ] StartDownload:  QUrl("http://127.0.0.1/images/store/64/Premium_Time_30.png")
[ 2026-08-20 21:47:51,199 ] StartDownload:  QUrl("http://127.0.0.1/images/store/64/Premium_Time_90.png")
[ 2026-08-20 21:47:51,205 ] StartDownload:  QUrl("http://127.0.0.1/images/store/64/Premium_Time_180.png")
[ 2026-08-20 21:47:51,211 ] StartDownload:  QUrl("http://127.0.0.1/images/store/64/Premium_Time_360.png")
[ 2026-08-20 21:47:52,372 ] StartDownload:  QUrl("http://127.0.0.1/images/store/64/Premium_Time_30.png")
[ 2026-08-20 21:47:53,306 ] StartDownload:  QUrl("http://127.0.0.1/images/store/13/Category_PremiumTime.png")
[ 2026-08-20 21:47:53,307 ] StartDownload:  QUrl("http://127.0.0.1/images/store/13/Category_Consumables.png")
[ 2026-08-20 21:47:53,308 ] StartDownload:  QUrl("http://127.0.0.1/images/store/13/Category_Cosmetics.png")
[ 2026-08-20 21:47:53,308 ] StartDownload:  QUrl("http://127.0.0.1/images/store/13/Category_HouseTools.png")
[ 2026-08-20 21:47:53,309 ] StartDownload:  QUrl("http://127.0.0.1/images/store/13/Category_Boosts.png")
[ 2026-08-20 21:47:53,309 ] StartDownload:  QUrl("http://127.0.0.1/images/store/13/Category_Extras.png")
[ 2026-08-20 21:47:53,322 ] StartDownload:  QUrl("http://127.0.0.1/images/store/13/Category_Tournament.png")
[ 2026-08-20 21:47:53,323 ] StartDownload:  QUrl("http://127.0.0.1/images/store/64/Premium_Time_30.png")
[ 2026-08-20 21:47:53,324 ] StartDownload:  QUrl("http://127.0.0.1/images/store/64/Premium_Time_90.png")
[ 2026-08-20 21:47:53,324 ] StartDownload:  QUrl("http://127.0.0.1/images/store/64/Premium_Time_180.png")
[ 2026-08-20 21:47:53,325 ] StartDownload:  QUrl("http://127.0.0.1/images/store/64/Premium_Time_360.png")
[ 2026-08-20 21:47:53,987 ] StartDownload:  QUrl("http://127.0.0.1/images/store/13/Category_PremiumTime.png")
[ 2026-08-20 21:47:53,989 ] StartDownload:  QUrl("http://127.0.0.1/images/store/13/Category_Consumables.png")
[ 2026-08-20 21:47:53,990 ] StartDownload:  QUrl("http://127.0.0.1/images/store/13/Category_Cosmetics.png")
[ 2026-08-20 21:47:53,991 ] StartDownload:  QUrl("http://127.0.0.1/images/store/13/Category_HouseTools.png")
[ 2026-08-20 21:47:53,991 ] StartDownload:  QUrl("http://127.0.0.1/images/store/13/Category_Boosts.png")
[ 2026-08-20 21:47:53,992 ] StartDownload:  QUrl("http://127.0.0.1/images/store/13/Category_Extras.png")
[ 2026-08-20 21:47:54,004 ] StartDownload:  QUrl("http://127.0.0.1/images/store/13/Category_Tournament.png")
[ 2026-08-20 21:47:54,006 ] StartDownload:  QUrl("http://127.0.0.1/images/store/64/Premium_Time_30.png")
[ 2026-08-20 21:47:54,007 ] StartDownload:  QUrl("http://127.0.0.1/images/store/64/Premium_Time_90.png")
[ 2026-08-20 21:47:54,007 ] StartDownload:  QUrl("http://127.0.0.1/images/store/64/Premium_Time_180.png")
[ 2026-08-20 21:47:54,008 ] StartDownload:  QUrl("http://127.0.0.1/images/store/64/Premium_Time_360.png")
[ 2026-08-20 21:47:54,322 ] StartDownload:  QUrl("http://127.0.0.1/images/store/13/Category_PremiumTime.png")
[ 2026-08-20 21:47:54,323 ] StartDownload:  QUrl("http://127.0.0.1/images/store/13/Category_Consumables.png")
[ 2026-08-20 21:47:54,325 ] StartDownload:  QUrl("http://127.0.0.1/images/store/13/Category_Cosmetics.png")
[ 2026-08-20 21:47:54,325 ] StartDownload:  QUrl("http://127.0.0.1/images/store/13/Category_HouseTools.png")
[ 2026-08-20 21:47:54,325 ] StartDownload:  QUrl("http://127.0.0.1/images/store/13/Category_Boosts.png")
[ 2026-08-20 21:47:54,326 ] StartDownload:  QUrl("http://127.0.0.1/images/store/13/Category_Extras.png")
[ 2026-08-20 21:47:54,332 ] StartDownload:  QUrl("http://127.0.0.1/images/store/13/Category_Tournament.png")
[ 2026-08-20 21:47:54,333 ] StartDownload:  QUrl("http://127.0.0.1/images/store/64/Premium_Time_30.png")
[ 2026-08-20 21:47:54,334 ] StartDownload:  QUrl("http://127.0.0.1/images/store/64/Premium_Time_90.png")
[ 2026-08-20 21:47:54,336 ] StartDownload:  QUrl("http://127.0.0.1/images/store/64/Premium_Time_180.png")
[ 2026-08-20 21:47:54,336 ] StartDownload:  QUrl("http://127.0.0.1/images/store/64/Premium_Time_360.png")
[ 2026-08-20 21:47:57,603 ] Connection to gameserver  "tcp://127.0.0.1:7172" "Global"  was disconnected ( "The remote host closed the connection" )
[ 2026-08-20 21:47:57,603 ] StartDownload:  QUrl("")
[ 2026-08-20 21:47:57,643 ] Disconnected from gameserver
[ 2026-08-20 21:47:57,691 ] Didn't send news query with params (HighPotential: true Returner: true MaxKnownEditDate: 1590979202 ) (URL: QUrl("http://127.0.0.1/login.php") ) due to too many retries.
[ 2026-08-20 21:48:00,412 ] Didn't send news query with params (HighPotential: true Returner: true MaxKnownEditDate: 1590979202 ) (URL: QUrl("http://127.0.0.1/login.php") ) due to too many retries.
[ 2026-08-20 21:48:01,861 ] Didn't send news query with params (HighPotential: true Returner: true MaxKnownEditDate: 1590979202 ) (URL: QUrl("http://127.0.0.1/login.php") ) due to too many retries.
[ 2026-08-20 21:48:01,901 ] Request connection to gameserver  "tcp://127.0.0.1:7172"  (unprotected:  "tcp://127.0.0.1:7172" )  requested (Charakter "Guerreiro" )
[ 2026-08-20 21:48:01,904 ] Request connection to gameserver  "tcp://127.0.0.1:7172" "Global"
[ 2026-08-20 21:48:01,919 ] Connected to gameserver  "tcp://127.0.0.1:7172" "Global"
[ 2026-08-20 21:48:02,059 ] "updateOrCreateCreatureFromProtobuf: no creature with id 1342216960 found"
[ 2026-08-20 21:48:02,060 ] "updateOrCreateCreatureFromProtobuf: no creature with id 1342204841 found"
[ 2026-08-20 21:48:02,060 ] "updateOrCreateCreatureFromProtobuf: no creature with id 1342204825 found"
[ 2026-08-20 21:48:02,060 ] "updateOrCreateCreatureFromProtobuf: no creature with id 1342216962 found"
[ 2026-08-20 21:48:02,060 ] "updateOrCreateCreatureFromProtobuf: no creature with id 1342216961 found"
[ 2026-08-20 21:48:02,060 ] "updateOrCreateCreatureFromProtobuf: no creature with id 1342204828 found"
[ 2026-08-20 21:48:02,060 ] "updateOrCreateCreatureFromProtobuf: no creature with id 1342204829 found"
[ 2026-08-20 21:48:02,060 ] "updateOrCreateCreatureFromProtobuf: no creature with id 1342216964 found"
[ 2026-08-20 21:48:02,061 ] "updateOrCreateCreatureFromProtobuf: no creature with id 1342204892 found"
[ 2026-08-20 21:48:02,061 ] "updateOrCreateCreatureFromProtobuf: no creature with id 1342216963 found"
[ 2026-08-20 21:48:02,061 ] "updateOrCreateCreatureFromProtobuf: no creature with id 1342204826 found"
[ 2026-08-20 21:48:02,061 ] "updateOrCreateCreatureFromProtobuf: no creature with id 1342216965 found"
[ 2026-08-20 21:48:02,061 ] "updateOrCreateCreatureFromProtobuf: no creature with id 1342216984 found"
[ 2026-08-20 21:48:02,061 ] "updateOrCreateCreatureFromProtobuf: no creature with id 1342204827 found"
[ 2026-08-20 21:48:02,062 ] "updateOrCreateCreatureFromProtobuf: no creature with id 1342204894 found"
[ 2026-08-20 21:48:02,062 ] "updateOrCreateCreatureFromProtobuf: no creature with id 1342204895 found"
[ 2026-08-20 21:48:02,062 ] "updateOrCreateCreatureFromProtobuf: no creature with id 1342204896 found"
[ 2026-08-20 21:48:02,062 ] "updateOrCreateCreatureFromProtobuf: no creature with id 1342204893 found"
[ 2026-08-20 21:49:53,954 ] Connection to gameserver  "tcp://127.0.0.1:7172" "Global"  was disconnected ( "The remote host closed the connection" )
[ 2026-08-20 21:49:53,958 ] StartDownload:  QUrl("")
[ 2026-08-20 21:49:53,997 ] Disconnected from gameserver
[ 2026-08-20 21:50:22,000 ] Didn't send news query with params (HighPotential: true Returner: true MaxKnownEditDate: 1590979202 ) (URL: QUrl("http://127.0.0.1/login.php") ) due to too many retries.
[ 2026-08-20 21:50:22,676 ] Didn't send news query with params (HighPotential: true Returner: true MaxKnownEditDate: 1590979202 ) (URL: QUrl("http://127.0.0.1/login.php") ) due to too many retries.
[ 2026-08-20 21:50:22,718 ] Request connection to gameserver  "tcp://127.0.0.1:7172"  (unprotected:  "tcp://127.0.0.1:7172" )  requested (Charakter "Guerreiro" )
[ 2026-08-20 21:50:22,725 ] Request connection to gameserver  "tcp://127.0.0.1:7172" "Global"
[ 2026-08-20 21:50:22,744 ] Connected to gameserver  "tcp://127.0.0.1:7172" "Global"
[ 2026-08-20 21:50:22,935 ] "updateOrCreateCreatureFromProtobuf: no creature with id 1342194040 found"
[ 2026-08-20 21:50:22,935 ] "updateOrCreateCreatureFromProtobuf: no creature with id 1342204841 found"
[ 2026-08-20 21:50:22,936 ] "updateOrCreateCreatureFromProtobuf: no creature with id 1342216961 found"
[ 2026-08-20 21:50:22,936 ] "updateOrCreateCreatureFromProtobuf: no creature with id 1342216964 found"
[ 2026-08-20 21:50:22,936 ] "updateOrCreateCreatureFromProtobuf: no creature with id 1342204826 found"
[ 2026-08-20 21:50:22,936 ] "updateOrCreateCreatureFromProtobuf: no creature with id 1342204827 found"
[ 2026-08-20 21:50:22,936 ] "updateOrCreateCreatureFromProtobuf: no creature with id 1342204828 found"
[ 2026-08-20 21:50:22,936 ] "updateOrCreateCreatureFromProtobuf: no creature with id 1342204829 found"
[ 2026-08-20 21:50:22,936 ] "updateOrCreateCreatureFromProtobuf: no creature with id 1342204892 found"
[ 2026-08-20 21:50:22,936 ] "updateOrCreateCreatureFromProtobuf: no creature with id 1342216962 found"
[ 2026-08-20 21:50:22,936 ] "updateOrCreateCreatureFromProtobuf: no creature with id 1342216963 found"
[ 2026-08-20 21:50:22,936 ] "updateOrCreateCreatureFromProtobuf: no creature with id 1342216965 found"
[ 2026-08-20 21:50:22,936 ] "updateOrCreateCreatureFromProtobuf: no creature with id 1342216984 found"
[ 2026-08-20 21:50:22,936 ] "updateOrCreateCreatureFromProtobuf: no creature with id 1342204893 found"
[ 2026-08-20 21:50:22,936 ] "updateOrCreateCreatureFromProtobuf: no creature with id 1342204894 found"
[ 2026-08-20 21:50:22,936 ] "updateOrCreateCreatureFromProtobuf: no creature with id 1342204895 found"
[ 2026-08-20 21:50:22,936 ] "updateOrCreateCreatureFromProtobuf: no creature with id 1342204896 found"
[ 2026-08-20 21:50:22,936 ] "updateOrCreateCreatureFromProtobuf: no creature with id 1342204951 found"
[ 2026-08-20 21:50:22,936 ] "updateOrCreateCreatureFromProtobuf: no creature with id 1342204952 found"
[ 2026-08-20 21:51:50,255 ] Connection to gameserver  "tcp://127.0.0.1:7172" "Global"  was disconnected ( "The remote host closed the connection" )
[ 2026-08-20 21:51:50,263 ] StartDownload:  QUrl("")
[ 2026-08-20 21:51:50,318 ] Disconnected from gameserver
[ 2026-08-20 21:52:20,352 ] Didn't send news query with params (HighPotential: true Returner: true MaxKnownEditDate: 1590979202 ) (URL: QUrl("http://127.0.0.1/login.php") ) due to too many retries.
[ 2026-08-20 21:52:21,109 ] Didn't send news query with params (HighPotential: true Returner: true MaxKnownEditDate: 1590979202 ) (URL: QUrl("http://127.0.0.1/login.php") ) due to too many retries.
[ 2026-08-20 21:52:21,148 ] Request connection to gameserver  "tcp://127.0.0.1:7172"  (unprotected:  "tcp://127.0.0.1:7172" )  requested (Charakter "Guerreiro" )
[ 2026-08-20 21:52:21,151 ] Request connection to gameserver  "tcp://127.0.0.1:7172" "Global"
[ 2026-08-20 21:52:21,165 ] Connected to gameserver  "tcp://127.0.0.1:7172" "Global"
[ 2026-08-20 21:52:21,347 ] "updateOrCreateCreatureFromProtobuf: no creature with id 1342194040 found"
[ 2026-08-20 21:52:21,347 ] "updateOrCreateCreatureFromProtobuf: no creature with id 1342204841 found"
[ 2026-08-20 21:52:21,347 ] "updateOrCreateCreatureFromProtobuf: no creature with id 1342216964 found"
[ 2026-08-20 21:52:21,347 ] "updateOrCreateCreatureFromProtobuf: no creature with id 1342204826 found"
[ 2026-08-20 21:52:21,347 ] "updateOrCreateCreatureFromProtobuf: no creature with id 1342204827 found"
[ 2026-08-20 21:52:21,347 ] "updateOrCreateCreatureFromProtobuf: no creature with id 1342204828 found"
[ 2026-08-20 21:52:21,347 ] "updateOrCreateCreatureFromProtobuf: no creature with id 1342204829 found"
[ 2026-08-20 21:52:21,347 ] "updateOrCreateCreatureFromProtobuf: no creature with id 1342204892 found"
[ 2026-08-20 21:52:21,347 ] "updateOrCreateCreatureFromProtobuf: no creature with id 1342216962 found"
[ 2026-08-20 21:52:21,347 ] "updateOrCreateCreatureFromProtobuf: no creature with id 1342216963 found"
[ 2026-08-20 21:52:21,347 ] "updateOrCreateCreatureFromProtobuf: no creature with id 1342216965 found"
[ 2026-08-20 21:52:21,347 ] "updateOrCreateCreatureFromProtobuf: no creature with id 1342216984 found"
[ 2026-08-20 21:52:21,347 ] "updateOrCreateCreatureFromProtobuf: no creature with id 1342204893 found"
[ 2026-08-20 21:52:21,347 ] "updateOrCreateCreatureFromProtobuf: no creature with id 1342204894 found"
[ 2026-08-20 21:52:21,347 ] "updateOrCreateCreatureFromProtobuf: no creature with id 1342204895 found"
[ 2026-08-20 21:52:21,347 ] "updateOrCreateCreatureFromProtobuf: no creature with id 1342204896 found"
[ 2026-08-20 21:52:21,347 ] "updateOrCreateCreatureFromProtobuf: no creature with id 1342204951 found"
[ 2026-08-20 21:52:21,347 ] "updateOrCreateCreatureFromProtobuf: no creature with id 1342204952 found"
[ 2026-08-20 21:53:58,503 ] Connection to gameserver  "tcp://127.0.0.1:7172" "Global"  was disconnected ( "The remote host closed the connection" )
[ 2026-08-20 21:53:58,508 ] StartDownload:  QUrl("")
[ 2026-08-20 21:53:58,548 ] Disconnected from gameserver
[ 2026-08-20 21:54:53,957 ] Didn't send news query with params (HighPotential: true Returner: true MaxKnownEditDate: 1590979202 ) (URL: QUrl("http://127.0.0.1/login.php") ) due to too many retries.
[ 2026-08-20 21:54:54,803 ] Didn't send news query with params (HighPotential: true Returner: true MaxKnownEditDate: 1590979202 ) (URL: QUrl("http://127.0.0.1/login.php") ) due to too many retries.
[ 2026-08-20 21:54:54,847 ] Request connection to gameserver  "tcp://127.0.0.1:7172"  (unprotected:  "tcp://127.0.0.1:7172" )  requested (Charakter "Guerreiro" )
[ 2026-08-20 21:54:54,852 ] Request connection to gameserver  "tcp://127.0.0.1:7172" "Global"
[ 2026-08-20 21:54:54,865 ] Connected to gameserver  "tcp://127.0.0.1:7172" "Global"
[ 2026-08-20 21:54:54,989 ] "updateOrCreateCreatureFromProtobuf: no creature with id 1342216984 found"
[ 2026-08-20 21:54:54,989 ] "updateOrCreateCreatureFromProtobuf: no creature with id 1342216994 found"
[ 2026-08-20 21:54:54,989 ] "updateOrCreateCreatureFromProtobuf: no creature with id 1342204893 found"
[ 2026-08-20 21:54:54,990 ] "updateOrCreateCreatureFromProtobuf: no creature with id 1342204894 found"
[ 2026-08-20 21:54:54,990 ] "updateOrCreateCreatureFromProtobuf: no creature with id 1342204895 found"
[ 2026-08-20 21:54:54,990 ] "updateOrCreateCreatureFromProtobuf: no creature with id 1342204896 found"
[ 2026-08-20 21:54:54,990 ] "updateOrCreateCreatureFromProtobuf: no creature with id 1342204951 found"
[ 2026-08-20 21:54:54,990 ] "updateOrCreateCreatureFromProtobuf: no creature with id 1342204952 found"
[ 2026-08-20 21:54:54,990 ] "updateOrCreateCreatureFromProtobuf: no creature with id 1342204996 found"
[ 2026-08-20 21:54:54,990 ] "updateOrCreateCreatureFromProtobuf: no creature with id 1342204997 found"
[ 2026-08-20 21:54:54,990 ] "updateOrCreateCreatureFromProtobuf: no creature with id 1342204998 found"
[ 2026-08-20 21:54:54,990 ] "updateOrCreateCreatureFromProtobuf: no creature with id 1342205006 found"
[ 2026-08-20 21:54:54,990 ] "updateOrCreateCreatureFromProtobuf: no creature with id 1342217045 found"
[ 2026-08-20 21:54:54,990 ] "updateOrCreateCreatureFromProtobuf: no creature with id 1342217046 found"
[ 2026-08-20 21:54:54,990 ] "updateOrCreateCreatureFromProtobuf: no creature with id 1342204999 found"
[ 2026-08-20 21:54:54,990 ] "updateOrCreateCreatureFromProtobuf: no creature with id 1342205000 found"
[ 2026-08-20 21:57:22,903 ] Connection to gameserver  "tcp://127.0.0.1:7172" "Global"  was disconnected ( "The remote host closed the connection" )
[ 2026-08-20 21:57:22,909 ] StartDownload:  QUrl("")
[ 2026-08-20 21:57:22,961 ] Disconnected from gameserver
[ 2026-08-20 21:57:48,158 ] Didn't send news query with params (HighPotential: true Returner: true MaxKnownEditDate: 1590979202 ) (URL: QUrl("http://127.0.0.1/login.php") ) due to too many retries.
[ 2026-08-20 21:57:48,854 ] Didn't send news query with params (HighPotential: true Returner: true MaxKnownEditDate: 1590979202 ) (URL: QUrl("http://127.0.0.1/login.php") ) due to too many retries.
[ 2026-08-20 21:57:48,911 ] Request connection to gameserver  "tcp://127.0.0.1:7172"  (unprotected:  "tcp://127.0.0.1:7172" )  requested (Charakter "Guerreiro" )
[ 2026-08-20 21:57:48,913 ] Request connection to gameserver  "tcp://127.0.0.1:7172" "Global"
[ 2026-08-20 21:57:49,938 ] Connected to gameserver  "tcp://127.0.0.1:7172" "Global"
[ 2026-08-20 21:57:50,094 ] "updateOrCreateCreatureFromProtobuf: no creature with id 1342204841 found"
[ 2026-08-20 21:57:50,094 ] "updateOrCreateCreatureFromProtobuf: no creature with id 1342216961 found"
[ 2026-08-20 21:57:50,094 ] "updateOrCreateCreatureFromProtobuf: no creature with id 1342216964 found"
[ 2026-08-20 21:57:50,094 ] "updateOrCreateCreatureFromProtobuf: no creature with id 1342204825 found"
[ 2026-08-20 21:57:50,094 ] "updateOrCreateCreatureFromProtobuf: no creature with id 1342204826 found"
[ 2026-08-20 21:57:50,094 ] "updateOrCreateCreatureFromProtobuf: no creature with id 1342204827 found"
[ 2026-08-20 21:57:50,094 ] "updateOrCreateCreatureFromProtobuf: no creature with id 1342204828 found"
[ 2026-08-20 21:57:50,094 ] "updateOrCreateCreatureFromProtobuf: no creature with id 1342204829 found"
[ 2026-08-20 21:57:50,094 ] "updateOrCreateCreatureFromProtobuf: no creature with id 1342204892 found"
[ 2026-08-20 21:57:50,094 ] "updateOrCreateCreatureFromProtobuf: no creature with id 1342216960 found"
[ 2026-08-20 21:57:50,094 ] "updateOrCreateCreatureFromProtobuf: no creature with id 1342216962 found"
[ 2026-08-20 21:57:50,094 ] "updateOrCreateCreatureFromProtobuf: no creature with id 1342216963 found"
[ 2026-08-20 21:57:50,094 ] "updateOrCreateCreatureFromProtobuf: no creature with id 1342216965 found"
[ 2026-08-20 21:57:50,094 ] "updateOrCreateCreatureFromProtobuf: no creature with id 1342216984 found"
[ 2026-08-20 21:57:50,094 ] "updateOrCreateCreatureFromProtobuf: no creature with id 1342204893 found"
[ 2026-08-20 21:57:50,094 ] "updateOrCreateCreatureFromProtobuf: no creature with id 1342204894 found"
[ 2026-08-20 21:57:50,094 ] "updateOrCreateCreatureFromProtobuf: no creature with id 1342204895 found"
[ 2026-08-20 21:57:50,094 ] "updateOrCreateCreatureFromProtobuf: no creature with id 1342204896 found"
[ 2026-08-20 21:58:39,104 ] Connection to gameserver  "tcp://127.0.0.1:7172" "Global"  was disconnected ( "The remote host closed the connection" )
[ 2026-08-20 21:58:39,104 ] StartDownload:  QUrl("")
[ 2026-08-20 21:58:39,153 ] Disconnected from gameserver
[ 2026-08-20 21:58:39,220 ] Didn't send news query with params (HighPotential: true Returner: true MaxKnownEditDate: 1590979202 ) (URL: QUrl("http://127.0.0.1/login.php") ) due to too many retries.
[ 2026-08-20 21:58:41,647 ] Didn't send news query with params (HighPotential: true Returner: true MaxKnownEditDate: 1590979202 ) (URL: QUrl("http://127.0.0.1/login.php") ) due to too many retries.
[ 2026-08-20 21:58:41,690 ] Request connection to gameserver  "tcp://127.0.0.1:7172"  (unprotected:  "tcp://127.0.0.1:7172" )  requested (Charakter "Cavalheiro" )
[ 2026-08-20 21:58:41,693 ] Request connection to gameserver  "tcp://127.0.0.1:7172" "Global"
[ 2026-08-20 21:58:41,709 ] Connected to gameserver  "tcp://127.0.0.1:7172" "Global"
[ 2026-08-20 21:58:42,753 ] Connection to gameserver  "tcp://127.0.0.1:7172" "Global"  was disconnected ( "The remote host closed the connection" )
[ 2026-08-20 21:58:42,753 ] StartDownload:  QUrl("")
[ 2026-08-20 21:58:42,797 ] Disconnected from gameserver
[ 2026-08-20 21:58:42,849 ] Didn't send news query with params (HighPotential: true Returner: true MaxKnownEditDate: 1590979202 ) (URL: QUrl("http://127.0.0.1/login.php") ) due to too many retries.
[ 2026-08-20 21:58:44,611 ] Didn't send news query with params (HighPotential: true Returner: true MaxKnownEditDate: 1590979202 ) (URL: QUrl("http://127.0.0.1/login.php") ) due to too many retries.
[ 2026-08-20 21:58:44,652 ] Request connection to gameserver  "tcp://127.0.0.1:7172"  (unprotected:  "tcp://127.0.0.1:7172" )  requested (Charakter "Viscount Alys" )
[ 2026-08-20 21:58:44,655 ] Request connection to gameserver  "tcp://127.0.0.1:7172" "Global"
[ 2026-08-20 21:58:44,670 ] Connected to gameserver  "tcp://127.0.0.1:7172" "Global"
[ 2026-08-20 21:58:44,906 ] "updateOrCreateCreatureFromProtobuf: no creature with id 1342203424 found"
[ 2026-08-20 21:58:44,908 ] "updateOrCreateCreatureFromProtobuf: no creature with id 1342192097 found"
[ 2026-08-20 21:58:44,912 ] "updateOrCreateCreatureFromProtobuf: no creature with id 1342203402 found"
[ 2026-08-20 21:58:44,912 ] "updateOrCreateCreatureFromProtobuf: no creature with id 1342203403 found"
[ 2026-08-20 21:58:44,913 ] "updateOrCreateCreatureFromProtobuf: no creature with id 1342203404 found"
[ 2026-08-20 21:58:44,913 ] "updateOrCreateCreatureFromProtobuf: no creature with id 1342192203 found"
[ 2026-08-20 21:58:44,913 ] "updateOrCreateCreatureFromProtobuf: no creature with id 1342184687 found"
[ 2026-08-20 21:58:44,913 ] "updateOrCreateCreatureFromProtobuf: no creature with id 1342184689 found"
[ 2026-08-20 21:58:44,913 ] "updateOrCreateCreatureFromProtobuf: no creature with id 1342184691 found"
[ 2026-08-20 21:58:44,914 ] "updateOrCreateCreatureFromProtobuf: no creature with id 1342192176 found"
[ 2026-08-20 21:58:44,914 ] "updateOrCreateCreatureFromProtobuf: no creature with id 1342203458 found"
[ 2026-08-20 21:58:44,914 ] "updateOrCreateCreatureFromProtobuf: no creature with id 1342203487 found"
[ 2026-08-20 21:59:37,103 ] Connection to gameserver  "tcp://127.0.0.1:7172" "Global"  was disconnected ( "The remote host closed the connection" )
[ 2026-08-20 21:59:37,103 ] StartDownload:  QUrl("")
[ 2026-08-20 21:59:37,147 ] Disconnected from gameserver
[ 2026-08-20 21:59:37,204 ] Didn't send news query with params (HighPotential: true Returner: true MaxKnownEditDate: 1590979202 ) (URL: QUrl("http://127.0.0.1/login.php") ) due to too many retries.
[ 2026-08-20 21:59:38,118 ] Didn't send news query with params (HighPotential: true Returner: true MaxKnownEditDate: 1590979202 ) (URL: QUrl("http://127.0.0.1/login.php") ) due to too many retries.
[ 2026-08-20 21:59:38,161 ] Request connection to gameserver  "tcp://127.0.0.1:7172"  (unprotected:  "tcp://127.0.0.1:7172" )  requested (Charakter "Guerreiro" )
[ 2026-08-20 21:59:38,163 ] Request connection to gameserver  "tcp://127.0.0.1:7172" "Global"
[ 2026-08-20 21:59:38,176 ] Connected to gameserver  "tcp://127.0.0.1:7172" "Global"
[ 2026-08-20 21:59:45,553 ] Connection to gameserver  "tcp://127.0.0.1:7172" "Global"  was disconnected ( "The remote host closed the connection" )
[ 2026-08-20 21:59:45,553 ] StartDownload:  QUrl("")
[ 2026-08-20 21:59:45,596 ] Disconnected from gameserver
[ 2026-08-20 21:59:45,639 ] Didn't send news query with params (HighPotential: true Returner: true MaxKnownEditDate: 1590979202 ) (URL: QUrl("http://127.0.0.1/login.php") ) due to too many retries.
[ 2026-08-20 21:59:47,683 ] Didn't send news query with params (HighPotential: true Returner: true MaxKnownEditDate: 1590979202 ) (URL: QUrl("http://127.0.0.1/login.php") ) due to too many retries.
[ 2026-08-20 21:59:47,725 ] Request connection to gameserver  "tcp://127.0.0.1:7172"  (unprotected:  "tcp://127.0.0.1:7172" )  requested (Charakter "Viscount Alys" )
[ 2026-08-20 21:59:47,727 ] Request connection to gameserver  "tcp://127.0.0.1:7172" "Global"
[ 2026-08-20 21:59:47,732 ] Connected to gameserver  "tcp://127.0.0.1:7172" "Global"
[ 2026-08-20 21:59:59,553 ] Connection to gameserver  "tcp://127.0.0.1:7172" "Global"  was disconnected ( "The remote host closed the connection" )
[ 2026-08-20 21:59:59,553 ] StartDownload:  QUrl("")
[ 2026-08-20 21:59:59,593 ] Disconnected from gameserver
[ 2026-08-20 21:59:59,634 ] Didn't send news query with params (HighPotential: true Returner: true MaxKnownEditDate: 1590979202 ) (URL: QUrl("http://127.0.0.1/login.php") ) due to too many retries.
[ 2026-08-20 22:00:00,479 ] Didn't send news query with params (HighPotential: true Returner: true MaxKnownEditDate: 1590979202 ) (URL: QUrl("http://127.0.0.1/login.php") ) due to too many retries.
[ 2026-08-20 22:00:00,519 ] Request connection to gameserver  "tcp://127.0.0.1:7172"  (unprotected:  "tcp://127.0.0.1:7172" )  requested (Charakter "Guerreiro" )
[ 2026-08-20 22:00:00,521 ] Request connection to gameserver  "tcp://127.0.0.1:7172" "Global"
[ 2026-08-20 22:00:00,536 ] Connected to gameserver  "tcp://127.0.0.1:7172" "Global"
[ 2026-08-20 22:00:18,106 ] Connection to gameserver  "tcp://127.0.0.1:7172" "Global"  was disconnected ( "The remote host closed the connection" )
[ 2026-08-20 22:00:18,106 ] StartDownload:  QUrl("")
[ 2026-08-20 22:00:18,150 ] Disconnected from gameserver
[ 2026-08-20 22:00:18,194 ] Didn't send news query with params (HighPotential: true Returner: true MaxKnownEditDate: 1590979202 ) (URL: QUrl("http://127.0.0.1/login.php") ) due to too many retries.
[ 2026-08-20 22:00:19,446 ] Didn't send news query with params (HighPotential: true Returner: true MaxKnownEditDate: 1590979202 ) (URL: QUrl("http://127.0.0.1/login.php") ) due to too many retries.
[ 2026-08-20 22:00:19,489 ] Request connection to gameserver  "tcp://127.0.0.1:7172"  (unprotected:  "tcp://127.0.0.1:7172" )  requested (Charakter "Viscount Alys" )
[ 2026-08-20 22:00:19,494 ] Request connection to gameserver  "tcp://127.0.0.1:7172" "Global"
[ 2026-08-20 22:00:19,509 ] Connected to gameserver  "tcp://127.0.0.1:7172" "Global"
[ 2026-08-20 22:08:39,805 ] Connection to gameserver  "tcp://127.0.0.1:7172" "Global"  was disconnected ( "The remote host closed the connection" )
[ 2026-08-20 22:08:39,812 ] StartDownload:  QUrl("")
[ 2026-08-20 22:08:39,867 ] Disconnected from gameserver
[ 2026-08-20 22:10:37,402 ] Didn't send news query with params (HighPotential: true Returner: true MaxKnownEditDate: 1590979202 ) (URL: QUrl("http://127.0.0.1/login.php") ) due to too many retries.
[ 2026-08-20 22:10:38,800 ] Didn't send news query with params (HighPotential: true Returner: true MaxKnownEditDate: 1590979202 ) (URL: QUrl("http://127.0.0.1/login.php") ) due to too many retries.
[ 2026-08-20 22:10:38,854 ] Request connection to gameserver  "tcp://127.0.0.1:7172"  (unprotected:  "tcp://127.0.0.1:7172" )  requested (Charakter "Viscount Alys" )
[ 2026-08-20 22:10:38,856 ] Request connection to gameserver  "tcp://127.0.0.1:7172" "Global"
[ 2026-08-20 22:10:42,296 ] Didn't send news query with params (HighPotential: true Returner: true MaxKnownEditDate: 1590979202 ) (URL: QUrl("http://127.0.0.1/login.php") ) due to too many retries.
[ 2026-08-20 22:10:43,407 ] Didn't send news query with params (HighPotential: true Returner: true MaxKnownEditDate: 1590979202 ) (URL: QUrl("http://127.0.0.1/login.php") ) due to too many retries.
[ 2026-08-20 22:10:43,462 ] Request connection to gameserver  "tcp://127.0.0.1:7172"  (unprotected:  "tcp://127.0.0.1:7172" )  requested (Charakter "Viscount Alys" )
[ 2026-08-20 22:10:43,466 ] Request connection to gameserver  "tcp://127.0.0.1:7172" "Global"
[ 2026-08-20 22:10:47,517 ] Connected to gameserver  "tcp://127.0.0.1:7172" "Global"
[ 2026-08-20 22:12:16,804 ] Connection to gameserver  "tcp://127.0.0.1:7172" "Global"  was disconnected ( "The remote host closed the connection" )
[ 2026-08-20 22:12:16,811 ] StartDownload:  QUrl("")
[ 2026-08-20 22:12:16,862 ] Disconnected from gameserver
[ 2026-08-20 22:12:57,687 ] Didn't send news query with params (HighPotential: true Returner: true MaxKnownEditDate: 1590979202 ) (URL: QUrl("http://127.0.0.1/login.php") ) due to too many retries.
[ 2026-08-20 22:12:58,380 ] Didn't send news query with params (HighPotential: true Returner: true MaxKnownEditDate: 1590979202 ) (URL: QUrl("http://127.0.0.1/login.php") ) due to too many retries.
[ 2026-08-20 22:12:58,419 ] Request connection to gameserver  "tcp://127.0.0.1:7172"  (unprotected:  "tcp://127.0.0.1:7172" )  requested (Charakter "Viscount Alys" )
[ 2026-08-20 22:12:58,421 ] Request connection to gameserver  "tcp://127.0.0.1:7172" "Global"
[ 2026-08-20 22:12:58,435 ] Connected to gameserver  "tcp://127.0.0.1:7172" "Global"
[ 2026-08-20 22:19:50,554 ] Connection to gameserver  "tcp://127.0.0.1:7172" "Global"  was disconnected ( "The remote host closed the connection" )
[ 2026-08-20 22:19:50,559 ] StartDownload:  QUrl("")
[ 2026-08-20 22:19:50,604 ] Disconnected from gameserver
[ 2026-08-20 22:20:22,015 ] Didn't send news query with params (HighPotential: true Returner: true MaxKnownEditDate: 1590979202 ) (URL: QUrl("http://127.0.0.1/login.php") ) due to too many retries.
[ 2026-08-20 22:20:22,836 ] Didn't send news query with params (HighPotential: true Returner: true MaxKnownEditDate: 1590979202 ) (URL: QUrl("http://127.0.0.1/login.php") ) due to too many retries.
[ 2026-08-20 22:20:22,881 ] Request connection to gameserver  "tcp://127.0.0.1:7172"  (unprotected:  "tcp://127.0.0.1:7172" )  requested (Charakter "Viscount Alys" )
[ 2026-08-20 22:20:22,884 ] Request connection to gameserver  "tcp://127.0.0.1:7172" "Global"
[ 2026-08-20 22:20:22,892 ] Connected to gameserver  "tcp://127.0.0.1:7172" "Global"
[ 2026-08-20 22:20:23,090 ] "updateOrCreateCreatureFromProtobuf: no creature with id 1342195586 found"
[ 2026-08-20 22:21:28,354 ] Connection to gameserver  "tcp://127.0.0.1:7172" "Global"  was disconnected ( "The remote host closed the connection" )
[ 2026-08-20 22:21:28,354 ] StartDownload:  QUrl("")
[ 2026-08-20 22:21:28,400 ] Disconnected from gameserver
[ 2026-08-20 22:21:28,460 ] Didn't send news query with params (HighPotential: true Returner: true MaxKnownEditDate: 1590979202 ) (URL: QUrl("http://127.0.0.1/login.php") ) due to too many retries.
[ 2026-08-20 22:21:29,290 ] Didn't send news query with params (HighPotential: true Returner: true MaxKnownEditDate: 1590979202 ) (URL: QUrl("http://127.0.0.1/login.php") ) due to too many retries.
[ 2026-08-20 22:21:29,333 ] Request connection to gameserver  "tcp://127.0.0.1:7172"  (unprotected:  "tcp://127.0.0.1:7172" )  requested (Charakter "Guerreiro" )
[ 2026-08-20 22:21:29,353 ] Request connection to gameserver  "tcp://127.0.0.1:7172" "Global"
[ 2026-08-20 22:21:29,365 ] Connected to gameserver  "tcp://127.0.0.1:7172" "Global"
[ 2026-08-20 22:22:30,858 ] "updateOrCreateCreatureFromProtobuf: no creature with id 1342185305 found"
[ 2026-08-20 22:22:30,965 ] "updateOrCreateCreatureFromProtobuf: no creature with id 1342185305 found"
[ 2026-08-20 22:22:33,011 ] "updateOrCreateCreatureFromProtobuf: no creature with id 1342185305 found"
[ 2026-08-20 22:22:33,118 ] "updateOrCreateCreatureFromProtobuf: no creature with id 1342185305 found"
[ 2026-08-20 22:22:35,089 ] "updateOrCreateCreatureFromProtobuf: no creature with id 1342185304 found"
[ 2026-08-20 22:22:35,190 ] "updateOrCreateCreatureFromProtobuf: no creature with id 1342185305 found"
[ 2026-08-20 22:22:35,299 ] "updateOrCreateCreatureFromProtobuf: no creature with id 1342185305 found"
[ 2026-08-20 22:22:37,236 ] "updateOrCreateCreatureFromProtobuf: no creature with id 1342185306 found"
[ 2026-08-20 22:22:37,344 ] "updateOrCreateCreatureFromProtobuf: no creature with id 1342185305 found"
[ 2026-08-20 22:22:37,452 ] "updateOrCreateCreatureFromProtobuf: no creature with id 1342185305 found"
[ 2026-08-20 22:22:39,507 ] "updateOrCreateCreatureFromProtobuf: no creature with id 1342185305 found"
[ 2026-08-20 22:22:39,617 ] "updateOrCreateCreatureFromProtobuf: no creature with id 1342185305 found"
[ 2026-08-20 22:22:40,686 ] "updateOrCreateCreatureFromProtobuf: no creature with id 1342185306 found"
[ 2026-08-20 22:22:41,014 ] "updateOrCreateCreatureFromProtobuf: no creature with id 1342185305 found"
[ 2026-08-20 22:22:41,199 ] "updateOrCreateCreatureFromProtobuf: no creature with id 1342185305 found"
[ 2026-08-20 22:22:41,557 ] "updateOrCreateCreatureFromProtobuf: no creature with id 1342185306 found"
[ 2026-08-20 22:22:41,666 ] "updateOrCreateCreatureFromProtobuf: no creature with id 1342185305 found"
[ 2026-08-20 22:22:41,776 ] "updateOrCreateCreatureFromProtobuf: no creature with id 1342185305 found"
[ 2026-08-20 22:22:42,958 ] "updateOrCreateCreatureFromProtobuf: no creature with id 1342185305 found"
[ 2026-08-20 22:22:43,177 ] "updateOrCreateCreatureFromProtobuf: no creature with id 1342185305 found"
[ 2026-08-20 22:22:43,723 ] "updateOrCreateCreatureFromProtobuf: no creature with id 1342185306 found"
[ 2026-08-20 22:22:43,833 ] "updateOrCreateCreatureFromProtobuf: no creature with id 1342185305 found"
[ 2026-08-20 22:22:43,940 ] "updateOrCreateCreatureFromProtobuf: no creature with id 1342185305 found"
[ 2026-08-20 22:22:44,894 ] "updateOrCreateCreatureFromProtobuf: no creature with id 1342185304 found"
[ 2026-08-20 22:22:45,000 ] "updateOrCreateCreatureFromProtobuf: no creature with id 1342185306 found"
[ 2026-08-20 22:22:45,124 ] "updateOrCreateCreatureFromProtobuf: no creature with id 1342185305 found"
[ 2026-08-20 22:22:45,343 ] "updateOrCreateCreatureFromProtobuf: no creature with id 1342185305 found"
[ 2026-08-20 22:22:45,886 ] "updateOrCreateCreatureFromProtobuf: no creature with id 1342185306 found"
[ 2026-08-20 22:22:45,996 ] "updateOrCreateCreatureFromProtobuf: no creature with id 1342185305 found"
[ 2026-08-20 22:22:46,084 ] "updateOrCreateCreatureFromProtobuf: no creature with id 1342185305 found"
[ 2026-08-20 22:22:47,291 ] "updateOrCreateCreatureFromProtobuf: no creature with id 1342185305 found"
[ 2026-08-20 22:22:47,510 ] "updateOrCreateCreatureFromProtobuf: no creature with id 1342185305 found"
[ 2026-08-20 22:22:48,163 ] "updateOrCreateCreatureFromProtobuf: no creature with id 1342185305 found"
[ 2026-08-20 22:22:48,272 ] "updateOrCreateCreatureFromProtobuf: no creature with id 1342185305 found"
[ 2026-08-20 22:22:49,488 ] "updateOrCreateCreatureFromProtobuf: no creature with id 1342185305 found"
[ 2026-08-20 22:22:49,690 ] "updateOrCreateCreatureFromProtobuf: no creature with id 1342185305 found"
[ 2026-08-20 22:22:50,238 ] "updateOrCreateCreatureFromProtobuf: no creature with id 1342185306 found"
[ 2026-08-20 22:22:50,347 ] "updateOrCreateCreatureFromProtobuf: no creature with id 1342185305 found"
[ 2026-08-20 22:22:50,455 ] "updateOrCreateCreatureFromProtobuf: no creature with id 1342185305 found"
[ 2026-08-20 22:22:51,660 ] "updateOrCreateCreatureFromProtobuf: no creature with id 1342185305 found"
[ 2026-08-20 22:22:51,881 ] "updateOrCreateCreatureFromProtobuf: no creature with id 1342185305 found"
[ 2026-08-20 22:22:52,431 ] "updateOrCreateCreatureFromProtobuf: no creature with id 1342185306 found"
[ 2026-08-20 22:22:52,541 ] "updateOrCreateCreatureFromProtobuf: no creature with id 1342185305 found"
[ 2026-08-20 22:22:52,651 ] "updateOrCreateCreatureFromProtobuf: no creature with id 1342185305 found"
[ 2026-08-20 22:22:53,730 ] "updateOrCreateCreatureFromProtobuf: no creature with id 1342185306 found"
[ 2026-08-20 22:22:53,852 ] "updateOrCreateCreatureFromProtobuf: no creature with id 1342185305 found"
[ 2026-08-20 22:22:54,069 ] "updateOrCreateCreatureFromProtobuf: no creature with id 1342185305 found"
[ 2026-08-20 22:22:54,621 ] "updateOrCreateCreatureFromProtobuf: no creature with id 1342185306 found"
[ 2026-08-20 22:22:54,733 ] "updateOrCreateCreatureFromProtobuf: no creature with id 1342185305 found"
[ 2026-08-20 22:22:54,842 ] "updateOrCreateCreatureFromProtobuf: no creature with id 1342185305 found"
[ 2026-08-20 22:22:56,051 ] "updateOrCreateCreatureFromProtobuf: no creature with id 1342185305 found"
[ 2026-08-20 22:22:56,268 ] "updateOrCreateCreatureFromProtobuf: no creature with id 1342185305 found"
[ 2026-08-20 22:22:56,909 ] "updateOrCreateCreatureFromProtobuf: no creature with id 1342185305 found"
[ 2026-08-20 22:22:57,018 ] "updateOrCreateCreatureFromProtobuf: no creature with id 1342185305 found"
[ 2026-08-20 22:22:57,503 ] Connection to gameserver  "tcp://127.0.0.1:7172" "Global"  was disconnected ( "The remote host closed the connection" )
[ 2026-08-20 22:22:57,507 ] StartDownload:  QUrl("")
[ 2026-08-20 22:22:57,554 ] Disconnected from gameserver
[ 2026-08-20 22:25:01,163 ] Didn't send news query with params (HighPotential: true Returner: true MaxKnownEditDate: 1590979202 ) (URL: QUrl("http://127.0.0.1/login.php") ) due to too many retries.
[ 2026-08-20 22:25:02,212 ] Didn't send news query with params (HighPotential: true Returner: true MaxKnownEditDate: 1590979202 ) (URL: QUrl("http://127.0.0.1/login.php") ) due to too many retries.
[ 2026-08-20 22:25:02,264 ] Request connection to gameserver  "tcp://127.0.0.1:7172"  (unprotected:  "tcp://127.0.0.1:7172" )  requested (Charakter "Guerreiro" )
[ 2026-08-20 22:25:02,271 ] Request connection to gameserver  "tcp://127.0.0.1:7172" "Global"
[ 2026-08-20 22:25:02,287 ] Connected to gameserver  "tcp://127.0.0.1:7172" "Global"
[ 2026-08-20 22:25:02,465 ] "updateOrCreateCreatureFromProtobuf: no creature with id 1342195496 found"
[ 2026-08-20 22:25:02,465 ] "updateOrCreateCreatureFromProtobuf: no creature with id 1342195497 found"
[ 2026-08-20 22:25:02,465 ] "updateOrCreateCreatureFromProtobuf: no creature with id 1342185304 found"
[ 2026-08-20 22:25:07,154 ] "updateOrCreateCreatureFromProtobuf: no creature with id 1342185305 found"
[ 2026-08-20 22:25:07,154 ] "updateOrCreateCreatureFromProtobuf: no creature with id 1342185305 found"
[ 2026-08-20 22:25:07,505 ] Connection to gameserver  "tcp://127.0.0.1:7172" "Global"  was disconnected ( "The remote host closed the connection" )
[ 2026-08-20 22:25:07,506 ] StartDownload:  QUrl("")
[ 2026-08-20 22:25:07,546 ] Disconnected from gameserver
[ 2026-08-20 22:25:07,589 ] Didn't send news query with params (HighPotential: true Returner: true MaxKnownEditDate: 1590979202 ) (URL: QUrl("http://127.0.0.1/login.php") ) due to too many retries.
[ 2026-08-21 13:14:34,965 ] Using spritesheet cache size of 910
[ 2026-08-21 13:14:34,982 ] Sound engine initialized with default sound device "Alto-falantes (Realtek High Definition Audio(SST))"
[ 2026-08-21 13:14:34,998 ] Switch used audio device to "Alto-falantes (Realtek High Definition Audio(SST))"
[ 2026-08-21 13:14:40,800 ] Asset loading complete
[ 2026-08-21 13:14:40,871 ] StartDownload:  QUrl("")
[ 2026-08-21 13:20:49,679 ] News query failed: "Unrecognized event news."
[ 2026-08-21 13:20:51,840 ] BattlEye: "Initialized (v1.249)"
[ 2026-08-21 13:20:51,841 ] BattlEye: "Restarting client is necessary, service isn't running properly"
[ 2026-08-21 13:20:51,841 ] BattlEye: "Restarting client is necessary, update required"
[ 2026-08-21 13:20:51,841 ] BattlEye: "Config entry: GameID tibia"
[ 2026-08-21 13:20:51,841 ] BattlEye: "Config entry: MasterPort 7171"
[ 2026-08-21 13:20:52,319 ] Request connection to gameserver  "tcp://127.0.0.1:7172"  (unprotected:  "tcp://127.0.0.1:7172" )  requested (Charakter "Guerreiro" )
[ 2026-08-21 13:20:52,350 ] Request connection to gameserver  "tcp://127.0.0.1:7172" "Global"
[ 2026-08-21 13:20:52,375 ] Connected to gameserver  "tcp://127.0.0.1:7172" "Global"
[ 2026-08-21 13:20:52,463 ] News query failed: "Unrecognized event news."
[ 2026-08-21 13:20:53,729 ] "updateOrCreateCreatureFromProtobuf: no creature with id 1342195538 found"
[ 2026-08-21 13:20:53,730 ] "updateOrCreateCreatureFromProtobuf: no creature with id 1342195539 found"
[ 2026-08-21 13:20:53,730 ] "updateOrCreateCreatureFromProtobuf: no creature with id 1342185321 found"
[ 2026-08-21 13:20:53,730 ] "updateOrCreateCreatureFromProtobuf: no creature with id 1342185322 found"
[ 2026-08-21 13:20:53,730 ] "updateOrCreateCreatureFromProtobuf: no creature with id 1342185323 found"
[ 2026-08-21 13:20:53,730 ] "updateOrCreateCreatureFromProtobuf: no creature with id 1342185324 found"
[ 2026-08-21 13:20:53,730 ] "updateOrCreateCreatureFromProtobuf: no creature with id 1342185325 found"
[ 2026-08-21 13:20:55,179 ] "updateOrCreateCreatureFromProtobuf: no creature with id 1342185322 found"
[ 2026-08-21 13:20:55,180 ] "updateOrCreateCreatureFromProtobuf: no creature with id 1342185322 found"
[ 2026-08-21 13:20:55,947 ] "updateOrCreateCreatureFromProtobuf: no creature with id 1342185323 found"
[ 2026-08-21 13:20:56,260 ] "updateOrCreateCreatureFromProtobuf: no creature with id 1342185323 found"
[ 2026-08-21 13:20:56,830 ] "updateOrCreateCreatureFromProtobuf: no creature with id 1342185322 found"
[ 2026-08-21 13:20:57,369 ] "updateOrCreateCreatureFromProtobuf: no creature with id 1342185322 found"
[ 2026-08-21 13:20:57,369 ] "updateOrCreateCreatureFromProtobuf: no creature with id 1342185322 found"
[ 2026-08-21 13:20:59,100 ] "updateOrCreateCreatureFromProtobuf: no creature with id 1342185322 found"
[ 2026-08-21 13:20:59,582 ] "updateOrCreateCreatureFromProtobuf: no creature with id 1342185322 found"
[ 2026-08-21 13:20:59,582 ] "updateOrCreateCreatureFromProtobuf: no creature with id 1342185322 found"
[ 2026-08-21 13:20:59,869 ] "updateOrCreateCreatureFromProtobuf: no creature with id 1342185322 found"
[ 2026-08-21 13:26:02,852 ] Connection to gameserver  "tcp://127.0.0.1:7172" "Global"  was disconnected ( "The remote host closed the connection" )
[ 2026-08-21 13:26:02,885 ] StartDownload:  QUrl("")
[ 2026-08-21 13:26:02,984 ] Disconnected from gameserver
[ 2026-08-21 13:27:47,982 ] News query failed: "Unrecognized event news."
[ 2026-08-21 13:27:48,832 ] Didn't send news query with params (HighPotential: true Returner: true MaxKnownEditDate: 1590979202 ) (URL: QUrl("http://127.0.0.1/login.php") ) due to too many retries.
[ 2026-08-21 13:27:49,020 ] Request connection to gameserver  "tcp://127.0.0.1:7172"  (unprotected:  "tcp://127.0.0.1:7172" )  requested (Charakter "Guerreiro" )
[ 2026-08-21 13:27:49,032 ] Request connection to gameserver  "tcp://127.0.0.1:7172" "Global"
[ 2026-08-21 13:27:49,047 ] Connected to gameserver  "tcp://127.0.0.1:7172" "Global"
[ 2026-08-21 13:28:01,596 ] "updateOrCreateCreatureFromProtobuf: no creature with id 1342217003 found"
[ 2026-08-21 13:28:01,596 ] "updateOrCreateCreatureFromProtobuf: no creature with id 1342204931 found"
[ 2026-08-21 13:28:01,596 ] "updateOrCreateCreatureFromProtobuf: no creature with id 1342217004 found"
[ 2026-08-21 13:28:01,596 ] "updateOrCreateCreatureFromProtobuf: no creature with id 1342217023 found"
[ 2026-08-21 13:28:01,596 ] "updateOrCreateCreatureFromProtobuf: no creature with id 1342204932 found"
[ 2026-08-21 13:28:01,596 ] "updateOrCreateCreatureFromProtobuf: no creature with id 1342204933 found"
[ 2026-08-21 13:28:01,596 ] "updateOrCreateCreatureFromProtobuf: no creature with id 1342204934 found"
[ 2026-08-21 13:28:01,597 ] "updateOrCreateCreatureFromProtobuf: no creature with id 1342204935 found"
[ 2026-08-21 13:28:01,597 ] "updateOrCreateCreatureFromProtobuf: no creature with id 1342204990 found"
[ 2026-08-21 13:28:01,597 ] "updateOrCreateCreatureFromProtobuf: no creature with id 1342204991 found"
[ 2026-08-21 13:28:22,740 ] qrc:/qt/qml/qmlcomponents/qml/TibiaItemSelectionGrid.qml:101:9: Unable to assign [undefined] to bool
[ 2026-08-21 13:28:22,740 ] qrc:/qt/qml/qmlcomponents/qml/TibiaItemSelectionGrid.qml:100:9: Unable to assign [undefined] to int
[ 2026-08-21 13:28:23,844 ] qrc:/qt/qml/qmlcomponents/qml/TibiaItemSelectionGrid.qml:101:9: Unable to assign [undefined] to bool
[ 2026-08-21 13:28:23,845 ] qrc:/qt/qml/qmlcomponents/qml/TibiaItemSelectionGrid.qml:100:9: Unable to assign [undefined] to int
[ 2026-08-21 13:28:23,846 ] qrc:/qt/qml/qmlcomponents/qml/TibiaItemSelectionGrid.qml:101:9: Unable to assign [undefined] to bool
[ 2026-08-21 13:28:23,846 ] qrc:/qt/qml/qmlcomponents/qml/TibiaItemSelectionGrid.qml:100:9: Unable to assign [undefined] to int
[ 2026-08-21 13:34:41,951 ] Connection to gameserver  "tcp://127.0.0.1:7172" "Global"  was disconnected ( "The remote host closed the connection" )
[ 2026-08-21 13:34:41,958 ] StartDownload:  QUrl("")
[ 2026-08-21 13:34:42,067 ] Disconnected from gameserver
[ 2026-08-21 13:39:19,379 ] Didn't send news query with params (HighPotential: true Returner: true MaxKnownEditDate: 1590979202 ) (URL: QUrl("http://127.0.0.1/login.php") ) due to too many retries.
[ 2026-08-21 13:39:20,209 ] Didn't send news query with params (HighPotential: true Returner: true MaxKnownEditDate: 1590979202 ) (URL: QUrl("http://127.0.0.1/login.php") ) due to too many retries.
[ 2026-08-21 13:39:20,277 ] Request connection to gameserver  "tcp://127.0.0.1:7172"  (unprotected:  "tcp://127.0.0.1:7172" )  requested (Charakter "Guerreiro" )
[ 2026-08-21 13:39:20,280 ] Request connection to gameserver  "tcp://127.0.0.1:7172" "Global"
[ 2026-08-21 13:39:20,294 ] Connected to gameserver  "tcp://127.0.0.1:7172" "Global"
[ 2026-08-21 13:39:20,468 ] "updateOrCreateCreatureFromProtobuf: no creature with id 1342217023 found"
[ 2026-08-21 13:39:20,468 ] "updateOrCreateCreatureFromProtobuf: no creature with id 1342204932 found"
[ 2026-08-21 13:39:20,468 ] "updateOrCreateCreatureFromProtobuf: no creature with id 1342204933 found"
[ 2026-08-21 13:39:20,468 ] "updateOrCreateCreatureFromProtobuf: no creature with id 1342204934 found"
[ 2026-08-21 13:39:20,468 ] "updateOrCreateCreatureFromProtobuf: no creature with id 1342204935 found"
[ 2026-08-21 13:39:20,468 ] "updateOrCreateCreatureFromProtobuf: no creature with id 1342204990 found"
[ 2026-08-21 13:39:20,468 ] "updateOrCreateCreatureFromProtobuf: no creature with id 1342204991 found"
[ 2026-08-21 13:39:20,468 ] "updateOrCreateCreatureFromProtobuf: no creature with id 1342205035 found"
[ 2026-08-21 13:39:20,468 ] "updateOrCreateCreatureFromProtobuf: no creature with id 1342205036 found"
[ 2026-08-21 13:39:20,468 ] "updateOrCreateCreatureFromProtobuf: no creature with id 1342205037 found"
[ 2026-08-21 13:39:20,468 ] "updateOrCreateCreatureFromProtobuf: no creature with id 1342205045 found"
[ 2026-08-21 13:39:20,468 ] "updateOrCreateCreatureFromProtobuf: no creature with id 1342217084 found"
[ 2026-08-21 13:39:20,469 ] "updateOrCreateCreatureFromProtobuf: no creature with id 1342217085 found"
[ 2026-08-21 13:39:20,469 ] "updateOrCreateCreatureFromProtobuf: no creature with id 1342205038 found"
[ 2026-08-21 13:39:20,469 ] "updateOrCreateCreatureFromProtobuf: no creature with id 1342205039 found"
[ 2026-08-21 13:41:34,252 ] Connection to gameserver  "tcp://127.0.0.1:7172" "Global"  was disconnected ( "The remote host closed the connection" )
[ 2026-08-21 13:41:34,259 ] StartDownload:  QUrl("")
[ 2026-08-21 13:41:34,308 ] Disconnected from gameserver
[ 2026-08-21 13:41:58,783 ] Didn't send news query with params (HighPotential: true Returner: true MaxKnownEditDate: 1590979202 ) (URL: QUrl("http://127.0.0.1/login.php") ) due to too many retries.
[ 2026-08-21 13:41:59,597 ] Didn't send news query with params (HighPotential: true Returner: true MaxKnownEditDate: 1590979202 ) (URL: QUrl("http://127.0.0.1/login.php") ) due to too many retries.
[ 2026-08-21 13:41:59,664 ] Request connection to gameserver  "tcp://127.0.0.1:7172"  (unprotected:  "tcp://127.0.0.1:7172" )  requested (Charakter "Guerreiro" )
[ 2026-08-21 13:41:59,667 ] Request connection to gameserver  "tcp://127.0.0.1:7172" "Global"
[ 2026-08-21 13:41:59,681 ] Connected to gameserver  "tcp://127.0.0.1:7172" "Global"
[ 2026-08-21 13:41:59,914 ] "updateOrCreateCreatureFromProtobuf: no creature with id 1342194057 found"
[ 2026-08-21 13:41:59,914 ] "updateOrCreateCreatureFromProtobuf: no creature with id 1342204880 found"
[ 2026-08-21 13:41:59,914 ] "updateOrCreateCreatureFromProtobuf: no creature with id 1342217000 found"
[ 2026-08-21 13:41:59,914 ] "updateOrCreateCreatureFromProtobuf: no creature with id 1342217003 found"
[ 2026-08-21 13:41:59,914 ] "updateOrCreateCreatureFromProtobuf: no creature with id 1342204865 found"
[ 2026-08-21 13:41:59,914 ] "updateOrCreateCreatureFromProtobuf: no creature with id 1342204866 found"
[ 2026-08-21 13:41:59,914 ] "updateOrCreateCreatureFromProtobuf: no creature with id 1342204867 found"
[ 2026-08-21 13:41:59,914 ] "updateOrCreateCreatureFromProtobuf: no creature with id 1342204868 found"
[ 2026-08-21 13:41:59,914 ] "updateOrCreateCreatureFromProtobuf: no creature with id 1342204931 found"
[ 2026-08-21 13:41:59,915 ] "updateOrCreateCreatureFromProtobuf: no creature with id 1342216999 found"
[ 2026-08-21 13:41:59,915 ] "updateOrCreateCreatureFromProtobuf: no creature with id 1342217001 found"
[ 2026-08-21 13:41:59,915 ] "updateOrCreateCreatureFromProtobuf: no creature with id 1342217002 found"
[ 2026-08-21 13:41:59,915 ] "updateOrCreateCreatureFromProtobuf: no creature with id 1342217004 found"
[ 2026-08-21 13:41:59,915 ] "updateOrCreateCreatureFromProtobuf: no creature with id 1342217023 found"
[ 2026-08-21 13:41:59,915 ] "updateOrCreateCreatureFromProtobuf: no creature with id 1342204932 found"
[ 2026-08-21 13:41:59,915 ] "updateOrCreateCreatureFromProtobuf: no creature with id 1342204933 found"
[ 2026-08-21 13:41:59,915 ] "updateOrCreateCreatureFromProtobuf: no creature with id 1342204934 found"
[ 2026-08-21 13:41:59,915 ] "updateOrCreateCreatureFromProtobuf: no creature with id 1342204935 found"
[ 2026-08-21 13:42:44,301 ] Connection to gameserver  "tcp://127.0.0.1:7172" "Global"  was disconnected ( "The remote host closed the connection" )
[ 2026-08-21 13:42:44,307 ] StartDownload:  QUrl("")
[ 2026-08-21 13:42:44,378 ] Disconnected from gameserver
[ 2026-08-21 13:43:14,991 ] Didn't send news query with params (HighPotential: true Returner: true MaxKnownEditDate: 1590979202 ) (URL: QUrl("http://127.0.0.1/login.php") ) due to too many retries.
[ 2026-08-21 13:43:15,860 ] Didn't send news query with params (HighPotential: true Returner: true MaxKnownEditDate: 1590979202 ) (URL: QUrl("http://127.0.0.1/login.php") ) due to too many retries.
[ 2026-08-21 13:43:15,925 ] Request connection to gameserver  "tcp://127.0.0.1:7172"  (unprotected:  "tcp://127.0.0.1:7172" )  requested (Charakter "Guerreiro" )
[ 2026-08-21 13:43:15,927 ] Request connection to gameserver  "tcp://127.0.0.1:7172" "Global"
[ 2026-08-21 13:43:15,945 ] Connected to gameserver  "tcp://127.0.0.1:7172" "Global"
[ 2026-08-21 16:57:33,823 ] Connection to gameserver  "tcp://127.0.0.1:7172" "Global"  was disconnected ( "The remote host closed the connection" )
[ 2026-08-21 16:57:33,945 ] StartDownload:  QUrl("")
[ 2026-08-21 16:57:34,217 ] Disconnected from gameserver
[ 2026-08-21 16:58:16,153 ] Didn't send news query with params (HighPotential: true Returner: true MaxKnownEditDate: 1590979202 ) (URL: QUrl("http://127.0.0.1/login.php") ) due to too many retries.
[ 2026-08-21 16:58:17,151 ] Didn't send news query with params (HighPotential: true Returner: true MaxKnownEditDate: 1590979202 ) (URL: QUrl("http://127.0.0.1/login.php") ) due to too many retries.
[ 2026-08-21 16:58:17,346 ] Request connection to gameserver  "tcp://127.0.0.1:7172"  (unprotected:  "tcp://127.0.0.1:7172" )  requested (Charakter "Guerreiro" )
[ 2026-08-21 16:58:17,355 ] Request connection to gameserver  "tcp://127.0.0.1:7172" "Global"
[ 2026-08-21 16:58:17,369 ] Connected to gameserver  "tcp://127.0.0.1:7172" "Global"
[ 2026-08-21 23:20:47,003 ] Connection to gameserver  "tcp://127.0.0.1:7172" "Global"  was disconnected ( "The remote host closed the connection" )
[ 2026-08-21 23:20:47,029 ] StartDownload:  QUrl("")
[ 2026-08-21 23:20:47,137 ] Disconnected from gameserver
[ 2026-08-21 23:21:45,885 ] Didn't send news query with params (HighPotential: true Returner: true MaxKnownEditDate: 1590979202 ) (URL: QUrl("http://127.0.0.1/login.php") ) due to too many retries.
[ 2026-08-21 23:21:46,787 ] Didn't send news query with params (HighPotential: true Returner: true MaxKnownEditDate: 1590979202 ) (URL: QUrl("http://127.0.0.1/login.php") ) due to too many retries.
[ 2026-08-21 23:21:46,924 ] Request connection to gameserver  "tcp://127.0.0.1:7172"  (unprotected:  "tcp://127.0.0.1:7172" )  requested (Charakter "Guerreiro" )
[ 2026-08-21 23:21:46,927 ] Request connection to gameserver  "tcp://127.0.0.1:7172" "Global"
[ 2026-08-21 23:21:46,943 ] Connected to gameserver  "tcp://127.0.0.1:7172" "Global"
[ 2026-08-21 23:21:47,194 ] "updateOrCreateCreatureFromProtobuf: no creature with id 1342217023 found"
[ 2026-08-21 23:21:47,194 ] "updateOrCreateCreatureFromProtobuf: no creature with id 1342204990 found"
[ 2026-08-21 23:21:47,194 ] "updateOrCreateCreatureFromProtobuf: no creature with id 1342204991 found"
[ 2026-08-21 23:21:47,194 ] "updateOrCreateCreatureFromProtobuf: no creature with id 1342205045 found"
[ 2026-08-21 23:21:47,194 ] "updateOrCreateCreatureFromProtobuf: no creature with id 1342205083 found"
[ 2026-08-21 23:21:47,194 ] "updateOrCreateCreatureFromProtobuf: no creature with id 1342205038 found"
[ 2026-08-21 23:21:47,194 ] "updateOrCreateCreatureFromProtobuf: no creature with id 1342205039 found"
[ 2026-08-21 23:21:47,194 ] "updateOrCreateCreatureFromProtobuf: no creature with id 1342205093 found"
[ 2026-08-21 23:21:47,194 ] "updateOrCreateCreatureFromProtobuf: no creature with id 1342205094 found"
[ 2026-08-21 23:23:49,201 ] Connection to gameserver  "tcp://127.0.0.1:7172" "Global"  was disconnected ( "The remote host closed the connection" )
[ 2026-08-21 23:23:49,205 ] StartDownload:  QUrl("")
[ 2026-08-21 23:23:49,256 ] Disconnected from gameserver
[ 2026-08-21 23:24:28,973 ] Didn't send news query with params (HighPotential: true Returner: true MaxKnownEditDate: 1590979202 ) (URL: QUrl("http://127.0.0.1/login.php") ) due to too many retries.
[ 2026-08-21 23:24:29,623 ] Didn't send news query with params (HighPotential: true Returner: true MaxKnownEditDate: 1590979202 ) (URL: QUrl("http://127.0.0.1/login.php") ) due to too many retries.
[ 2026-08-21 23:24:29,695 ] Request connection to gameserver  "tcp://127.0.0.1:7172"  (unprotected:  "tcp://127.0.0.1:7172" )  requested (Charakter "Guerreiro" )
[ 2026-08-21 23:24:29,700 ] Request connection to gameserver  "tcp://127.0.0.1:7172" "Global"
[ 2026-08-21 23:24:29,714 ] Connected to gameserver  "tcp://127.0.0.1:7172" "Global"
[ 2026-08-21 23:24:29,904 ] "updateOrCreateCreatureFromProtobuf: no creature with id 1342217023 found"
[ 2026-08-21 23:24:29,904 ] "updateOrCreateCreatureFromProtobuf: no creature with id 1342204990 found"
[ 2026-08-21 23:24:29,904 ] "updateOrCreateCreatureFromProtobuf: no creature with id 1342204991 found"
[ 2026-08-21 23:24:29,904 ] "updateOrCreateCreatureFromProtobuf: no creature with id 1342205035 found"
[ 2026-08-21 23:24:29,904 ] "updateOrCreateCreatureFromProtobuf: no creature with id 1342205036 found"
[ 2026-08-21 23:24:29,904 ] "updateOrCreateCreatureFromProtobuf: no creature with id 1342205037 found"
[ 2026-08-21 23:24:29,904 ] "updateOrCreateCreatureFromProtobuf: no creature with id 1342205045 found"
[ 2026-08-21 23:24:29,904 ] "updateOrCreateCreatureFromProtobuf: no creature with id 1342205083 found"
[ 2026-08-21 23:24:29,904 ] "updateOrCreateCreatureFromProtobuf: no creature with id 1342217084 found"
[ 2026-08-21 23:24:29,904 ] "updateOrCreateCreatureFromProtobuf: no creature with id 1342217085 found"
[ 2026-08-21 23:24:29,904 ] "updateOrCreateCreatureFromProtobuf: no creature with id 1342205038 found"
[ 2026-08-21 23:24:29,904 ] "updateOrCreateCreatureFromProtobuf: no creature with id 1342205039 found"
[ 2026-08-21 23:24:29,905 ] "updateOrCreateCreatureFromProtobuf: no creature with id 1342205093 found"
[ 2026-08-21 23:24:29,905 ] "updateOrCreateCreatureFromProtobuf: no creature with id 1342205094 found"
[ 2026-08-21 23:28:48,702 ] Connection to gameserver  "tcp://127.0.0.1:7172" "Global"  was disconnected ( "The remote host closed the connection" )
[ 2026-08-21 23:28:48,711 ] StartDownload:  QUrl("")
[ 2026-08-21 23:28:48,799 ] Disconnected from gameserver
[ 2026-08-21 23:31:29,945 ] Didn't send news query with params (HighPotential: true Returner: true MaxKnownEditDate: 1590979202 ) (URL: QUrl("http://127.0.0.1/login.php") ) due to too many retries.
[ 2026-08-21 23:31:30,605 ] Didn't send news query with params (HighPotential: true Returner: true MaxKnownEditDate: 1590979202 ) (URL: QUrl("http://127.0.0.1/login.php") ) due to too many retries.
[ 2026-08-21 23:31:30,676 ] Request connection to gameserver  "tcp://127.0.0.1:7172"  (unprotected:  "tcp://127.0.0.1:7172" )  requested (Charakter "Guerreiro" )
[ 2026-08-21 23:31:30,680 ] Request connection to gameserver  "tcp://127.0.0.1:7172" "Global"
[ 2026-08-21 23:31:30,694 ] Connected to gameserver  "tcp://127.0.0.1:7172" "Global"
[ 2026-08-21 23:31:30,904 ] "updateOrCreateCreatureFromProtobuf: no creature with id 1342217023 found"
[ 2026-08-21 23:31:30,904 ] "updateOrCreateCreatureFromProtobuf: no creature with id 1342204990 found"
[ 2026-08-21 23:31:30,904 ] "updateOrCreateCreatureFromProtobuf: no creature with id 1342204991 found"
[ 2026-08-21 23:31:30,904 ] "updateOrCreateCreatureFromProtobuf: no creature with id 1342205035 found"
[ 2026-08-21 23:31:30,904 ] "updateOrCreateCreatureFromProtobuf: no creature with id 1342205036 found"
[ 2026-08-21 23:31:30,904 ] "updateOrCreateCreatureFromProtobuf: no creature with id 1342205037 found"
[ 2026-08-21 23:31:30,904 ] "updateOrCreateCreatureFromProtobuf: no creature with id 1342205045 found"
[ 2026-08-21 23:31:30,904 ] "updateOrCreateCreatureFromProtobuf: no creature with id 1342205083 found"
[ 2026-08-21 23:31:30,904 ] "updateOrCreateCreatureFromProtobuf: no creature with id 1342217084 found"
[ 2026-08-21 23:31:30,904 ] "updateOrCreateCreatureFromProtobuf: no creature with id 1342217085 found"
[ 2026-08-21 23:31:30,905 ] "updateOrCreateCreatureFromProtobuf: no creature with id 1342205038 found"
[ 2026-08-21 23:31:30,905 ] "updateOrCreateCreatureFromProtobuf: no creature with id 1342205039 found"
[ 2026-08-21 23:31:30,905 ] "updateOrCreateCreatureFromProtobuf: no creature with id 1342205093 found"
[ 2026-08-21 23:31:30,905 ] "updateOrCreateCreatureFromProtobuf: no creature with id 1342205094 found"
[ 2026-08-22 06:05:00,733 ] Connection to gameserver  "tcp://127.0.0.1:7172" "Global"  was disconnected ( "The remote host closed the connection" )
[ 2026-08-22 06:05:00,807 ] StartDownload:  QUrl("")
[ 2026-08-22 06:05:00,967 ] Disconnected from gameserver
[ 2026-08-23 10:08:04,647 ] Retrying to obtain clipboard.
[ 2026-08-23 10:08:51,663 ] Retrying to obtain clipboard.
[ 2026-08-23 10:09:05,258 ] Retrying to obtain clipboard.
[ 2026-08-23 10:09:10,067 ] Retrying to obtain clipboard.
[ 2026-08-23 15:46:52,708 ] Didn't send news query with params (HighPotential: true Returner: true MaxKnownEditDate: 1590979202 ) (URL: QUrl("http://127.0.0.1/login.php") ) due to too many retries.
[ 2026-08-23 19:26:15,933 ] Didn't send news query with params (HighPotential: true Returner: true MaxKnownEditDate: 1590979202 ) (URL: QUrl("http://127.0.0.1/login.php") ) due to too many retries.
[ 2026-08-23 19:26:34,644 ] Didn't send news query with params (HighPotential: true Returner: true MaxKnownEditDate: 1590979202 ) (URL: QUrl("http://127.0.0.1/login.php") ) due to too many retries.
[ 2026-08-23 19:26:34,999 ] Request connection to gameserver  "tcp://127.0.0.1:7172"  (unprotected:  "tcp://127.0.0.1:7172" )  requested (Charakter "Guerreiro" )
[ 2026-08-23 19:26:35,024 ] Request connection to gameserver  "tcp://127.0.0.1:7172" "Global"
[ 2026-08-23 19:26:35,046 ] Connected to gameserver  "tcp://127.0.0.1:7172" "Global"
[ 2026-08-23 19:31:46,801 ] Connection to gameserver  "tcp://127.0.0.1:7172" "Global"  was disconnected ( "The remote host closed the connection" )
[ 2026-08-23 19:31:46,812 ] StartDownload:  QUrl("")
[ 2026-08-23 19:31:46,955 ] Disconnected from gameserver
[ 2026-08-23 19:32:13,379 ] Didn't send news query with params (HighPotential: true Returner: true MaxKnownEditDate: 1590979202 ) (URL: QUrl("http://127.0.0.1/login.php") ) due to too many retries.
[ 2026-08-23 19:32:14,012 ] Didn't send news query with params (HighPotential: true Returner: true MaxKnownEditDate: 1590979202 ) (URL: QUrl("http://127.0.0.1/login.php") ) due to too many retries.
[ 2026-08-23 19:32:14,085 ] Request connection to gameserver  "tcp://127.0.0.1:7172"  (unprotected:  "tcp://127.0.0.1:7172" )  requested (Charakter "Guerreiro" )
[ 2026-08-23 19:32:14,088 ] Request connection to gameserver  "tcp://127.0.0.1:7172" "Global"
[ 2026-08-23 19:32:14,102 ] Connected to gameserver  "tcp://127.0.0.1:7172" "Global"
[ 2026-08-23 19:33:04,101 ] Connection to gameserver  "tcp://127.0.0.1:7172" "Global"  was disconnected ( "The remote host closed the connection" )
[ 2026-08-23 19:33:04,107 ] StartDownload:  QUrl("")
[ 2026-08-23 19:33:04,179 ] Disconnected from gameserver
[ 2026-08-23 19:33:31,049 ] Didn't send news query with params (HighPotential: true Returner: true MaxKnownEditDate: 1590979202 ) (URL: QUrl("http://127.0.0.1/login.php") ) due to too many retries.
[ 2026-08-23 19:33:31,686 ] Didn't send news query with params (HighPotential: true Returner: true MaxKnownEditDate: 1590979202 ) (URL: QUrl("http://127.0.0.1/login.php") ) due to too many retries.
[ 2026-08-23 19:33:31,751 ] Request connection to gameserver  "tcp://127.0.0.1:7172"  (unprotected:  "tcp://127.0.0.1:7172" )  requested (Charakter "Guerreiro" )
[ 2026-08-23 19:33:31,754 ] Request connection to gameserver  "tcp://127.0.0.1:7172" "Global"
[ 2026-08-23 19:33:31,768 ] Connected to gameserver  "tcp://127.0.0.1:7172" "Global"
[ 2026-08-23 19:37:44,501 ] Connection to gameserver  "tcp://127.0.0.1:7172" "Global"  was disconnected ( "The remote host closed the connection" )
[ 2026-08-23 19:37:44,506 ] StartDownload:  QUrl("")
[ 2026-08-23 19:37:44,559 ] Disconnected from gameserver
[ 2026-08-24 22:30:04,101 ] Using spritesheet cache size of 910
[ 2026-08-24 22:30:04,147 ] Sound engine initialized with default sound device "Fones de ouvido (JBL WAVE BUDS Stereo)"
[ 2026-08-24 22:30:04,163 ] Switch used audio device to "Fones de ouvido (JBL WAVE BUDS Stereo)"
[ 2026-08-24 22:30:11,096 ] Asset loading complete
[ 2026-08-24 22:30:11,424 ] StartDownload:  QUrl("")
[ 2026-08-24 22:32:25,103 ] News query failed: "Unrecognized event news."
[ 2026-08-24 22:32:26,837 ] BattlEye: "Initialized (v1.249)"
[ 2026-08-24 22:32:26,838 ] BattlEye: "Restarting client is necessary, service isn't running properly"
[ 2026-08-24 22:32:26,838 ] BattlEye: "Restarting client is necessary, update required"
[ 2026-08-24 22:32:26,838 ] BattlEye: "Config entry: GameID tibia"
[ 2026-08-24 22:32:26,838 ] BattlEye: "Config entry: MasterPort 7171"
[ 2026-08-24 22:32:27,056 ] Request connection to gameserver  "tcp://127.0.0.1:7172"  (unprotected:  "tcp://127.0.0.1:7172" )  requested (Charakter "Guerreiro" )
[ 2026-08-24 22:32:27,065 ] Request connection to gameserver  "tcp://127.0.0.1:7172" "Global"
[ 2026-08-24 22:32:27,081 ] Connected to gameserver  "tcp://127.0.0.1:7172" "Global"
[ 2026-08-24 22:32:27,133 ] News query failed: "Unrecognized event news."
[ 2026-08-24 22:32:27,425 ] "updateOrCreateCreatureFromProtobuf: no creature with id 1342217023 found"
[ 2026-08-24 22:32:27,425 ] "updateOrCreateCreatureFromProtobuf: no creature with id 1342204990 found"
[ 2026-08-24 22:32:27,425 ] "updateOrCreateCreatureFromProtobuf: no creature with id 1342204991 found"
[ 2026-08-24 22:32:27,425 ] "updateOrCreateCreatureFromProtobuf: no creature with id 1342205035 found"
[ 2026-08-24 22:32:27,426 ] "updateOrCreateCreatureFromProtobuf: no creature with id 1342205036 found"
[ 2026-08-24 22:32:27,426 ] "updateOrCreateCreatureFromProtobuf: no creature with id 1342205037 found"
[ 2026-08-24 22:32:27,426 ] "updateOrCreateCreatureFromProtobuf: no creature with id 1342205045 found"
[ 2026-08-24 22:32:27,426 ] "updateOrCreateCreatureFromProtobuf: no creature with id 1342205083 found"
[ 2026-08-24 22:32:27,426 ] "updateOrCreateCreatureFromProtobuf: no creature with id 1342217084 found"
[ 2026-08-24 22:32:27,426 ] "updateOrCreateCreatureFromProtobuf: no creature with id 1342217085 found"
[ 2026-08-24 22:32:27,426 ] "updateOrCreateCreatureFromProtobuf: no creature with id 1342205038 found"
[ 2026-08-24 22:32:27,426 ] "updateOrCreateCreatureFromProtobuf: no creature with id 1342205039 found"
[ 2026-08-24 22:32:27,426 ] "updateOrCreateCreatureFromProtobuf: no creature with id 1342205093 found"
[ 2026-08-24 22:32:27,426 ] "updateOrCreateCreatureFromProtobuf: no creature with id 1342205094 found"
[ 2026-08-24 22:48:40,605 ] Connection to gameserver  "tcp://127.0.0.1:7172" "Global"  was disconnected ( "The remote host closed the connection" )
[ 2026-08-24 22:48:40,606 ] StartDownload:  QUrl("")
[ 2026-08-24 22:48:40,874 ] Disconnected from gameserver
[ 2026-08-26 19:19:59,196 ] Using spritesheet cache size of 910
[ 2026-08-26 19:19:59,262 ] Sound engine initialized with default sound device "Alto-falantes (Realtek High Definition Audio(SST))"
[ 2026-08-26 19:19:59,262 ] Switch used audio device to "Alto-falantes (Realtek High Definition Audio(SST))"
[ 2026-08-26 19:20:07,232 ] Asset loading complete
[ 2026-08-26 19:20:07,759 ] StartDownload:  QUrl("")
[ 2026-08-26 19:20:45,579 ] News query failed: "Unrecognized event news."
[ 2026-08-26 19:20:47,146 ] BattlEye: "Initialized (v1.249)"
[ 2026-08-26 19:20:47,146 ] BattlEye: "Restarting client is necessary, service isn't running properly"
[ 2026-08-26 19:20:47,146 ] BattlEye: "Restarting client is necessary, update required"
[ 2026-08-26 19:20:47,146 ] BattlEye: "Config entry: GameID tibia"
[ 2026-08-26 19:20:47,146 ] BattlEye: "Config entry: MasterPort 7171"
[ 2026-08-26 19:20:47,284 ] Request connection to gameserver  "tcp://127.0.0.1:7172"  (unprotected:  "tcp://127.0.0.1:7172" )  requested (Charakter "Guerreiro" )
[ 2026-08-26 19:20:47,295 ] Request connection to gameserver  "tcp://127.0.0.1:7172" "Global"
[ 2026-08-26 19:20:47,311 ] Connected to gameserver  "tcp://127.0.0.1:7172" "Global"
[ 2026-08-26 19:20:47,370 ] News query failed: "Unrecognized event news."
[ 2026-08-26 19:21:05,222 ] Connection to gameserver  "tcp://127.0.0.1:7172" "Global"  was disconnected ( "The remote host closed the connection" )
[ 2026-08-26 19:21:05,223 ] StartDownload:  QUrl("")
[ 2026-08-26 19:21:05,299 ] Disconnected from gameserver
[ 2026-08-26 19:21:05,833 ] News query failed: "Unrecognized event news."
[ 2026-08-26 19:21:07,505 ] Didn't send news query with params (HighPotential: true Returner: true MaxKnownEditDate: 1590979202 ) (URL: QUrl("http://127.0.0.1/login.php") ) due to too many retries.
[ 2026-08-26 19:21:07,580 ] Request connection to gameserver  "tcp://127.0.0.1:7172"  (unprotected:  "tcp://127.0.0.1:7172" )  requested (Charakter "Guerreiro" )
[ 2026-08-26 19:21:07,582 ] Request connection to gameserver  "tcp://127.0.0.1:7172" "Global"
[ 2026-08-26 19:21:07,597 ] Connected to gameserver  "tcp://127.0.0.1:7172" "Global"
[ 2026-08-26 19:21:07,775 ] "updateOrCreateCreatureFromProtobuf: no creature with id 1342204990 found"
[ 2026-08-26 19:21:07,775 ] "updateOrCreateCreatureFromProtobuf: no creature with id 1342204991 found"
[ 2026-08-26 19:21:07,775 ] "updateOrCreateCreatureFromProtobuf: no creature with id 1342205036 found"
[ 2026-08-26 19:21:07,775 ] "updateOrCreateCreatureFromProtobuf: no creature with id 1342205037 found"
[ 2026-08-26 19:21:07,775 ] "updateOrCreateCreatureFromProtobuf: no creature with id 1342205045 found"
[ 2026-08-26 19:21:07,775 ] "updateOrCreateCreatureFromProtobuf: no creature with id 1342205035 found"
[ 2026-08-26 19:21:07,775 ] "updateOrCreateCreatureFromProtobuf: no creature with id 1342205039 found"
[ 2026-08-26 19:21:07,775 ] "updateOrCreateCreatureFromProtobuf: no creature with id 1342205038 found"
[ 2026-08-26 19:25:11,474 ] Connection to gameserver  "tcp://127.0.0.1:7172" "Global"  was disconnected ( "The remote host closed the connection" )
[ 2026-08-26 19:25:11,506 ] StartDownload:  QUrl("")
[ 2026-08-26 19:25:11,739 ] Disconnected from gameserver
[ 2026-08-26 19:32:46,211 ] Didn't send news query with params (HighPotential: true Returner: true MaxKnownEditDate: 1590979202 ) (URL: QUrl("http://127.0.0.1/login.php") ) due to too many retries.
[ 2026-08-26 19:32:47,152 ] Didn't send news query with params (HighPotential: true Returner: true MaxKnownEditDate: 1590979202 ) (URL: QUrl("http://127.0.0.1/login.php") ) due to too many retries.
[ 2026-08-26 19:32:47,304 ] Request connection to gameserver  "tcp://127.0.0.1:7172"  (unprotected:  "tcp://127.0.0.1:7172" )  requested (Charakter "Guerreiro" )
[ 2026-08-26 19:32:47,308 ] Request connection to gameserver  "tcp://127.0.0.1:7172" "Global"
[ 2026-08-26 19:32:47,315 ] Connected to gameserver  "tcp://127.0.0.1:7172" "Global"
[ 2026-08-26 19:32:47,568 ] "updateOrCreateCreatureFromProtobuf: no creature with id 1342204990 found"
[ 2026-08-26 19:32:47,568 ] "updateOrCreateCreatureFromProtobuf: no creature with id 1342204991 found"
[ 2026-08-26 19:32:47,568 ] "updateOrCreateCreatureFromProtobuf: no creature with id 1342205035 found"
[ 2026-08-26 19:32:47,568 ] "updateOrCreateCreatureFromProtobuf: no creature with id 1342205036 found"
[ 2026-08-26 19:32:47,568 ] "updateOrCreateCreatureFromProtobuf: no creature with id 1342205037 found"
[ 2026-08-26 19:32:47,569 ] "updateOrCreateCreatureFromProtobuf: no creature with id 1342205045 found"
[ 2026-08-26 19:32:47,569 ] "updateOrCreateCreatureFromProtobuf: no creature with id 1342205038 found"
[ 2026-08-26 19:32:47,569 ] "updateOrCreateCreatureFromProtobuf: no creature with id 1342205039 found"
[ 2026-08-26 19:32:52,197 ] StartDownload:  QUrl("http://127.0.0.1/images/store/13/Category_PremiumTime.png")
[ 2026-08-26 19:32:52,227 ] StartDownload:  QUrl("http://127.0.0.1/images/store/13/Category_Consumables.png")
[ 2026-08-26 19:32:52,241 ] StartDownload:  QUrl("http://127.0.0.1/images/store/13/Category_Cosmetics.png")
[ 2026-08-26 19:32:52,249 ] StartDownload:  QUrl("http://127.0.0.1/images/store/13/Category_HouseTools.png")
[ 2026-08-26 19:32:52,260 ] StartDownload:  QUrl("http://127.0.0.1/images/store/13/Category_Boosts.png")
[ 2026-08-26 19:32:52,267 ] StartDownload:  QUrl("http://127.0.0.1/images/store/13/Category_Extras.png")
[ 2026-08-26 19:32:52,364 ] StartDownload:  QUrl("http://127.0.0.1/images/store/13/Category_Tournament.png")
[ 2026-08-26 19:32:52,377 ] StartDownload:  QUrl("http://127.0.0.1/images/store/64/Name_Change.png")
[ 2026-08-26 19:32:54,090 ] StartDownload:  QUrl("http://127.0.0.1/images/store/64/Name_Change.png")
[ 2026-08-26 19:32:54,110 ] StartDownload:  QUrl("http://127.0.0.1/images/store/13/Category_Blessings.png")
[ 2026-08-26 19:32:54,111 ] StartDownload:  QUrl("http://127.0.0.1/images/store/13/Category_Casks.png")
[ 2026-08-26 19:32:54,112 ] StartDownload:  QUrl("http://127.0.0.1/images/store/13/Category_ExerciseWeapons.png")
[ 2026-08-26 19:32:54,113 ] StartDownload:  QUrl("http://127.0.0.1/images/store/13/Category_Kegs.png")
[ 2026-08-26 19:32:54,113 ] StartDownload:  QUrl("http://127.0.0.1/images/store/13/Category_Potions.png")
[ 2026-08-26 19:32:54,122 ] QQuickPixmap: connectFinished() called when not loading.
[ 2026-08-26 19:32:54,122 ] QQuickPixmap: connectFinished() called when not loading.
[ 2026-08-26 19:32:54,122 ] QQuickPixmap: connectFinished() called when not loading.
[ 2026-08-26 19:32:54,176 ] StartDownload:  QUrl("http://127.0.0.1/images/store/13/Category_Runes.png")
[ 2026-08-26 19:32:54,179 ] StartDownload:  QUrl("http://127.0.0.1/images/store/64/All_PvE_Blessings.png")
[ 2026-08-26 19:32:54,182 ] StartDownload:  QUrl("http://127.0.0.1/images/store/64/Blood_of_the_Mountain.png")
[ 2026-08-26 19:32:54,187 ] StartDownload:  QUrl("http://127.0.0.1/images/store/64/Death_Redemption.png")
[ 2026-08-26 19:32:54,190 ] StartDownload:  QUrl("http://127.0.0.1/images/store/64/Heart_of_the_Mountain.png")
[ 2026-08-26 19:32:54,196 ] StartDownload:  QUrl("http://127.0.0.1/images/store/64/Embrace_of_Tibia.png")
[ 2026-08-26 19:32:54,199 ] StartDownload:  QUrl("http://127.0.0.1/images/store/64/Fire_of_the_Suns.png")
[ 2026-08-26 19:32:54,204 ] StartDownload:  QUrl("http://127.0.0.1/images/store/64/Spark_of_the_Phoenix.png")
[ 2026-08-26 19:32:54,208 ] StartDownload:  QUrl("http://127.0.0.1/images/store/64/Spiritual_Shielding.png")
[ 2026-08-26 19:32:54,211 ] StartDownload:  QUrl("http://127.0.0.1/images/store/64/Wisdom_of_Solitude.png")
[ 2026-08-26 19:32:55,361 ] QQuickPixmap: connectFinished() called when not loading.
[ 2026-08-26 19:32:55,362 ] QQuickPixmap: connectFinished() called when not loading.
[ 2026-08-26 19:32:55,362 ] QQuickPixmap: connectFinished() called when not loading.
[ 2026-08-26 19:32:55,369 ] StartDownload:  QUrl("http://127.0.0.1/images/store/64/All_PvE_Blessings.png")
[ 2026-08-26 19:32:55,377 ] StartDownload:  QUrl("http://127.0.0.1/images/store/64/Blood_of_the_Mountain.png")
[ 2026-08-26 19:32:55,381 ] StartDownload:  QUrl("http://127.0.0.1/images/store/64/Death_Redemption.png")
[ 2026-08-26 19:32:55,384 ] StartDownload:  QUrl("http://127.0.0.1/images/store/64/Heart_of_the_Mountain.png")
[ 2026-08-26 19:32:55,388 ] StartDownload:  QUrl("http://127.0.0.1/images/store/64/Embrace_of_Tibia.png")
[ 2026-08-26 19:32:55,392 ] QQuickPixmap: connectFinished() called when not loading.
[ 2026-08-26 19:32:55,392 ] QQuickPixmap: connectFinished() called when not loading.
[ 2026-08-26 19:32:55,395 ] StartDownload:  QUrl("http://127.0.0.1/images/store/64/Premium_Time_30.png")
[ 2026-08-26 19:32:55,429 ] StartDownload:  QUrl("http://127.0.0.1/images/store/64/Premium_Time_90.png")
[ 2026-08-26 19:32:55,438 ] StartDownload:  QUrl("http://127.0.0.1/images/store/64/Premium_Time_180.png")
[ 2026-08-26 19:32:55,446 ] StartDownload:  QUrl("http://127.0.0.1/images/store/64/Premium_Time_360.png")
[ 2026-08-26 19:32:57,342 ] QQuickPixmap: connectFinished() called when not loading.
[ 2026-08-26 19:32:57,342 ] QQuickPixmap: connectFinished() called when not loading.
[ 2026-08-26 19:32:57,345 ] StartDownload:  QUrl("http://127.0.0.1/images/store/64/Premium_Time_30.png")
[ 2026-08-26 19:32:57,351 ] StartDownload:  QUrl("http://127.0.0.1/images/store/64/Premium_Time_90.png")
[ 2026-08-26 19:32:57,355 ] StartDownload:  QUrl("http://127.0.0.1/images/store/64/Premium_Time_180.png")
[ 2026-08-26 19:32:57,358 ] StartDownload:  QUrl("http://127.0.0.1/images/store/64/Premium_Time_360.png")
[ 2026-08-26 19:32:57,361 ] StartDownload:  QUrl("http://127.0.0.1/images/store/13/Category_ExtraServices.png")
[ 2026-08-26 19:32:57,362 ] StartDownload:  QUrl("http://127.0.0.1/images/store/13/Category_UsefulThings.png")
[ 2026-08-26 19:32:57,363 ] QQuickPixmap: connectFinished() called when not loading.
[ 2026-08-26 19:32:57,363 ] QQuickPixmap: connectFinished() called when not loading.
[ 2026-08-26 19:32:57,388 ] StartDownload:  QUrl("http://127.0.0.1/images/store/64/Name_Change.png")
[ 2026-08-26 19:32:57,392 ] StartDownload:  QUrl("http://127.0.0.1/images/store/64/Sex_Change.png")
[ 2026-08-26 19:32:58,191 ] StartDownload:  QUrl("http://127.0.0.1/images/store/13/Category_UsefulThings.png")
[ 2026-08-26 19:32:58,317 ] StartDownload:  QUrl("http://127.0.0.1/images/store/13/Category_UsefulThings.png")
[ 2026-08-26 19:32:58,454 ] QQuickPixmap: connectFinished() called when not loading.
[ 2026-08-26 19:32:58,454 ] QQuickPixmap: connectFinished() called when not loading.
[ 2026-08-26 19:32:58,457 ] StartDownload:  QUrl("http://127.0.0.1/images/store/64/Name_Change.png")
[ 2026-08-26 19:32:58,463 ] StartDownload:  QUrl("http://127.0.0.1/images/store/64/Sex_Change.png")
[ 2026-08-26 19:32:58,466 ] StartDownload:  QUrl("http://127.0.0.1/images/store/13/Category_ExtraServices.png")
[ 2026-08-26 19:32:58,468 ] StartDownload:  QUrl("http://127.0.0.1/images/store/13/Category_UsefulThings.png")
[ 2026-08-26 19:32:58,470 ] QQuickPixmap: connectFinished() called when not loading.
[ 2026-08-26 19:32:58,473 ] StartDownload:  QUrl("http://127.0.0.1/images/store/64/Charm_Expansion_Offer.png")
[ 2026-08-26 19:32:58,487 ] StartDownload:  QUrl("http://127.0.0.1/images/store/64/Instant_Reward_Access.png")
[ 2026-08-26 19:32:58,524 ] StartDownload:  QUrl("http://127.0.0.1/images/store/64/Permanent_Prey_Slot.png")
[ 2026-08-26 19:32:58,528 ] StartDownload:  QUrl("http://127.0.0.1/images/store/64/Permanent_Hunting_Task_Slot.png")
[ 2026-08-26 19:32:58,532 ] StartDownload:  QUrl("http://127.0.0.1/images/store/64/Prey_Bonus_Reroll.png")
[ 2026-08-26 19:32:58,533 ] StartDownload:  QUrl("http://127.0.0.1/images/store/64/Temple_Teleport.png")
[ 2026-08-26 19:32:59,452 ] StartDownload:  QUrl("http://127.0.0.1/images/store/13/Category_ExtraServices.png")
[ 2026-08-26 19:32:59,562 ] StartDownload:  QUrl("http://127.0.0.1/images/store/13/Category_ExtraServices.png")
[ 2026-08-26 19:32:59,705 ] QQuickPixmap: connectFinished() called when not loading.
[ 2026-08-26 19:32:59,706 ] QQuickPixmap: connectFinished() called when not loading.
[ 2026-08-26 19:32:59,709 ] StartDownload:  QUrl("http://127.0.0.1/images/store/64/Charm_Expansion_Offer.png")
[ 2026-08-26 19:32:59,721 ] StartDownload:  QUrl("http://127.0.0.1/images/store/64/Instant_Reward_Access.png")
[ 2026-08-26 19:32:59,727 ] StartDownload:  QUrl("http://127.0.0.1/images/store/13/Category_ExtraServices.png")
[ 2026-08-26 19:32:59,729 ] StartDownload:  QUrl("http://127.0.0.1/images/store/13/Category_UsefulThings.png")
[ 2026-08-26 19:32:59,731 ] QQuickPixmap: connectFinished() called when not loading.
[ 2026-08-26 19:32:59,734 ] StartDownload:  QUrl("http://127.0.0.1/images/store/64/Name_Change.png")
[ 2026-08-26 19:32:59,741 ] StartDownload:  QUrl("http://127.0.0.1/images/store/64/Sex_Change.png")
[ 2026-08-26 19:33:01,110 ] StartDownload:  QUrl("http://127.0.0.1/images/store/13/Category_UsefulThings.png")
[ 2026-08-26 19:33:01,175 ] StartDownload:  QUrl("http://127.0.0.1/images/store/13/Category_UsefulThings.png")
[ 2026-08-26 19:33:01,320 ] QQuickPixmap: connectFinished() called when not loading.
[ 2026-08-26 19:33:01,320 ] QQuickPixmap: connectFinished() called when not loading.
[ 2026-08-26 19:33:01,324 ] StartDownload:  QUrl("http://127.0.0.1/images/store/64/Name_Change.png")
[ 2026-08-26 19:33:01,331 ] StartDownload:  QUrl("http://127.0.0.1/images/store/64/Sex_Change.png")
[ 2026-08-26 19:33:01,334 ] StartDownload:  QUrl("http://127.0.0.1/images/store/13/Category_ExtraServices.png")
[ 2026-08-26 19:33:01,336 ] StartDownload:  QUrl("http://127.0.0.1/images/store/13/Category_UsefulThings.png")
[ 2026-08-26 19:33:01,337 ] QQuickPixmap: connectFinished() called when not loading.
[ 2026-08-26 19:33:01,341 ] StartDownload:  QUrl("http://127.0.0.1/images/store/64/Charm_Expansion_Offer.png")
[ 2026-08-26 19:33:01,353 ] StartDownload:  QUrl("http://127.0.0.1/images/store/64/Instant_Reward_Access.png")
[ 2026-08-26 19:33:01,383 ] StartDownload:  QUrl("http://127.0.0.1/images/store/64/Permanent_Prey_Slot.png")
[ 2026-08-26 19:33:01,385 ] StartDownload:  QUrl("http://127.0.0.1/images/store/64/Permanent_Hunting_Task_Slot.png")
[ 2026-08-26 19:33:01,386 ] StartDownload:  QUrl("http://127.0.0.1/images/store/64/Prey_Bonus_Reroll.png")
[ 2026-08-26 19:33:01,387 ] StartDownload:  QUrl("http://127.0.0.1/images/store/64/Temple_Teleport.png")
[ 2026-08-26 19:33:03,720 ] StartDownload:  QUrl("http://127.0.0.1/images/store/13/Category_ExtraServices.png")
[ 2026-08-26 19:33:03,777 ] StartDownload:  QUrl("http://127.0.0.1/images/store/13/Category_ExtraServices.png")
[ 2026-08-26 19:33:03,920 ] QQuickPixmap: connectFinished() called when not loading.
[ 2026-08-26 19:33:03,920 ] QQuickPixmap: connectFinished() called when not loading.
[ 2026-08-26 19:33:03,924 ] StartDownload:  QUrl("http://127.0.0.1/images/store/64/Charm_Expansion_Offer.png")
[ 2026-08-26 19:33:03,936 ] StartDownload:  QUrl("http://127.0.0.1/images/store/64/Instant_Reward_Access.png")
[ 2026-08-26 19:33:03,942 ] StartDownload:  QUrl("http://127.0.0.1/images/store/13/Category_ExtraServices.png")
[ 2026-08-26 19:33:03,943 ] StartDownload:  QUrl("http://127.0.0.1/images/store/13/Category_UsefulThings.png")
[ 2026-08-26 19:33:03,945 ] QQuickPixmap: connectFinished() called when not loading.
[ 2026-08-26 19:33:03,949 ] StartDownload:  QUrl("http://127.0.0.1/images/store/64/Name_Change.png")
[ 2026-08-26 19:33:03,956 ] StartDownload:  QUrl("http://127.0.0.1/images/store/64/Sex_Change.png")
[ 2026-08-26 19:39:10,426 ] Retrying to obtain clipboard.
[ 2026-08-26 19:40:50,833 ] StartDownload:  QUrl("http://127.0.0.1/images/store/13/Category_PremiumTime.png")
[ 2026-08-26 19:40:50,834 ] StartDownload:  QUrl("http://127.0.0.1/images/store/13/Category_Consumables.png")
[ 2026-08-26 19:40:50,835 ] StartDownload:  QUrl("http://127.0.0.1/images/store/13/Category_Cosmetics.png")
[ 2026-08-26 19:40:50,836 ] StartDownload:  QUrl("http://127.0.0.1/images/store/13/Category_HouseTools.png")
[ 2026-08-26 19:40:50,837 ] StartDownload:  QUrl("http://127.0.0.1/images/store/13/Category_Boosts.png")
[ 2026-08-26 19:40:50,838 ] StartDownload:  QUrl("http://127.0.0.1/images/store/13/Category_Extras.png")
[ 2026-08-26 19:40:50,879 ] StartDownload:  QUrl("http://127.0.0.1/images/store/13/Category_Tournament.png")
[ 2026-08-26 19:40:50,880 ] StartDownload:  QUrl("http://127.0.0.1/images/store/64/Name_Change.png")
[ 2026-08-26 19:40:51,749 ] StartDownload:  QUrl("http://127.0.0.1/images/store/64/Name_Change.png")
[ 2026-08-26 19:40:51,769 ] QQuickPixmap: connectFinished() called when not loading.
[ 2026-08-26 19:40:51,769 ] QQuickPixmap: connectFinished() called when not loading.
[ 2026-08-26 19:40:51,772 ] StartDownload:  QUrl("http://127.0.0.1/images/store/64/Premium_Time_30.png")
[ 2026-08-26 19:40:51,779 ] StartDownload:  QUrl("http://127.0.0.1/images/store/64/Premium_Time_90.png")
[ 2026-08-26 19:40:51,783 ] StartDownload:  QUrl("http://127.0.0.1/images/store/64/Premium_Time_180.png")
[ 2026-08-26 19:40:51,787 ] StartDownload:  QUrl("http://127.0.0.1/images/store/64/Premium_Time_360.png")
[ 2026-08-26 19:40:52,748 ] QQuickPixmap: connectFinished() called when not loading.
[ 2026-08-26 19:40:52,748 ] QQuickPixmap: connectFinished() called when not loading.
[ 2026-08-26 19:40:52,751 ] StartDownload:  QUrl("http://127.0.0.1/images/store/64/Premium_Time_30.png")
[ 2026-08-26 19:40:52,759 ] StartDownload:  QUrl("http://127.0.0.1/images/store/64/Premium_Time_90.png")
[ 2026-08-26 19:40:52,763 ] StartDownload:  QUrl("http://127.0.0.1/images/store/64/Premium_Time_180.png")
[ 2026-08-26 19:40:52,767 ] StartDownload:  QUrl("http://127.0.0.1/images/store/64/Premium_Time_360.png")
[ 2026-08-26 19:40:52,770 ] StartDownload:  QUrl("http://127.0.0.1/images/store/13/Category_Blessings.png")
[ 2026-08-26 19:40:52,771 ] StartDownload:  QUrl("http://127.0.0.1/images/store/13/Category_Casks.png")
[ 2026-08-26 19:40:52,774 ] QQuickPixmap: connectFinished() called when not loading.
[ 2026-08-26 19:40:52,774 ] QQuickPixmap: connectFinished() called when not loading.
[ 2026-08-26 19:40:52,775 ] QQuickPixmap: connectFinished() called when not loading.
[ 2026-08-26 19:40:52,825 ] StartDownload:  QUrl("http://127.0.0.1/images/store/13/Category_ExerciseWeapons.png")
[ 2026-08-26 19:40:52,826 ] StartDownload:  QUrl("http://127.0.0.1/images/store/13/Category_Kegs.png")
[ 2026-08-26 19:40:52,828 ] StartDownload:  QUrl("http://127.0.0.1/images/store/13/Category_Potions.png")
[ 2026-08-26 19:40:52,829 ] StartDownload:  QUrl("http://127.0.0.1/images/store/13/Category_Runes.png")
[ 2026-08-26 19:40:52,830 ] StartDownload:  QUrl("http://127.0.0.1/images/store/64/All_PvE_Blessings.png")
[ 2026-08-26 19:40:52,831 ] StartDownload:  QUrl("http://127.0.0.1/images/store/64/Blood_of_the_Mountain.png")
[ 2026-08-26 19:40:52,835 ] StartDownload:  QUrl("http://127.0.0.1/images/store/64/Death_Redemption.png")
[ 2026-08-26 19:40:52,836 ] StartDownload:  QUrl("http://127.0.0.1/images/store/64/Heart_of_the_Mountain.png")
[ 2026-08-26 19:40:52,837 ] StartDownload:  QUrl("http://127.0.0.1/images/store/64/Embrace_of_Tibia.png")
[ 2026-08-26 19:40:52,838 ] StartDownload:  QUrl("http://127.0.0.1/images/store/64/Fire_of_the_Suns.png")
[ 2026-08-26 19:40:52,839 ] StartDownload:  QUrl("http://127.0.0.1/images/store/64/Spark_of_the_Phoenix.png")
[ 2026-08-26 19:40:52,840 ] StartDownload:  QUrl("http://127.0.0.1/images/store/64/Spiritual_Shielding.png")
[ 2026-08-26 19:40:52,844 ] StartDownload:  QUrl("http://127.0.0.1/images/store/64/Wisdom_of_Solitude.png")
[ 2026-08-26 19:40:54,753 ] QQuickPixmap: connectFinished() called when not loading.
[ 2026-08-26 19:40:54,753 ] QQuickPixmap: connectFinished() called when not loading.
[ 2026-08-26 19:40:54,753 ] QQuickPixmap: connectFinished() called when not loading.
[ 2026-08-26 19:40:54,760 ] StartDownload:  QUrl("http://127.0.0.1/images/store/64/All_PvE_Blessings.png")
[ 2026-08-26 19:40:54,772 ] StartDownload:  QUrl("http://127.0.0.1/images/store/64/Blood_of_the_Mountain.png")
[ 2026-08-26 19:40:54,778 ] StartDownload:  QUrl("http://127.0.0.1/images/store/64/Death_Redemption.png")
[ 2026-08-26 19:40:54,782 ] StartDownload:  QUrl("http://127.0.0.1/images/store/64/Heart_of_the_Mountain.png")
[ 2026-08-26 19:40:54,786 ] StartDownload:  QUrl("http://127.0.0.1/images/store/64/Embrace_of_Tibia.png")
[ 2026-08-26 19:40:54,790 ] StartDownload:  QUrl("http://127.0.0.1/images/store/13/Category_ExtraServices.png")
[ 2026-08-26 19:40:54,817 ] StartDownload:  QUrl("http://127.0.0.1/images/store/13/Category_UsefulThings.png")
[ 2026-08-26 19:40:54,818 ] StartDownload:  QUrl("http://127.0.0.1/images/store/64/Name_Change.png")
[ 2026-08-26 19:40:54,819 ] StartDownload:  QUrl("http://127.0.0.1/images/store/64/Sex_Change.png")
[ 2026-08-26 19:40:55,919 ] QQuickPixmap: connectFinished() called when not loading.
[ 2026-08-26 19:40:55,920 ] QQuickPixmap: connectFinished() called when not loading.
[ 2026-08-26 19:40:55,923 ] StartDownload:  QUrl("http://127.0.0.1/images/store/64/Name_Change.png")
[ 2026-08-26 19:40:55,929 ] StartDownload:  QUrl("http://127.0.0.1/images/store/64/Sex_Change.png")
[ 2026-08-26 19:40:55,932 ] StartDownload:  QUrl("http://127.0.0.1/images/store/13/Category_HouseDecorations.png")
[ 2026-08-26 19:40:55,933 ] StartDownload:  QUrl("http://127.0.0.1/images/store/13/Category_HouseFurniture.png")
[ 2026-08-26 19:40:55,933 ] StartDownload:  QUrl("http://127.0.0.1/images/store/13/Category_Beds.png")
[ 2026-08-26 19:40:55,934 ] StartDownload:  QUrl("http://127.0.0.1/images/store/13/Category_HouseUpgrades.png")
[ 2026-08-26 19:40:55,937 ] QQuickPixmap: connectFinished() called when not loading.
[ 2026-08-26 19:40:55,937 ] QQuickPixmap: connectFinished() called when not loading.
[ 2026-08-26 19:40:55,938 ] QQuickPixmap: connectFinished() called when not loading.
[ 2026-08-26 19:40:55,938 ] QQuickPixmap: connectFinished() called when not loading.
[ 2026-08-26 19:40:55,938 ] QQuickPixmap: connectFinished() called when not loading.
[ 2026-08-26 19:40:56,005 ] StartDownload:  QUrl("http://127.0.0.1/images/store/13/Category_HouseTools_NPCApprenticeships.png")
[ 2026-08-26 19:40:56,009 ] StartDownload:  QUrl("http://127.0.0.1/images/store/13/Category_HouseTools_NPCDresses.png")
[ 2026-08-26 19:40:56,421 ] QQuickPixmap: connectFinished() called when not loading.
[ 2026-08-26 19:40:56,421 ] QQuickPixmap: connectFinished() called when not loading.
[ 2026-08-26 19:40:56,421 ] QQuickPixmap: connectFinished() called when not loading.
[ 2026-08-26 19:40:56,422 ] QQuickPixmap: connectFinished() called when not loading.
[ 2026-08-26 19:40:56,422 ] QQuickPixmap: connectFinished() called when not loading.
[ 2026-08-26 19:40:56,446 ] StartDownload:  QUrl("http://127.0.0.1/images/store/13/Category_Mounts.png")
[ 2026-08-26 19:40:56,458 ] StartDownload:  QUrl("http://127.0.0.1/images/store/13/Category_Outfits.png")
[ 2026-08-26 19:40:56,472 ] QQuickPixmap: connectFinished() called when not loading.
[ 2026-08-26 19:40:56,473 ] QQuickPixmap: connectFinished() called when not loading.
[ 2026-08-26 19:40:57,801 ] QQuickPixmap: connectFinished() called when not loading.
[ 2026-08-26 19:40:57,801 ] QQuickPixmap: connectFinished() called when not loading.
[ 2026-08-26 19:40:57,820 ] StartDownload:  QUrl("http://127.0.0.1/images/store/13/Category_Blessings.png")
[ 2026-08-26 19:40:57,822 ] StartDownload:  QUrl("http://127.0.0.1/images/store/13/Category_Casks.png")
[ 2026-08-26 19:40:57,823 ] StartDownload:  QUrl("http://127.0.0.1/images/store/13/Category_ExerciseWeapons.png")
[ 2026-08-26 19:40:57,824 ] StartDownload:  QUrl("http://127.0.0.1/images/store/13/Category_Kegs.png")
[ 2026-08-26 19:40:57,825 ] StartDownload:  QUrl("http://127.0.0.1/images/store/13/Category_Potions.png")
[ 2026-08-26 19:40:57,826 ] StartDownload:  QUrl("http://127.0.0.1/images/store/13/Category_Runes.png")
[ 2026-08-26 19:40:57,829 ] QQuickPixmap: connectFinished() called when not loading.
[ 2026-08-26 19:40:57,829 ] QQuickPixmap: connectFinished() called when not loading.
[ 2026-08-26 19:40:57,882 ] StartDownload:  QUrl("http://127.0.0.1/images/store/64/All_PvE_Blessings.png")
[ 2026-08-26 19:40:57,884 ] StartDownload:  QUrl("http://127.0.0.1/images/store/64/Blood_of_the_Mountain.png")
[ 2026-08-26 19:40:57,885 ] StartDownload:  QUrl("http://127.0.0.1/images/store/64/Death_Redemption.png")
[ 2026-08-26 19:40:57,887 ] StartDownload:  QUrl("http://127.0.0.1/images/store/64/Heart_of_the_Mountain.png")
[ 2026-08-26 19:40:57,888 ] StartDownload:  QUrl("http://127.0.0.1/images/store/64/Embrace_of_Tibia.png")
[ 2026-08-26 19:40:57,889 ] StartDownload:  QUrl("http://127.0.0.1/images/store/64/Fire_of_the_Suns.png")
[ 2026-08-26 19:40:57,893 ] StartDownload:  QUrl("http://127.0.0.1/images/store/64/Spark_of_the_Phoenix.png")
[ 2026-08-26 19:40:57,895 ] StartDownload:  QUrl("http://127.0.0.1/images/store/64/Spiritual_Shielding.png")
[ 2026-08-26 19:40:57,896 ] StartDownload:  QUrl("http://127.0.0.1/images/store/64/Wisdom_of_Solitude.png")
[ 2026-08-26 19:40:58,490 ] StartDownload:  QUrl("http://127.0.0.1/images/store/13/Category_Casks.png")
[ 2026-08-26 19:40:58,563 ] StartDownload:  QUrl("http://127.0.0.1/images/store/13/Category_Casks.png")
[ 2026-08-26 19:40:58,705 ] QQuickPixmap: connectFinished() called when not loading.
[ 2026-08-26 19:40:58,705 ] QQuickPixmap: connectFinished() called when not loading.
[ 2026-08-26 19:40:58,706 ] QQuickPixmap: connectFinished() called when not loading.
[ 2026-08-26 19:40:58,714 ] StartDownload:  QUrl("http://127.0.0.1/images/store/64/All_PvE_Blessings.png")
[ 2026-08-26 19:40:58,733 ] StartDownload:  QUrl("http://127.0.0.1/images/store/64/Blood_of_the_Mountain.png")
[ 2026-08-26 19:40:58,737 ] StartDownload:  QUrl("http://127.0.0.1/images/store/64/Death_Redemption.png")
[ 2026-08-26 19:40:58,741 ] StartDownload:  QUrl("http://127.0.0.1/images/store/64/Heart_of_the_Mountain.png")
[ 2026-08-26 19:40:58,746 ] StartDownload:  QUrl("http://127.0.0.1/images/store/64/Embrace_of_Tibia.png")
[ 2026-08-26 19:40:58,749 ] StartDownload:  QUrl("http://127.0.0.1/images/store/13/Category_Blessings.png")
[ 2026-08-26 19:40:58,751 ] QQuickPixmap: connectFinished() called when not loading.
[ 2026-08-26 19:40:58,752 ] QQuickPixmap: connectFinished() called when not loading.
[ 2026-08-26 19:40:58,752 ] QQuickPixmap: connectFinished() called when not loading.
[ 2026-08-26 19:40:58,753 ] QQuickPixmap: connectFinished() called when not loading.
[ 2026-08-26 19:40:58,753 ] QQuickPixmap: connectFinished() called when not loading.
[ 2026-08-26 19:40:58,754 ] QQuickPixmap: connectFinished() called when not loading.
[ 2026-08-26 19:40:58,818 ] StartDownload:  QUrl("http://127.0.0.1/images/store/13/Category_Casks.png")
[ 2026-08-26 19:40:59,099 ] StartDownload:  QUrl("http://127.0.0.1/images/store/13/Category_ExerciseWeapons.png")
[ 2026-08-26 19:40:59,185 ] StartDownload:  QUrl("http://127.0.0.1/images/store/13/Category_ExerciseWeapons.png")
[ 2026-08-26 19:40:59,328 ] QQuickPixmap: connectFinished() called when not loading.
[ 2026-08-26 19:40:59,329 ] QQuickPixmap: connectFinished() called when not loading.
[ 2026-08-26 19:40:59,329 ] QQuickPixmap: connectFinished() called when not loading.
[ 2026-08-26 19:40:59,329 ] QQuickPixmap: connectFinished() called when not loading.
[ 2026-08-26 19:40:59,330 ] QQuickPixmap: connectFinished() called when not loading.
[ 2026-08-26 19:40:59,330 ] QQuickPixmap: connectFinished() called when not loading.
[ 2026-08-26 19:40:59,331 ] QQuickPixmap: connectFinished() called when not loading.
[ 2026-08-26 19:40:59,350 ] StartDownload:  QUrl("http://127.0.0.1/images/store/13/Category_Casks.png")
[ 2026-08-26 19:40:59,352 ] StartDownload:  QUrl("http://127.0.0.1/images/store/13/Category_ExerciseWeapons.png")
[ 2026-08-26 19:40:59,354 ] QQuickPixmap: connectFinished() called when not loading.
[ 2026-08-26 19:40:59,689 ] StartDownload:  QUrl("http://127.0.0.1/images/store/13/Category_Kegs.png")
[ 2026-08-26 19:40:59,778 ] StartDownload:  QUrl("http://127.0.0.1/images/store/13/Category_Kegs.png")
[ 2026-08-26 19:40:59,920 ] QQuickPixmap: connectFinished() called when not loading.
[ 2026-08-26 19:40:59,920 ] QQuickPixmap: connectFinished() called when not loading.
[ 2026-08-26 19:40:59,921 ] QQuickPixmap: connectFinished() called when not loading.
[ 2026-08-26 19:40:59,939 ] StartDownload:  QUrl("http://127.0.0.1/images/store/13/Category_ExerciseWeapons.png")
[ 2026-08-26 19:40:59,941 ] StartDownload:  QUrl("http://127.0.0.1/images/store/13/Category_Kegs.png")
[ 2026-08-26 19:40:59,943 ] QQuickPixmap: connectFinished() called when not loading.
[ 2026-08-26 19:41:00,807 ] StartDownload:  QUrl("http://127.0.0.1/images/store/13/Category_Potions.png")
[ 2026-08-26 19:41:00,888 ] StartDownload:  QUrl("http://127.0.0.1/images/store/13/Category_Potions.png")
[ 2026-08-26 19:41:01,035 ] QQuickPixmap: connectFinished() called when not loading.
[ 2026-08-26 19:41:01,036 ] QQuickPixmap: connectFinished() called when not loading.
[ 2026-08-26 19:41:01,036 ] QQuickPixmap: connectFinished() called when not loading.
[ 2026-08-26 19:41:01,037 ] QQuickPixmap: connectFinished() called when not loading.
[ 2026-08-26 19:41:01,056 ] StartDownload:  QUrl("http://127.0.0.1/images/store/13/Category_Kegs.png")
[ 2026-08-26 19:41:01,057 ] StartDownload:  QUrl("http://127.0.0.1/images/store/13/Category_Potions.png")
[ 2026-08-26 19:41:01,060 ] QQuickPixmap: connectFinished() called when not loading.
[ 2026-08-26 19:41:01,060 ] QQuickPixmap: connectFinished() called when not loading.
[ 2026-08-26 19:41:01,340 ] StartDownload:  QUrl("http://127.0.0.1/images/store/13/Category_Runes.png")
[ 2026-08-26 19:41:01,412 ] StartDownload:  QUrl("http://127.0.0.1/images/store/13/Category_Runes.png")
[ 2026-08-26 19:41:01,553 ] QQuickPixmap: connectFinished() called when not loading.
[ 2026-08-26 19:41:01,554 ] QQuickPixmap: connectFinished() called when not loading.
[ 2026-08-26 19:41:01,554 ] QQuickPixmap: connectFinished() called when not loading.
[ 2026-08-26 19:41:01,555 ] QQuickPixmap: connectFinished() called when not loading.
[ 2026-08-26 19:41:01,555 ] QQuickPixmap: connectFinished() called when not loading.
[ 2026-08-26 19:41:01,585 ] StartDownload:  QUrl("http://127.0.0.1/images/store/13/Category_Potions.png")
[ 2026-08-26 19:41:01,586 ] StartDownload:  QUrl("http://127.0.0.1/images/store/13/Category_Runes.png")
[ 2026-08-26 19:41:02,337 ] StartDownload:  QUrl("http://127.0.0.1/images/store/13/Category_Kegs.png")
[ 2026-08-26 19:41:02,403 ] StartDownload:  QUrl("http://127.0.0.1/images/store/13/Category_Kegs.png")
[ 2026-08-26 19:41:02,543 ] QQuickPixmap: connectFinished() called when not loading.
[ 2026-08-26 19:41:02,544 ] QQuickPixmap: connectFinished() called when not loading.
[ 2026-08-26 19:41:02,544 ] QQuickPixmap: connectFinished() called when not loading.
[ 2026-08-26 19:41:02,545 ] QQuickPixmap: connectFinished() called when not loading.
[ 2026-08-26 19:41:02,545 ] QQuickPixmap: connectFinished() called when not loading.
[ 2026-08-26 19:41:02,566 ] StartDownload:  QUrl("http://127.0.0.1/images/store/13/Category_Kegs.png")
[ 2026-08-26 19:41:02,567 ] StartDownload:  QUrl("http://127.0.0.1/images/store/13/Category_Runes.png")
[ 2026-08-26 19:41:02,569 ] QQuickPixmap: connectFinished() called when not loading.
[ 2026-08-26 19:41:04,700 ] StartDownload:  QUrl("http://127.0.0.1/images/store/13/Category_PremiumTime.png")
[ 2026-08-26 19:41:04,702 ] StartDownload:  QUrl("http://127.0.0.1/images/store/13/Category_Consumables.png")
[ 2026-08-26 19:41:04,703 ] StartDownload:  QUrl("http://127.0.0.1/images/store/13/Category_Blessings.png")
[ 2026-08-26 19:41:04,704 ] StartDownload:  QUrl("http://127.0.0.1/images/store/13/Category_Casks.png")
[ 2026-08-26 19:41:04,706 ] StartDownload:  QUrl("http://127.0.0.1/images/store/13/Category_ExerciseWeapons.png")
[ 2026-08-26 19:41:04,707 ] StartDownload:  QUrl("http://127.0.0.1/images/store/13/Category_Kegs.png")
[ 2026-08-26 19:41:04,723 ] StartDownload:  QUrl("http://127.0.0.1/images/store/13/Category_Potions.png")
[ 2026-08-26 19:41:04,725 ] StartDownload:  QUrl("http://127.0.0.1/images/store/13/Category_Runes.png")
[ 2026-08-26 19:41:04,726 ] StartDownload:  QUrl("http://127.0.0.1/images/store/13/Category_Cosmetics.png")
[ 2026-08-26 19:41:04,728 ] StartDownload:  QUrl("http://127.0.0.1/images/store/13/Category_HouseTools.png")
[ 2026-08-26 19:41:04,729 ] StartDownload:  QUrl("http://127.0.0.1/images/store/13/Category_Boosts.png")
[ 2026-08-26 19:41:04,731 ] StartDownload:  QUrl("http://127.0.0.1/images/store/13/Category_Extras.png")
[ 2026-08-26 19:41:04,735 ] StartDownload:  QUrl("http://127.0.0.1/images/store/13/Category_Tournament.png")
[ 2026-08-26 19:41:05,376 ] StartDownload:  QUrl("http://127.0.0.1/images/store/13/Category_PremiumTime.png")
[ 2026-08-26 19:41:05,378 ] StartDownload:  QUrl("http://127.0.0.1/images/store/13/Category_Consumables.png")
[ 2026-08-26 19:41:05,381 ] StartDownload:  QUrl("http://127.0.0.1/images/store/13/Category_Blessings.png")
[ 2026-08-26 19:41:05,384 ] StartDownload:  QUrl("http://127.0.0.1/images/store/13/Category_Casks.png")
[ 2026-08-26 19:41:05,386 ] StartDownload:  QUrl("http://127.0.0.1/images/store/13/Category_ExerciseWeapons.png")
[ 2026-08-26 19:41:05,387 ] StartDownload:  QUrl("http://127.0.0.1/images/store/13/Category_Kegs.png")
[ 2026-08-26 19:41:05,413 ] StartDownload:  QUrl("http://127.0.0.1/images/store/13/Category_Potions.png")
[ 2026-08-26 19:41:05,414 ] StartDownload:  QUrl("http://127.0.0.1/images/store/13/Category_Runes.png")
[ 2026-08-26 19:41:05,416 ] StartDownload:  QUrl("http://127.0.0.1/images/store/13/Category_Cosmetics.png")
[ 2026-08-26 19:41:05,417 ] StartDownload:  QUrl("http://127.0.0.1/images/store/13/Category_HouseTools.png")
[ 2026-08-26 19:41:05,419 ] StartDownload:  QUrl("http://127.0.0.1/images/store/13/Category_Boosts.png")
[ 2026-08-26 19:41:05,420 ] StartDownload:  QUrl("http://127.0.0.1/images/store/13/Category_Extras.png")
[ 2026-08-26 19:41:05,423 ] StartDownload:  QUrl("http://127.0.0.1/images/store/13/Category_Tournament.png")
[ 2026-08-26 19:41:05,758 ] StartDownload:  QUrl("http://127.0.0.1/images/store/13/Category_PremiumTime.png")
[ 2026-08-26 19:41:05,760 ] StartDownload:  QUrl("http://127.0.0.1/images/store/13/Category_Consumables.png")
[ 2026-08-26 19:41:05,761 ] StartDownload:  QUrl("http://127.0.0.1/images/store/13/Category_Blessings.png")
[ 2026-08-26 19:41:05,763 ] StartDownload:  QUrl("http://127.0.0.1/images/store/13/Category_Casks.png")
[ 2026-08-26 19:41:05,764 ] StartDownload:  QUrl("http://127.0.0.1/images/store/13/Category_ExerciseWeapons.png")
[ 2026-08-26 19:41:05,765 ] StartDownload:  QUrl("http://127.0.0.1/images/store/13/Category_Kegs.png")
[ 2026-08-26 19:41:05,774 ] StartDownload:  QUrl("http://127.0.0.1/images/store/13/Category_Potions.png")
[ 2026-08-26 19:41:05,776 ] StartDownload:  QUrl("http://127.0.0.1/images/store/13/Category_Runes.png")
[ 2026-08-26 19:41:05,778 ] StartDownload:  QUrl("http://127.0.0.1/images/store/13/Category_Cosmetics.png")
[ 2026-08-26 19:41:05,779 ] StartDownload:  QUrl("http://127.0.0.1/images/store/13/Category_HouseTools.png")
[ 2026-08-26 19:41:05,780 ] StartDownload:  QUrl("http://127.0.0.1/images/store/13/Category_Boosts.png")
[ 2026-08-26 19:41:05,782 ] StartDownload:  QUrl("http://127.0.0.1/images/store/13/Category_Extras.png")
[ 2026-08-26 19:41:05,787 ] StartDownload:  QUrl("http://127.0.0.1/images/store/13/Category_Tournament.png")
[ 2026-08-26 19:43:24,970 ] Connection to gameserver  "tcp://127.0.0.1:7172" "Global"  was disconnected ( "The remote host closed the connection" )
[ 2026-08-26 19:43:24,977 ] StartDownload:  QUrl("")
[ 2026-08-26 19:43:25,054 ] Disconnected from gameserver
[ 2026-08-26 19:46:03,182 ] Didn't send news query with params (HighPotential: true Returner: true MaxKnownEditDate: 1590979202 ) (URL: QUrl("http://127.0.0.1/login.php") ) due to too many retries.
[ 2026-08-26 19:46:04,018 ] Didn't send news query with params (HighPotential: true Returner: true MaxKnownEditDate: 1590979202 ) (URL: QUrl("http://127.0.0.1/login.php") ) due to too many retries.
[ 2026-08-26 19:46:04,083 ] Request connection to gameserver  "tcp://127.0.0.1:7172"  (unprotected:  "tcp://127.0.0.1:7172" )  requested (Charakter "Guerreiro" )
[ 2026-08-26 19:46:04,090 ] Request connection to gameserver  "tcp://127.0.0.1:7172" "Global"
[ 2026-08-26 19:46:04,105 ] Connected to gameserver  "tcp://127.0.0.1:7172" "Global"
[ 2026-08-26 19:46:09,212 ] "updateOrCreateCreatureFromProtobuf: no creature with id 1342204935 found"
[ 2026-08-26 19:46:09,212 ] "updateOrCreateCreatureFromProtobuf: no creature with id 1342204990 found"
[ 2026-08-26 19:46:09,212 ] "updateOrCreateCreatureFromProtobuf: no creature with id 1342204991 found"
[ 2026-08-26 19:46:09,212 ] "updateOrCreateCreatureFromProtobuf: no creature with id 1342205035 found"
[ 2026-08-26 19:46:09,212 ] "updateOrCreateCreatureFromProtobuf: no creature with id 1342205036 found"
[ 2026-08-26 19:46:09,212 ] "updateOrCreateCreatureFromProtobuf: no creature with id 1342205037 found"
[ 2026-08-26 19:46:09,213 ] "updateOrCreateCreatureFromProtobuf: no creature with id 1342205045 found"
[ 2026-08-26 19:46:09,213 ] "updateOrCreateCreatureFromProtobuf: no creature with id 1342205038 found"
[ 2026-08-26 19:46:09,213 ] "updateOrCreateCreatureFromProtobuf: no creature with id 1342205039 found"
[ 2026-08-26 19:46:17,371 ] Connection to gameserver  "tcp://127.0.0.1:7172" "Global"  was disconnected ( "The remote host closed the connection" )
[ 2026-08-26 19:46:17,371 ] StartDownload:  QUrl("")
[ 2026-08-26 19:46:17,433 ] Disconnected from gameserver
[ 2026-08-26 19:46:17,482 ] Didn't send news query with params (HighPotential: true Returner: true MaxKnownEditDate: 1590979202 ) (URL: QUrl("http://127.0.0.1/login.php") ) due to too many retries.
[ 2026-08-26 21:23:34,204 ] Didn't send news query with params (HighPotential: true Returner: true MaxKnownEditDate: 1590979202 ) (URL: QUrl("http://127.0.0.1/login.php") ) due to too many retries.
[ 2026-08-26 21:23:35,305 ] Didn't send news query with params (HighPotential: true Returner: true MaxKnownEditDate: 1590979202 ) (URL: QUrl("http://127.0.0.1/login.php") ) due to too many retries.
[ 2026-08-26 21:23:35,375 ] Request connection to gameserver  "tcp://127.0.0.1:7172"  (unprotected:  "tcp://127.0.0.1:7172" )  requested (Charakter "Guerreiro" )
[ 2026-08-26 21:23:35,381 ] Request connection to gameserver  "tcp://127.0.0.1:7172" "Global"
[ 2026-08-26 21:23:35,396 ] Connected to gameserver  "tcp://127.0.0.1:7172" "Global"
[ 2026-08-26 21:23:35,647 ] "updateOrCreateCreatureFromProtobuf: no creature with id 1342204935 found"
[ 2026-08-26 21:23:35,647 ] "updateOrCreateCreatureFromProtobuf: no creature with id 1342204990 found"
[ 2026-08-26 21:23:35,647 ] "updateOrCreateCreatureFromProtobuf: no creature with id 1342204991 found"
[ 2026-08-26 21:23:35,647 ] "updateOrCreateCreatureFromProtobuf: no creature with id 1342205035 found"
[ 2026-08-26 21:23:35,647 ] "updateOrCreateCreatureFromProtobuf: no creature with id 1342205036 found"
[ 2026-08-26 21:23:35,647 ] "updateOrCreateCreatureFromProtobuf: no creature with id 1342205037 found"
[ 2026-08-26 21:23:35,647 ] "updateOrCreateCreatureFromProtobuf: no creature with id 1342205045 found"
[ 2026-08-26 21:23:35,647 ] "updateOrCreateCreatureFromProtobuf: no creature with id 1342205038 found"
[ 2026-08-26 21:23:35,647 ] "updateOrCreateCreatureFromProtobuf: no creature with id 1342205039 found"
[ 2026-08-26 21:23:37,698 ] StartDownload:  QUrl("http://127.0.0.1/images/store/13/Category_PremiumTime.png")
[ 2026-08-26 21:23:37,699 ] StartDownload:  QUrl("http://127.0.0.1/images/store/13/Category_Consumables.png")
[ 2026-08-26 21:23:37,700 ] StartDownload:  QUrl("http://127.0.0.1/images/store/13/Category_Cosmetics.png")
[ 2026-08-26 21:23:37,701 ] StartDownload:  QUrl("http://127.0.0.1/images/store/13/Category_HouseTools.png")
[ 2026-08-26 21:23:37,702 ] StartDownload:  QUrl("http://127.0.0.1/images/store/13/Category_Boosts.png")
[ 2026-08-26 21:23:37,703 ] StartDownload:  QUrl("http://127.0.0.1/images/store/13/Category_Extras.png")
[ 2026-08-26 21:23:37,749 ] StartDownload:  QUrl("http://127.0.0.1/images/store/13/Category_Tournament.png")
[ 2026-08-26 21:23:37,750 ] StartDownload:  QUrl("http://127.0.0.1/images/store/64/Name_Change.png")
[ 2026-08-26 21:23:40,586 ] QQuickPixmap: connectFinished() called when not loading.
[ 2026-08-26 21:23:40,586 ] QQuickPixmap: connectFinished() called when not loading.
[ 2026-08-26 21:23:40,590 ] StartDownload:  QUrl("http://127.0.0.1/images/store/64/Name_Change.png")
[ 2026-08-26 21:23:40,609 ] StartDownload:  QUrl("http://127.0.0.1/images/store/13/Category_ExtraServices.png")
[ 2026-08-26 21:23:40,610 ] StartDownload:  QUrl("http://127.0.0.1/images/store/13/Category_UsefulThings.png")
[ 2026-08-26 21:23:40,620 ] StartDownload:  QUrl("http://127.0.0.1/images/store/64/Sex_Change.png")
[ 2026-08-26 21:23:40,623 ] StartDownload:  QUrl("http://127.0.0.1/images/store/64/traineroffline.gif")
[ 2026-08-26 21:23:42,396 ] StartDownload:  QUrl("http://127.0.0.1/images/store/64/traineroffline.gif")
[ 2026-08-26 21:23:44,397 ] StartDownload:  QUrl("http://127.0.0.1/images/store/13/Category_PremiumTime.png")
[ 2026-08-26 21:23:44,399 ] StartDownload:  QUrl("http://127.0.0.1/images/store/13/Category_Consumables.png")
[ 2026-08-26 21:23:44,400 ] StartDownload:  QUrl("http://127.0.0.1/images/store/13/Category_Cosmetics.png")
[ 2026-08-26 21:23:44,401 ] StartDownload:  QUrl("http://127.0.0.1/images/store/13/Category_HouseTools.png")
[ 2026-08-26 21:23:44,401 ] StartDownload:  QUrl("http://127.0.0.1/images/store/13/Category_Boosts.png")
[ 2026-08-26 21:23:44,402 ] StartDownload:  QUrl("http://127.0.0.1/images/store/13/Category_Extras.png")
[ 2026-08-26 21:23:44,436 ] StartDownload:  QUrl("http://127.0.0.1/images/store/13/Category_ExtraServices.png")
[ 2026-08-26 21:23:44,438 ] StartDownload:  QUrl("http://127.0.0.1/images/store/13/Category_UsefulThings.png")
[ 2026-08-26 21:23:44,439 ] StartDownload:  QUrl("http://127.0.0.1/images/store/13/Category_Tournament.png")
[ 2026-08-26 21:23:44,440 ] StartDownload:  QUrl("http://127.0.0.1/images/store/64/Name_Change.png")
[ 2026-08-26 21:23:44,441 ] StartDownload:  QUrl("http://127.0.0.1/images/store/64/Sex_Change.png")
[ 2026-08-26 21:23:44,442 ] StartDownload:  QUrl("http://127.0.0.1/images/store/64/traineroffline.gif")
[ 2026-08-26 21:23:48,054 ] StartDownload:  QUrl("http://127.0.0.1/images/store/13/Category_PremiumTime.png")
[ 2026-08-26 21:23:48,056 ] StartDownload:  QUrl("http://127.0.0.1/images/store/13/Category_Consumables.png")
[ 2026-08-26 21:23:48,058 ] StartDownload:  QUrl("http://127.0.0.1/images/store/13/Category_Cosmetics.png")
[ 2026-08-26 21:23:48,059 ] StartDownload:  QUrl("http://127.0.0.1/images/store/13/Category_HouseTools.png")
[ 2026-08-26 21:23:48,060 ] StartDownload:  QUrl("http://127.0.0.1/images/store/13/Category_Boosts.png")
[ 2026-08-26 21:23:48,060 ] StartDownload:  QUrl("http://127.0.0.1/images/store/13/Category_Extras.png")
[ 2026-08-26 21:23:48,069 ] StartDownload:  QUrl("http://127.0.0.1/images/store/13/Category_ExtraServices.png")
[ 2026-08-26 21:23:48,070 ] StartDownload:  QUrl("http://127.0.0.1/images/store/13/Category_UsefulThings.png")
[ 2026-08-26 21:23:48,071 ] StartDownload:  QUrl("http://127.0.0.1/images/store/13/Category_Tournament.png")
[ 2026-08-26 21:23:48,072 ] StartDownload:  QUrl("http://127.0.0.1/images/store/64/Name_Change.png")
[ 2026-08-26 21:23:48,073 ] StartDownload:  QUrl("http://127.0.0.1/images/store/64/Sex_Change.png")
[ 2026-08-26 21:23:48,074 ] StartDownload:  QUrl("http://127.0.0.1/images/store/64/traineroffline.gif")
[ 2026-08-26 21:25:30,670 ] Connection to gameserver  "tcp://127.0.0.1:7172" "Global"  was disconnected ( "The remote host closed the connection" )
[ 2026-08-26 21:25:30,679 ] StartDownload:  QUrl("")
[ 2026-08-26 21:25:30,812 ] Disconnected from gameserver
[ 2026-08-26 21:37:08,294 ] Using spritesheet cache size of 910
[ 2026-08-26 21:37:08,341 ] Sound engine initialized with default sound device "Alto-falantes (Realtek High Definition Audio(SST))"
[ 2026-08-26 21:37:08,356 ] Switch used audio device to "Alto-falantes (Realtek High Definition Audio(SST))"
[ 2026-08-26 21:37:09,212 ] Qt has caught an exception thrown from an event handler. Throwing
exceptions from an event handler is not supported in Qt.
You must not let any exception whatsoever propagate through Qt code.
[ 2026-08-26 21:37:12,803 ] Using spritesheet cache size of 910
[ 2026-08-26 21:37:12,850 ] Sound engine initialized with default sound device "Alto-falantes (Realtek High Definition Audio(SST))"
[ 2026-08-26 21:37:12,850 ] Switch used audio device to "Alto-falantes (Realtek High Definition Audio(SST))"
[ 2026-08-26 21:37:13,316 ] Qt has caught an exception thrown from an event handler. Throwing
exceptions from an event handler is not supported in Qt.
You must not let any exception whatsoever propagate through Qt code.
[ 2026-08-26 21:37:24,068 ] Using spritesheet cache size of 910
[ 2026-08-26 21:37:24,099 ] Sound engine initialized with default sound device "Alto-falantes (Realtek High Definition Audio(SST))"
[ 2026-08-26 21:37:24,099 ] Switch used audio device to "Alto-falantes (Realtek High Definition Audio(SST))"
[ 2026-08-26 21:37:25,286 ] Asset loading complete
[ 2026-08-26 21:37:25,332 ] StartDownload:  QUrl("")
[ 2026-08-30 13:28:37,595 ] Using spritesheet cache size of 910
[ 2026-08-30 13:28:37,670 ] Sound engine initialized with default sound device "Alto-falantes (Realtek High Definition Audio(SST))"
[ 2026-08-30 13:28:37,676 ] Switch used audio device to "Alto-falantes (Realtek High Definition Audio(SST))"
[ 2026-08-30 13:28:47,071 ] Asset loading complete
[ 2026-08-30 13:28:47,305 ] StartDownload:  QUrl("")
[ 2026-08-30 13:29:16,407 ] Uploading crash report failed: "Protocol \"\" is unknown"
[ 2026-08-30 13:30:20,018 ] Retrying to obtain clipboard.
[ 2026-08-30 13:30:35,576 ] News query failed: "Unrecognized event news."
[ 2026-08-30 13:30:37,295 ] BattlEye: "Initialized (v1.249)"
[ 2026-08-30 13:30:37,295 ] BattlEye: "Restarting client is necessary, service isn't running properly"
[ 2026-08-30 13:30:37,295 ] BattlEye: "Restarting client is necessary, update required"
[ 2026-08-30 13:30:37,295 ] BattlEye: "Config entry: GameID tibia"
[ 2026-08-30 13:30:37,295 ] BattlEye: "Config entry: MasterPort 7171"
[ 2026-08-30 13:30:37,571 ] Request connection to gameserver  "tcp://127.0.0.1:7172"  (unprotected:  "tcp://127.0.0.1:7172" )  requested (Charakter "Henrique" )
[ 2026-08-30 13:30:37,585 ] Request connection to gameserver  "tcp://127.0.0.1:7172" "Global"
[ 2026-08-30 13:30:37,603 ] Connected to gameserver  "tcp://127.0.0.1:7172" "Global"
[ 2026-08-30 13:30:37,671 ] News query failed: "Unrecognized event news."
[ 2026-08-30 13:30:37,937 ] "updateOrCreateCreatureFromProtobuf: no creature with id 1342195534 found"
[ 2026-08-30 13:30:37,937 ] "updateOrCreateCreatureFromProtobuf: no creature with id 1342185328 found"
[ 2026-08-30 13:30:37,937 ] "updateOrCreateCreatureFromProtobuf: no creature with id 1342185321 found"
[ 2026-08-30 13:30:37,937 ] "updateOrCreateCreatureFromProtobuf: no creature with id 1342185322 found"
[ 2026-08-30 13:30:37,937 ] "updateOrCreateCreatureFromProtobuf: no creature with id 1342185323 found"
[ 2026-08-30 13:30:57,182 ] StartDownload:  QUrl("http://127.0.0.1/images/store/13/Category_PremiumTime.png")
[ 2026-08-30 13:30:57,194 ] StartDownload:  QUrl("http://127.0.0.1/images/store/13/Category_Consumables.png")
[ 2026-08-30 13:30:57,210 ] StartDownload:  QUrl("http://127.0.0.1/images/store/13/Category_Cosmetics.png")
[ 2026-08-30 13:30:57,224 ] StartDownload:  QUrl("http://127.0.0.1/images/store/13/Category_HouseTools.png")
[ 2026-08-30 13:30:57,234 ] StartDownload:  QUrl("http://127.0.0.1/images/store/13/Category_Boosts.png")
[ 2026-08-30 13:30:57,244 ] StartDownload:  QUrl("http://127.0.0.1/images/store/13/Category_Extras.png")
[ 2026-08-30 13:30:57,345 ] StartDownload:  QUrl("http://127.0.0.1/images/store/13/Category_Tournament.png")
[ 2026-08-30 13:30:57,356 ] StartDownload:  QUrl("http://127.0.0.1/images/store/64/Name_Change.png")
[ 2026-08-30 13:31:01,029 ] StartDownload:  QUrl("http://127.0.0.1/images/store/64/Name_Change.png")
[ 2026-08-30 13:31:01,064 ] QQuickPixmap: connectFinished() called when not loading.
[ 2026-08-30 13:31:01,065 ] QQuickPixmap: connectFinished() called when not loading.
[ 2026-08-30 13:31:01,069 ] StartDownload:  QUrl("http://127.0.0.1/images/store/64/Premium_Time_30.png")
[ 2026-08-30 13:31:01,088 ] StartDownload:  QUrl("http://127.0.0.1/images/store/64/Premium_Time_90.png")
[ 2026-08-30 13:31:01,110 ] StartDownload:  QUrl("http://127.0.0.1/images/store/64/Premium_Time_180.png")
[ 2026-08-30 13:31:01,123 ] StartDownload:  QUrl("http://127.0.0.1/images/store/64/Premium_Time_360.png")
[ 2026-08-30 13:31:01,868 ] QQuickPixmap: connectFinished() called when not loading.
[ 2026-08-30 13:31:01,869 ] QQuickPixmap: connectFinished() called when not loading.
[ 2026-08-30 13:31:01,873 ] StartDownload:  QUrl("http://127.0.0.1/images/store/64/Premium_Time_30.png")
[ 2026-08-30 13:31:01,880 ] StartDownload:  QUrl("http://127.0.0.1/images/store/64/Premium_Time_90.png")
[ 2026-08-30 13:31:01,884 ] StartDownload:  QUrl("http://127.0.0.1/images/store/64/Premium_Time_180.png")
[ 2026-08-30 13:31:01,889 ] StartDownload:  QUrl("http://127.0.0.1/images/store/64/Premium_Time_360.png")
[ 2026-08-30 13:31:01,892 ] StartDownload:  QUrl("http://127.0.0.1/images/store/13/Category_Blessings.png")
[ 2026-08-30 13:31:01,940 ] StartDownload:  QUrl("http://127.0.0.1/images/store/13/Category_Casks.png")
[ 2026-08-30 13:31:01,956 ] QQuickPixmap: connectFinished() called when not loading.
[ 2026-08-30 13:31:01,957 ] QQuickPixmap: connectFinished() called when not loading.
[ 2026-08-30 13:31:01,957 ] QQuickPixmap: connectFinished() called when not loading.
[ 2026-08-30 13:31:02,030 ] StartDownload:  QUrl("http://127.0.0.1/images/store/13/Category_ExerciseWeapons.png")
[ 2026-08-30 13:31:02,045 ] StartDownload:  QUrl("http://127.0.0.1/images/store/13/Category_Kegs.png")
[ 2026-08-30 13:31:02,075 ] StartDownload:  QUrl("http://127.0.0.1/images/store/13/Category_Potions.png")
[ 2026-08-30 13:31:02,087 ] StartDownload:  QUrl("http://127.0.0.1/images/store/13/Category_Runes.png")
[ 2026-08-30 13:31:02,097 ] StartDownload:  QUrl("http://127.0.0.1/images/store/64/All_PvE_Blessings.png")
[ 2026-08-30 13:31:02,111 ] StartDownload:  QUrl("http://127.0.0.1/images/store/64/Blood_of_the_Mountain.png")
[ 2026-08-30 13:31:02,124 ] StartDownload:  QUrl("http://127.0.0.1/images/store/64/Death_Redemption.png")
[ 2026-08-30 13:31:02,138 ] StartDownload:  QUrl("http://127.0.0.1/images/store/64/Heart_of_the_Mountain.png")
[ 2026-08-30 13:31:02,150 ] StartDownload:  QUrl("http://127.0.0.1/images/store/64/Embrace_of_Tibia.png")
[ 2026-08-30 13:31:02,159 ] StartDownload:  QUrl("http://127.0.0.1/images/store/64/Fire_of_the_Suns.png")
[ 2026-08-30 13:31:02,168 ] StartDownload:  QUrl("http://127.0.0.1/images/store/64/Spark_of_the_Phoenix.png")
[ 2026-08-30 13:31:02,177 ] StartDownload:  QUrl("http://127.0.0.1/images/store/64/Spiritual_Shielding.png")
[ 2026-08-30 13:31:02,189 ] StartDownload:  QUrl("http://127.0.0.1/images/store/64/Wisdom_of_Solitude.png")
[ 2026-08-30 13:31:05,182 ] QQuickPixmap: connectFinished() called when not loading.
[ 2026-08-30 13:31:05,182 ] QQuickPixmap: connectFinished() called when not loading.
[ 2026-08-30 13:31:05,183 ] QQuickPixmap: connectFinished() called when not loading.
[ 2026-08-30 13:31:05,190 ] StartDownload:  QUrl("http://127.0.0.1/images/store/64/All_PvE_Blessings.png")
[ 2026-08-30 13:31:05,199 ] StartDownload:  QUrl("http://127.0.0.1/images/store/64/Blood_of_the_Mountain.png")
[ 2026-08-30 13:31:05,204 ] StartDownload:  QUrl("http://127.0.0.1/images/store/64/Death_Redemption.png")
[ 2026-08-30 13:31:05,208 ] StartDownload:  QUrl("http://127.0.0.1/images/store/64/Heart_of_the_Mountain.png")
[ 2026-08-30 13:31:05,213 ] StartDownload:  QUrl("http://127.0.0.1/images/store/64/Embrace_of_Tibia.png")
[ 2026-08-30 13:31:05,216 ] StartDownload:  QUrl("http://127.0.0.1/images/store/13/Category_Mounts.png")
[ 2026-08-30 13:31:05,264 ] QQuickPixmap: connectFinished() called when not loading.
[ 2026-08-30 13:31:05,371 ] StartDownload:  QUrl("http://127.0.0.1/images/store/13/Category_Outfits.png")
[ 2026-08-30 13:31:06,711 ] StartDownload:  QUrl("http://127.0.0.1/images/store/13/Category_Outfits.png")
[ 2026-08-30 13:31:06,788 ] StartDownload:  QUrl("http://127.0.0.1/images/store/13/Category_Outfits.png")
[ 2026-08-30 13:31:06,947 ] QQuickPixmap: connectFinished() called when not loading.
[ 2026-08-30 13:31:06,947 ] QQuickPixmap: connectFinished() called when not loading.
[ 2026-08-30 13:31:06,970 ] StartDownload:  QUrl("http://127.0.0.1/images/store/13/Category_Mounts.png")
[ 2026-08-30 13:31:06,972 ] StartDownload:  QUrl("http://127.0.0.1/images/store/13/Category_Outfits.png")
[ 2026-08-30 13:31:06,974 ] QQuickPixmap: connectFinished() called when not loading.
[ 2026-08-30 13:31:15,944 ] StartDownload:  QUrl("http://127.0.0.1/images/store/13/Category_PremiumTime.png")
[ 2026-08-30 13:31:15,947 ] StartDownload:  QUrl("http://127.0.0.1/images/store/13/Category_Consumables.png")
[ 2026-08-30 13:31:15,949 ] StartDownload:  QUrl("http://127.0.0.1/images/store/13/Category_Cosmetics.png")
[ 2026-08-30 13:31:15,951 ] StartDownload:  QUrl("http://127.0.0.1/images/store/13/Category_Mounts.png")
[ 2026-08-30 13:31:15,952 ] StartDownload:  QUrl("http://127.0.0.1/images/store/13/Category_Outfits.png")
[ 2026-08-30 13:31:15,954 ] StartDownload:  QUrl("http://127.0.0.1/images/store/13/Category_HouseTools.png")
[ 2026-08-30 13:31:15,973 ] StartDownload:  QUrl("http://127.0.0.1/images/store/13/Category_Boosts.png")
[ 2026-08-30 13:31:15,974 ] StartDownload:  QUrl("http://127.0.0.1/images/store/13/Category_Extras.png")
[ 2026-08-30 13:31:15,976 ] StartDownload:  QUrl("http://127.0.0.1/images/store/13/Category_Tournament.png")
[ 2026-08-30 13:31:16,641 ] StartDownload:  QUrl("http://127.0.0.1/images/store/13/Category_PremiumTime.png")
[ 2026-08-30 13:31:16,644 ] StartDownload:  QUrl("http://127.0.0.1/images/store/13/Category_Consumables.png")
[ 2026-08-30 13:31:16,646 ] StartDownload:  QUrl("http://127.0.0.1/images/store/13/Category_Cosmetics.png")
[ 2026-08-30 13:31:16,649 ] StartDownload:  QUrl("http://127.0.0.1/images/store/13/Category_Mounts.png")
[ 2026-08-30 13:31:16,650 ] StartDownload:  QUrl("http://127.0.0.1/images/store/13/Category_Outfits.png")
[ 2026-08-30 13:31:16,652 ] StartDownload:  QUrl("http://127.0.0.1/images/store/13/Category_HouseTools.png")
[ 2026-08-30 13:31:16,698 ] StartDownload:  QUrl("http://127.0.0.1/images/store/13/Category_Boosts.png")
[ 2026-08-30 13:31:16,700 ] StartDownload:  QUrl("http://127.0.0.1/images/store/13/Category_Extras.png")
[ 2026-08-30 13:31:16,703 ] StartDownload:  QUrl("http://127.0.0.1/images/store/13/Category_Tournament.png")
[ 2026-08-30 13:31:19,118 ] StartDownload:  QUrl("http://127.0.0.1/images/store/13/Category_PremiumTime.png")
[ 2026-08-30 13:31:19,122 ] StartDownload:  QUrl("http://127.0.0.1/images/store/13/Category_Consumables.png")
[ 2026-08-30 13:31:19,125 ] StartDownload:  QUrl("http://127.0.0.1/images/store/13/Category_Cosmetics.png")
[ 2026-08-30 13:31:19,128 ] StartDownload:  QUrl("http://127.0.0.1/images/store/13/Category_Mounts.png")
[ 2026-08-30 13:31:19,131 ] StartDownload:  QUrl("http://127.0.0.1/images/store/13/Category_Outfits.png")
[ 2026-08-30 13:31:19,133 ] StartDownload:  QUrl("http://127.0.0.1/images/store/13/Category_HouseTools.png")
[ 2026-08-30 13:31:19,142 ] StartDownload:  QUrl("http://127.0.0.1/images/store/13/Category_Boosts.png")
[ 2026-08-30 13:31:19,144 ] StartDownload:  QUrl("http://127.0.0.1/images/store/13/Category_Extras.png")
[ 2026-08-30 13:31:19,146 ] StartDownload:  QUrl("http://127.0.0.1/images/store/13/Category_Tournament.png")
[ 2026-08-30 13:31:20,897 ] StartDownload:  QUrl("http://127.0.0.1/images/store/13/Category_Mounts.png")
[ 2026-08-30 13:31:20,991 ] StartDownload:  QUrl("http://127.0.0.1/images/store/13/Category_Mounts.png")
[ 2026-08-30 13:31:21,174 ] QQuickPixmap: connectFinished() called when not loading.
[ 2026-08-30 13:31:21,175 ] QQuickPixmap: connectFinished() called when not loading.
[ 2026-08-30 13:31:21,204 ] StartDownload:  QUrl("http://127.0.0.1/images/store/13/Category_Mounts.png")
[ 2026-08-30 13:31:21,205 ] StartDownload:  QUrl("http://127.0.0.1/images/store/13/Category_Outfits.png")
[ 2026-08-30 13:31:21,207 ] QQuickPixmap: connectFinished() called when not loading.
[ 2026-08-30 13:31:27,754 ] StartDownload:  QUrl("http://127.0.0.1/images/store/13/Category_PremiumTime.png")
[ 2026-08-30 13:31:27,756 ] StartDownload:  QUrl("http://127.0.0.1/images/store/13/Category_Consumables.png")
[ 2026-08-30 13:31:27,759 ] StartDownload:  QUrl("http://127.0.0.1/images/store/13/Category_Cosmetics.png")
[ 2026-08-30 13:31:27,760 ] StartDownload:  QUrl("http://127.0.0.1/images/store/13/Category_Mounts.png")
[ 2026-08-30 13:31:27,761 ] StartDownload:  QUrl("http://127.0.0.1/images/store/13/Category_Outfits.png")
[ 2026-08-30 13:31:27,763 ] StartDownload:  QUrl("http://127.0.0.1/images/store/13/Category_HouseTools.png")
[ 2026-08-30 13:31:27,786 ] StartDownload:  QUrl("http://127.0.0.1/images/store/13/Category_Boosts.png")
[ 2026-08-30 13:31:27,788 ] StartDownload:  QUrl("http://127.0.0.1/images/store/13/Category_Extras.png")
[ 2026-08-30 13:31:27,789 ] StartDownload:  QUrl("http://127.0.0.1/images/store/13/Category_Tournament.png")
[ 2026-08-30 13:31:30,095 ] StartDownload:  QUrl("http://127.0.0.1/images/store/13/Category_PremiumTime.png")
[ 2026-08-30 13:31:30,098 ] StartDownload:  QUrl("http://127.0.0.1/images/store/13/Category_Consumables.png")
[ 2026-08-30 13:31:30,100 ] StartDownload:  QUrl("http://127.0.0.1/images/store/13/Category_Cosmetics.png")
[ 2026-08-30 13:31:30,101 ] StartDownload:  QUrl("http://127.0.0.1/images/store/13/Category_Mounts.png")
[ 2026-08-30 13:31:30,103 ] StartDownload:  QUrl("http://127.0.0.1/images/store/13/Category_Outfits.png")
[ 2026-08-30 13:31:30,104 ] StartDownload:  QUrl("http://127.0.0.1/images/store/13/Category_HouseTools.png")
[ 2026-08-30 13:31:30,113 ] StartDownload:  QUrl("http://127.0.0.1/images/store/13/Category_Boosts.png")
[ 2026-08-30 13:31:30,115 ] StartDownload:  QUrl("http://127.0.0.1/images/store/13/Category_Extras.png")
[ 2026-08-30 13:31:30,116 ] StartDownload:  QUrl("http://127.0.0.1/images/store/13/Category_Tournament.png")
[ 2026-08-30 13:31:43,280 ] qrc:/qt/qml/qmlcomponents/qml/outfitdialog/outfitdialog.js:320: ReferenceError: dialogSettings is not defined (exception occurred during delayed function evaluation)
[ 2026-08-30 13:34:04,171 ] StartDownload:  QUrl("http://127.0.0.1/images/store/13/Category_PremiumTime.png")
[ 2026-08-30 13:34:04,172 ] StartDownload:  QUrl("http://127.0.0.1/images/store/13/Category_Consumables.png")
[ 2026-08-30 13:34:04,173 ] StartDownload:  QUrl("http://127.0.0.1/images/store/13/Category_Cosmetics.png")
[ 2026-08-30 13:34:04,174 ] StartDownload:  QUrl("http://127.0.0.1/images/store/13/Category_HouseTools.png")
[ 2026-08-30 13:34:04,175 ] StartDownload:  QUrl("http://127.0.0.1/images/store/13/Category_Boosts.png")
[ 2026-08-30 13:34:04,176 ] StartDownload:  QUrl("http://127.0.0.1/images/store/13/Category_Extras.png")
[ 2026-08-30 13:34:04,213 ] StartDownload:  QUrl("http://127.0.0.1/images/store/13/Category_Tournament.png")
[ 2026-08-30 13:34:04,214 ] StartDownload:  QUrl("http://127.0.0.1/images/store/64/Name_Change.png")
[ 2026-08-30 13:34:05,901 ] StartDownload:  QUrl("http://127.0.0.1/images/store/64/Name_Change.png")
[ 2026-08-30 13:34:05,923 ] QQuickPixmap: connectFinished() called when not loading.
[ 2026-08-30 13:34:05,924 ] QQuickPixmap: connectFinished() called when not loading.
[ 2026-08-30 13:34:05,928 ] StartDownload:  QUrl("http://127.0.0.1/images/store/64/Premium_Time_30.png")
[ 2026-08-30 13:34:05,936 ] StartDownload:  QUrl("http://127.0.0.1/images/store/64/Premium_Time_90.png")
[ 2026-08-30 13:34:05,941 ] StartDownload:  QUrl("http://127.0.0.1/images/store/64/Premium_Time_180.png")
[ 2026-08-30 13:34:05,945 ] StartDownload:  QUrl("http://127.0.0.1/images/store/64/Premium_Time_360.png")
[ 2026-08-30 13:34:07,566 ] QQuickPixmap: connectFinished() called when not loading.
[ 2026-08-30 13:34:07,567 ] QQuickPixmap: connectFinished() called when not loading.
[ 2026-08-30 13:34:07,571 ] StartDownload:  QUrl("http://127.0.0.1/images/store/64/Premium_Time_30.png")
[ 2026-08-30 13:34:07,581 ] StartDownload:  QUrl("http://127.0.0.1/images/store/64/Premium_Time_90.png")
[ 2026-08-30 13:34:07,586 ] StartDownload:  QUrl("http://127.0.0.1/images/store/64/Premium_Time_180.png")
[ 2026-08-30 13:34:07,591 ] StartDownload:  QUrl("http://127.0.0.1/images/store/64/Premium_Time_360.png")
[ 2026-08-30 13:34:07,595 ] StartDownload:  QUrl("http://127.0.0.1/images/store/13/Category_Mounts.png")
[ 2026-08-30 13:34:07,597 ] StartDownload:  QUrl("http://127.0.0.1/images/store/13/Category_Outfits.png")
[ 2026-08-30 13:34:07,599 ] QQuickPixmap: connectFinished() called when not loading.
[ 2026-08-30 13:34:07,599 ] QQuickPixmap: connectFinished() called when not loading.
[ 2026-08-30 13:34:08,080 ] QQuickPixmap: connectFinished() called when not loading.
[ 2026-08-30 13:34:08,080 ] QQuickPixmap: connectFinished() called when not loading.
[ 2026-08-30 13:34:08,102 ] StartDownload:  QUrl("http://127.0.0.1/images/store/13/Category_Blessings.png")
[ 2026-08-30 13:34:08,103 ] StartDownload:  QUrl("http://127.0.0.1/images/store/13/Category_Casks.png")
[ 2026-08-30 13:34:08,104 ] StartDownload:  QUrl("http://127.0.0.1/images/store/13/Category_ExerciseWeapons.png")
[ 2026-08-30 13:34:08,106 ] StartDownload:  QUrl("http://127.0.0.1/images/store/13/Category_Kegs.png")
[ 2026-08-30 13:34:08,107 ] StartDownload:  QUrl("http://127.0.0.1/images/store/13/Category_Potions.png")
[ 2026-08-30 13:34:08,108 ] StartDownload:  QUrl("http://127.0.0.1/images/store/13/Category_Runes.png")
[ 2026-08-30 13:34:08,112 ] QQuickPixmap: connectFinished() called when not loading.
[ 2026-08-30 13:34:08,112 ] QQuickPixmap: connectFinished() called when not loading.
[ 2026-08-30 13:34:08,176 ] StartDownload:  QUrl("http://127.0.0.1/images/store/64/All_PvE_Blessings.png")
[ 2026-08-30 13:34:08,177 ] StartDownload:  QUrl("http://127.0.0.1/images/store/64/Blood_of_the_Mountain.png")
[ 2026-08-30 13:34:08,179 ] StartDownload:  QUrl("http://127.0.0.1/images/store/64/Death_Redemption.png")
[ 2026-08-30 13:34:08,181 ] StartDownload:  QUrl("http://127.0.0.1/images/store/64/Heart_of_the_Mountain.png")
[ 2026-08-30 13:34:08,182 ] StartDownload:  QUrl("http://127.0.0.1/images/store/64/Embrace_of_Tibia.png")
[ 2026-08-30 13:34:08,183 ] StartDownload:  QUrl("http://127.0.0.1/images/store/64/Fire_of_the_Suns.png")
[ 2026-08-30 13:34:08,188 ] StartDownload:  QUrl("http://127.0.0.1/images/store/64/Spark_of_the_Phoenix.png")
[ 2026-08-30 13:34:08,189 ] StartDownload:  QUrl("http://127.0.0.1/images/store/64/Spiritual_Shielding.png")
[ 2026-08-30 13:34:08,191 ] StartDownload:  QUrl("http://127.0.0.1/images/store/64/Wisdom_of_Solitude.png")
[ 2026-08-30 13:34:09,618 ] QQuickPixmap: connectFinished() called when not loading.
[ 2026-08-30 13:34:09,619 ] QQuickPixmap: connectFinished() called when not loading.
[ 2026-08-30 13:34:09,619 ] QQuickPixmap: connectFinished() called when not loading.
[ 2026-08-30 13:34:09,627 ] StartDownload:  QUrl("http://127.0.0.1/images/store/64/All_PvE_Blessings.png")
[ 2026-08-30 13:34:09,643 ] StartDownload:  QUrl("http://127.0.0.1/images/store/64/Blood_of_the_Mountain.png")
[ 2026-08-30 13:34:09,648 ] StartDownload:  QUrl("http://127.0.0.1/images/store/64/Death_Redemption.png")
[ 2026-08-30 13:34:09,653 ] StartDownload:  QUrl("http://127.0.0.1/images/store/64/Heart_of_the_Mountain.png")
[ 2026-08-30 13:34:09,658 ] StartDownload:  QUrl("http://127.0.0.1/images/store/64/Embrace_of_Tibia.png")
[ 2026-08-30 13:34:09,662 ] StartDownload:  QUrl("http://127.0.0.1/images/store/13/Category_Mounts.png")
[ 2026-08-30 13:34:09,665 ] QQuickPixmap: connectFinished() called when not loading.
[ 2026-08-30 13:34:09,727 ] StartDownload:  QUrl("http://127.0.0.1/images/store/13/Category_Outfits.png")
[ 2026-08-30 13:34:10,939 ] QQuickPixmap: connectFinished() called when not loading.
[ 2026-08-30 13:34:10,939 ] QQuickPixmap: connectFinished() called when not loading.
[ 2026-08-30 13:34:10,961 ] StartDownload:  QUrl("http://127.0.0.1/images/store/13/Category_HouseDecorations.png")
[ 2026-08-30 13:34:11,011 ] StartDownload:  QUrl("http://127.0.0.1/images/store/13/Category_HouseFurniture.png")
[ 2026-08-30 13:34:11,027 ] StartDownload:  QUrl("http://127.0.0.1/images/store/13/Category_Beds.png")
[ 2026-08-30 13:34:11,039 ] StartDownload:  QUrl("http://127.0.0.1/images/store/13/Category_HouseUpgrades.png")
[ 2026-08-30 13:34:11,052 ] StartDownload:  QUrl("http://127.0.0.1/images/store/13/Category_HouseTools_NPCApprenticeships.png")
[ 2026-08-30 13:34:11,062 ] StartDownload:  QUrl("http://127.0.0.1/images/store/13/Category_HouseTools_NPCDresses.png")
[ 2026-08-30 13:34:11,076 ] QQuickPixmap: connectFinished() called when not loading.
[ 2026-08-30 13:34:11,076 ] QQuickPixmap: connectFinished() called when not loading.
[ 2026-08-30 13:34:11,077 ] QQuickPixmap: connectFinished() called when not loading.
[ 2026-08-30 13:34:11,077 ] QQuickPixmap: connectFinished() called when not loading.
[ 2026-08-30 13:34:11,078 ] QQuickPixmap: connectFinished() called when not loading.
[ 2026-08-30 13:34:13,145 ] QQuickPixmap: connectFinished() called when not loading.
[ 2026-08-30 13:34:13,145 ] QQuickPixmap: connectFinished() called when not loading.
[ 2026-08-30 13:34:13,146 ] QQuickPixmap: connectFinished() called when not loading.
[ 2026-08-30 13:34:13,146 ] QQuickPixmap: connectFinished() called when not loading.
[ 2026-08-30 13:34:13,147 ] QQuickPixmap: connectFinished() called when not loading.
[ 2026-08-30 13:34:13,168 ] StartDownload:  QUrl("http://127.0.0.1/images/store/13/Category_ExtraServices.png")
[ 2026-08-30 13:34:13,214 ] StartDownload:  QUrl("http://127.0.0.1/images/store/13/Category_UsefulThings.png")
[ 2026-08-30 13:34:13,231 ] QQuickPixmap: connectFinished() called when not loading.
[ 2026-08-30 13:34:13,232 ] QQuickPixmap: connectFinished() called when not loading.
[ 2026-08-30 13:34:13,236 ] StartDownload:  QUrl("http://127.0.0.1/images/store/64/Name_Change.png")
[ 2026-08-30 13:34:13,248 ] StartDownload:  QUrl("http://127.0.0.1/images/store/64/Sex_Change.png")
[ 2026-08-30 13:34:16,044 ] QQuickPixmap: connectFinished() called when not loading.
[ 2026-08-30 13:34:16,044 ] QQuickPixmap: connectFinished() called when not loading.
[ 2026-08-30 13:34:16,048 ] StartDownload:  QUrl("http://127.0.0.1/images/store/64/Name_Change.png")
[ 2026-08-30 13:34:16,056 ] StartDownload:  QUrl("http://127.0.0.1/images/store/64/Sex_Change.png")
[ 2026-08-30 13:34:16,064 ] QQuickPixmap: connectFinished() called when not loading.
[ 2026-08-30 13:34:16,064 ] QQuickPixmap: connectFinished() called when not loading.
[ 2026-08-30 13:34:16,068 ] StartDownload:  QUrl("http://127.0.0.1/images/store/64/Premium_Time_30.png")
[ 2026-08-30 13:34:16,076 ] StartDownload:  QUrl("http://127.0.0.1/images/store/64/Premium_Time_90.png")
[ 2026-08-30 13:34:16,081 ] StartDownload:  QUrl("http://127.0.0.1/images/store/64/Premium_Time_180.png")
[ 2026-08-30 13:34:16,085 ] StartDownload:  QUrl("http://127.0.0.1/images/store/64/Premium_Time_360.png")
[ 2026-08-30 13:34:17,287 ] QQuickPixmap: connectFinished() called when not loading.
[ 2026-08-30 13:34:17,287 ] QQuickPixmap: connectFinished() called when not loading.
[ 2026-08-30 13:34:17,292 ] StartDownload:  QUrl("http://127.0.0.1/images/store/64/Premium_Time_30.png")
[ 2026-08-30 13:34:17,301 ] StartDownload:  QUrl("http://127.0.0.1/images/store/64/Premium_Time_90.png")
[ 2026-08-30 13:34:17,306 ] StartDownload:  QUrl("http://127.0.0.1/images/store/64/Premium_Time_180.png")
[ 2026-08-30 13:34:17,310 ] StartDownload:  QUrl("http://127.0.0.1/images/store/64/Premium_Time_360.png")
[ 2026-08-30 13:34:17,314 ] StartDownload:  QUrl("http://127.0.0.1/images/store/13/Category_Blessings.png")
[ 2026-08-30 13:34:17,315 ] StartDownload:  QUrl("http://127.0.0.1/images/store/13/Category_Casks.png")
[ 2026-08-30 13:34:17,318 ] QQuickPixmap: connectFinished() called when not loading.
[ 2026-08-30 13:34:17,319 ] QQuickPixmap: connectFinished() called when not loading.
[ 2026-08-30 13:34:17,319 ] QQuickPixmap: connectFinished() called when not loading.
[ 2026-08-30 13:34:17,372 ] StartDownload:  QUrl("http://127.0.0.1/images/store/13/Category_ExerciseWeapons.png")
[ 2026-08-30 13:34:17,374 ] StartDownload:  QUrl("http://127.0.0.1/images/store/13/Category_Kegs.png")
[ 2026-08-30 13:34:17,376 ] StartDownload:  QUrl("http://127.0.0.1/images/store/13/Category_Potions.png")
[ 2026-08-30 13:34:17,377 ] StartDownload:  QUrl("http://127.0.0.1/images/store/13/Category_Runes.png")
[ 2026-08-30 13:34:17,379 ] StartDownload:  QUrl("http://127.0.0.1/images/store/64/All_PvE_Blessings.png")
[ 2026-08-30 13:34:17,380 ] StartDownload:  QUrl("http://127.0.0.1/images/store/64/Blood_of_the_Mountain.png")
[ 2026-08-30 13:34:17,384 ] StartDownload:  QUrl("http://127.0.0.1/images/store/64/Death_Redemption.png")
[ 2026-08-30 13:34:17,386 ] StartDownload:  QUrl("http://127.0.0.1/images/store/64/Heart_of_the_Mountain.png")
[ 2026-08-30 13:34:17,387 ] StartDownload:  QUrl("http://127.0.0.1/images/store/64/Embrace_of_Tibia.png")
[ 2026-08-30 13:34:17,389 ] StartDownload:  QUrl("http://127.0.0.1/images/store/64/Fire_of_the_Suns.png")
[ 2026-08-30 13:34:17,390 ] StartDownload:  QUrl("http://127.0.0.1/images/store/64/Spark_of_the_Phoenix.png")
[ 2026-08-30 13:34:17,392 ] StartDownload:  QUrl("http://127.0.0.1/images/store/64/Spiritual_Shielding.png")
[ 2026-08-30 13:34:17,396 ] StartDownload:  QUrl("http://127.0.0.1/images/store/64/Wisdom_of_Solitude.png")
[ 2026-08-30 13:34:18,805 ] QQuickPixmap: connectFinished() called when not loading.
[ 2026-08-30 13:34:18,806 ] QQuickPixmap: connectFinished() called when not loading.
[ 2026-08-30 13:34:18,806 ] QQuickPixmap: connectFinished() called when not loading.
[ 2026-08-30 13:34:18,814 ] StartDownload:  QUrl("http://127.0.0.1/images/store/64/All_PvE_Blessings.png")
[ 2026-08-30 13:34:18,824 ] StartDownload:  QUrl("http://127.0.0.1/images/store/64/Blood_of_the_Mountain.png")
[ 2026-08-30 13:34:18,828 ] StartDownload:  QUrl("http://127.0.0.1/images/store/64/Death_Redemption.png")
[ 2026-08-30 13:34:18,833 ] StartDownload:  QUrl("http://127.0.0.1/images/store/64/Heart_of_the_Mountain.png")
[ 2026-08-30 13:34:18,838 ] StartDownload:  QUrl("http://127.0.0.1/images/store/64/Embrace_of_Tibia.png")
[ 2026-08-30 13:34:18,842 ] StartDownload:  QUrl("http://127.0.0.1/images/store/13/Category_Tickets.png")
[ 2026-08-30 13:34:18,872 ] StartDownload:  QUrl("http://127.0.0.1/images/store/13/Category_ExclusiveOffers.png")
[ 2026-08-30 13:34:18,873 ] StartDownload:  QUrl("http://127.0.0.1/images/store/64/Tournament_Restricted.png")
[ 2026-08-30 13:34:20,311 ] StartDownload:  QUrl("http://127.0.0.1/images/store/13/Category_ExclusiveOffers.png")
[ 2026-08-30 13:34:20,426 ] StartDownload:  QUrl("http://127.0.0.1/images/store/13/Category_ExclusiveOffers.png")
[ 2026-08-30 13:34:20,579 ] StartDownload:  QUrl("http://127.0.0.1/images/store/64/Tournament_Restricted.png")
[ 2026-08-30 13:34:20,587 ] StartDownload:  QUrl("http://127.0.0.1/images/store/13/Category_Tickets.png")
[ 2026-08-30 13:34:20,589 ] StartDownload:  QUrl("http://127.0.0.1/images/store/13/Category_ExclusiveOffers.png")
[ 2026-08-30 13:34:20,591 ] QQuickPixmap: connectFinished() called when not loading.
[ 2026-08-30 13:34:20,591 ] QQuickPixmap: connectFinished() called when not loading.
[ 2026-08-30 13:34:20,592 ] QQuickPixmap: connectFinished() called when not loading.
[ 2026-08-30 13:34:20,593 ] QQuickPixmap: connectFinished() called when not loading.
[ 2026-08-30 13:34:21,810 ] QQuickPixmap: connectFinished() called when not loading.
[ 2026-08-30 13:34:21,811 ] QQuickPixmap: connectFinished() called when not loading.
[ 2026-08-30 13:34:21,811 ] QQuickPixmap: connectFinished() called when not loading.
[ 2026-08-30 13:34:21,812 ] QQuickPixmap: connectFinished() called when not loading.
[ 2026-08-30 13:34:21,840 ] QQuickPixmap: connectFinished() called when not loading.
[ 2026-08-30 13:34:21,840 ] QQuickPixmap: connectFinished() called when not loading.
[ 2026-08-30 13:34:21,846 ] StartDownload:  QUrl("http://127.0.0.1/images/store/64/XP_Boost.png")
[ 2026-08-30 13:34:23,011 ] QQuickPixmap: connectFinished() called when not loading.
[ 2026-08-30 13:34:23,011 ] QQuickPixmap: connectFinished() called when not loading.
[ 2026-08-30 13:34:23,017 ] StartDownload:  QUrl("http://127.0.0.1/images/store/64/XP_Boost.png")
[ 2026-08-30 13:34:23,025 ] StartDownload:  QUrl("http://127.0.0.1/images/store/13/Category_HouseDecorations.png")
[ 2026-08-30 13:34:23,026 ] StartDownload:  QUrl("http://127.0.0.1/images/store/13/Category_HouseFurniture.png")
[ 2026-08-30 13:34:23,028 ] StartDownload:  QUrl("http://127.0.0.1/images/store/13/Category_Beds.png")
[ 2026-08-30 13:34:23,029 ] StartDownload:  QUrl("http://127.0.0.1/images/store/13/Category_HouseUpgrades.png")
[ 2026-08-30 13:34:23,030 ] StartDownload:  QUrl("http://127.0.0.1/images/store/13/Category_HouseTools_NPCApprenticeships.png")
[ 2026-08-30 13:34:23,033 ] QQuickPixmap: connectFinished() called when not loading.
[ 2026-08-30 13:34:23,034 ] QQuickPixmap: connectFinished() called when not loading.
[ 2026-08-30 13:34:23,035 ] QQuickPixmap: connectFinished() called when not loading.
[ 2026-08-30 13:34:23,035 ] QQuickPixmap: connectFinished() called when not loading.
[ 2026-08-30 13:34:23,036 ] QQuickPixmap: connectFinished() called when not loading.
[ 2026-08-30 13:34:23,091 ] StartDownload:  QUrl("http://127.0.0.1/images/store/13/Category_HouseTools_NPCDresses.png")
[ 2026-08-30 13:34:24,156 ] StartDownload:  QUrl("http://127.0.0.1/images/store/13/Category_HouseFurniture.png")
[ 2026-08-30 13:34:24,238 ] StartDownload:  QUrl("http://127.0.0.1/images/store/13/Category_HouseFurniture.png")
[ 2026-08-30 13:34:24,410 ] QQuickPixmap: connectFinished() called when not loading.
[ 2026-08-30 13:34:24,411 ] QQuickPixmap: connectFinished() called when not loading.
[ 2026-08-30 13:34:24,412 ] QQuickPixmap: connectFinished() called when not loading.
[ 2026-08-30 13:34:24,413 ] QQuickPixmap: connectFinished() called when not loading.
[ 2026-08-30 13:34:24,413 ] QQuickPixmap: connectFinished() called when not loading.
[ 2026-08-30 13:34:24,443 ] StartDownload:  QUrl("http://127.0.0.1/images/store/13/Category_HouseDecorations.png")
[ 2026-08-30 13:34:24,445 ] StartDownload:  QUrl("http://127.0.0.1/images/store/13/Category_HouseFurniture.png")
[ 2026-08-30 13:34:25,102 ] QQuickPixmap: connectFinished() called when not loading.
[ 2026-08-30 13:34:25,103 ] QQuickPixmap: connectFinished() called when not loading.
[ 2026-08-30 13:34:25,104 ] QQuickPixmap: connectFinished() called when not loading.
[ 2026-08-30 13:34:25,104 ] QQuickPixmap: connectFinished() called when not loading.
[ 2026-08-30 13:34:25,105 ] QQuickPixmap: connectFinished() called when not loading.
[ 2026-08-30 13:34:25,126 ] StartDownload:  QUrl("http://127.0.0.1/images/store/13/Category_Mounts.png")
[ 2026-08-30 13:34:25,128 ] StartDownload:  QUrl("http://127.0.0.1/images/store/13/Category_Outfits.png")
[ 2026-08-30 13:34:25,130 ] QQuickPixmap: connectFinished() called when not loading.
[ 2026-08-30 13:34:25,131 ] QQuickPixmap: connectFinished() called when not loading.
[ 2026-08-30 13:34:26,673 ] QQuickPixmap: connectFinished() called when not loading.
[ 2026-08-30 13:34:26,674 ] QQuickPixmap: connectFinished() called when not loading.
[ 2026-08-30 13:34:26,695 ] StartDownload:  QUrl("http://127.0.0.1/images/store/13/Category_Blessings.png")
[ 2026-08-30 13:34:26,697 ] StartDownload:  QUrl("http://127.0.0.1/images/store/13/Category_Casks.png")
[ 2026-08-30 13:34:26,698 ] StartDownload:  QUrl("http://127.0.0.1/images/store/13/Category_ExerciseWeapons.png")
[ 2026-08-30 13:34:26,700 ] StartDownload:  QUrl("http://127.0.0.1/images/store/13/Category_Kegs.png")
[ 2026-08-30 13:34:26,701 ] StartDownload:  QUrl("http://127.0.0.1/images/store/13/Category_Potions.png")
[ 2026-08-30 13:34:26,703 ] StartDownload:  QUrl("http://127.0.0.1/images/store/13/Category_Runes.png")
[ 2026-08-30 13:34:26,706 ] QQuickPixmap: connectFinished() called when not loading.
[ 2026-08-30 13:34:26,707 ] QQuickPixmap: connectFinished() called when not loading.
[ 2026-08-30 13:34:26,766 ] StartDownload:  QUrl("http://127.0.0.1/images/store/64/All_PvE_Blessings.png")
[ 2026-08-30 13:34:26,768 ] StartDownload:  QUrl("http://127.0.0.1/images/store/64/Blood_of_the_Mountain.png")
[ 2026-08-30 13:34:26,770 ] StartDownload:  QUrl("http://127.0.0.1/images/store/64/Death_Redemption.png")
[ 2026-08-30 13:34:26,772 ] StartDownload:  QUrl("http://127.0.0.1/images/store/64/Heart_of_the_Mountain.png")
[ 2026-08-30 13:34:26,775 ] StartDownload:  QUrl("http://127.0.0.1/images/store/64/Embrace_of_Tibia.png")
[ 2026-08-30 13:34:26,775 ] StartDownload:  QUrl("http://127.0.0.1/images/store/64/Fire_of_the_Suns.png")
[ 2026-08-30 13:34:26,780 ] StartDownload:  QUrl("http://127.0.0.1/images/store/64/Spark_of_the_Phoenix.png")
[ 2026-08-30 13:34:26,782 ] StartDownload:  QUrl("http://127.0.0.1/images/store/64/Spiritual_Shielding.png")
[ 2026-08-30 13:34:26,784 ] StartDownload:  QUrl("http://127.0.0.1/images/store/64/Wisdom_of_Solitude.png")
[ 2026-08-30 13:34:28,406 ] QQuickPixmap: connectFinished() called when not loading.
[ 2026-08-30 13:34:28,407 ] QQuickPixmap: connectFinished() called when not loading.
[ 2026-08-30 13:34:28,408 ] QQuickPixmap: connectFinished() called when not loading.
[ 2026-08-30 13:34:28,416 ] StartDownload:  QUrl("http://127.0.0.1/images/store/64/All_PvE_Blessings.png")
[ 2026-08-30 13:34:28,426 ] StartDownload:  QUrl("http://127.0.0.1/images/store/64/Blood_of_the_Mountain.png")
[ 2026-08-30 13:34:28,431 ] StartDownload:  QUrl("http://127.0.0.1/images/store/64/Death_Redemption.png")
[ 2026-08-30 13:34:28,436 ] StartDownload:  QUrl("http://127.0.0.1/images/store/64/Heart_of_the_Mountain.png")
[ 2026-08-30 13:34:28,442 ] StartDownload:  QUrl("http://127.0.0.1/images/store/64/Embrace_of_Tibia.png")
[ 2026-08-30 13:34:28,447 ] QQuickPixmap: connectFinished() called when not loading.
[ 2026-08-30 13:34:28,448 ] QQuickPixmap: connectFinished() called when not loading.
[ 2026-08-30 13:34:28,452 ] StartDownload:  QUrl("http://127.0.0.1/images/store/64/Premium_Time_30.png")
[ 2026-08-30 13:34:28,488 ] StartDownload:  QUrl("http://127.0.0.1/images/store/64/Premium_Time_90.png")
[ 2026-08-30 13:34:28,490 ] StartDownload:  QUrl("http://127.0.0.1/images/store/64/Premium_Time_180.png")
[ 2026-08-30 13:34:28,492 ] StartDownload:  QUrl("http://127.0.0.1/images/store/64/Premium_Time_360.png")
[ 2026-08-30 13:34:29,124 ] StartDownload:  QUrl("http://127.0.0.1/images/store/64/Premium_Time_30.png")
[ 2026-08-30 13:34:29,129 ] StartDownload:  QUrl("http://127.0.0.1/images/store/64/Premium_Time_90.png")
[ 2026-08-30 13:34:29,135 ] StartDownload:  QUrl("http://127.0.0.1/images/store/64/Premium_Time_180.png")
[ 2026-08-30 13:34:29,140 ] StartDownload:  QUrl("http://127.0.0.1/images/store/64/Premium_Time_360.png")
[ 2026-08-30 13:34:29,149 ] StartDownload:  QUrl("http://127.0.0.1/images/store/64/Name_Change.png")
[ 2026-08-30 13:34:32,965 ] QQuickPixmap: connectFinished() called when not loading.
[ 2026-08-30 13:34:32,966 ] QQuickPixmap: connectFinished() called when not loading.
[ 2026-08-30 13:34:32,970 ] StartDownload:  QUrl("http://127.0.0.1/images/store/64/Name_Change.png")
[ 2026-08-30 13:34:32,994 ] QQuickPixmap: connectFinished() called when not loading.
[ 2026-08-30 13:34:32,995 ] QQuickPixmap: connectFinished() called when not loading.
[ 2026-08-30 13:34:34,463 ] QQuickPixmap: connectFinished() called when not loading.
[ 2026-08-30 13:34:37,829 ] StartDownload:  QUrl("http://127.0.0.1/images/store/13/Category_PremiumTime.png")
[ 2026-08-30 13:34:37,832 ] StartDownload:  QUrl("http://127.0.0.1/images/store/13/Category_Consumables.png")
[ 2026-08-30 13:34:37,835 ] StartDownload:  QUrl("http://127.0.0.1/images/store/13/Category_Cosmetics.png")
[ 2026-08-30 13:34:37,837 ] StartDownload:  QUrl("http://127.0.0.1/images/store/13/Category_HouseTools.png")
[ 2026-08-30 13:34:37,837 ] StartDownload:  QUrl("http://127.0.0.1/images/store/13/Category_Boosts.png")
[ 2026-08-30 13:34:37,839 ] StartDownload:  QUrl("http://127.0.0.1/images/store/13/Category_Extras.png")
[ 2026-08-30 13:34:37,857 ] StartDownload:  QUrl("http://127.0.0.1/images/store/13/Category_Tournament.png")
[ 2026-08-30 13:34:40,502 ] StartDownload:  QUrl("http://127.0.0.1/images/store/13/Category_PremiumTime.png")
[ 2026-08-30 13:34:40,505 ] StartDownload:  QUrl("http://127.0.0.1/images/store/13/Category_Consumables.png")
[ 2026-08-30 13:34:40,508 ] StartDownload:  QUrl("http://127.0.0.1/images/store/13/Category_Cosmetics.png")
[ 2026-08-30 13:34:40,511 ] StartDownload:  QUrl("http://127.0.0.1/images/store/13/Category_HouseTools.png")
[ 2026-08-30 13:34:40,514 ] StartDownload:  QUrl("http://127.0.0.1/images/store/13/Category_Boosts.png")
[ 2026-08-30 13:34:40,516 ] StartDownload:  QUrl("http://127.0.0.1/images/store/13/Category_Extras.png")
[ 2026-08-30 13:34:40,527 ] StartDownload:  QUrl("http://127.0.0.1/images/store/13/Category_Tournament.png")
[ 2026-08-30 13:36:53,318 ] qrc:/qt/qml/qmlcomponents/qml/outfitdialog/outfitdialog.js:320: ReferenceError: dialogSettings is not defined (exception occurred during delayed function evaluation)
[ 2026-08-30 13:37:04,241 ] qrc:/qt/qml/qmlcomponents/qml/outfitdialog/outfitdialog.js:320: ReferenceError: dialogSettings is not defined (exception occurred during delayed function evaluation)
[ 2026-08-30 13:38:20,257 ] Connection to gameserver  "tcp://127.0.0.1:7172" "Global"  was disconnected ( "The remote host closed the connection" )
[ 2026-08-30 13:38:20,257 ] StartDownload:  QUrl("")
[ 2026-08-30 13:38:20,355 ] Disconnected from gameserver
[ 2026-08-30 13:38:21,610 ] Didn't send news query with params (HighPotential: true Returner: true MaxKnownEditDate: 1590979202 ) (URL: QUrl("http://127.0.0.1/login.php") ) due to too many retries.
[ 2026-08-30 13:38:21,711 ] Request connection to gameserver  "tcp://127.0.0.1:7172"  (unprotected:  "tcp://127.0.0.1:7172" )  requested (Charakter "Guerreiro" )
[ 2026-08-30 13:38:21,716 ] Request connection to gameserver  "tcp://127.0.0.1:7172" "Global"
[ 2026-08-30 13:38:21,733 ] Connected to gameserver  "tcp://127.0.0.1:7172" "Global"
[ 2026-08-30 13:38:22,186 ] "updateOrCreateCreatureFromProtobuf: no creature with id 1342217023 found"
[ 2026-08-30 13:38:22,186 ] "updateOrCreateCreatureFromProtobuf: no creature with id 1342204933 found"
[ 2026-08-30 13:38:22,186 ] "updateOrCreateCreatureFromProtobuf: no creature with id 1342204934 found"
[ 2026-08-30 13:38:22,186 ] "updateOrCreateCreatureFromProtobuf: no creature with id 1342204935 found"
[ 2026-08-30 13:38:22,186 ] "updateOrCreateCreatureFromProtobuf: no creature with id 1342204990 found"
[ 2026-08-30 13:38:22,186 ] "updateOrCreateCreatureFromProtobuf: no creature with id 1342204991 found"
[ 2026-08-30 13:38:22,187 ] "updateOrCreateCreatureFromProtobuf: no creature with id 1342205035 found"
[ 2026-08-30 13:38:22,187 ] "updateOrCreateCreatureFromProtobuf: no creature with id 1342205036 found"
[ 2026-08-30 13:38:22,187 ] "updateOrCreateCreatureFromProtobuf: no creature with id 1342205037 found"
[ 2026-08-30 13:38:22,187 ] "updateOrCreateCreatureFromProtobuf: no creature with id 1342205045 found"
[ 2026-08-30 13:38:22,198 ] "updateOrCreateCreatureFromProtobuf: no creature with id 1342217084 found"
[ 2026-08-30 13:38:22,199 ] "updateOrCreateCreatureFromProtobuf: no creature with id 1342217085 found"
[ 2026-08-30 13:38:22,199 ] "updateOrCreateCreatureFromProtobuf: no creature with id 1342205038 found"
[ 2026-08-30 13:38:22,199 ] "updateOrCreateCreatureFromProtobuf: no creature with id 1342205039 found"
[ 2026-08-30 13:38:24,699 ] News query failed: "Unrecognized event news."
[ 2026-08-30 13:39:06,259 ] Connection to gameserver  "tcp://127.0.0.1:7172" "Global"  was disconnected ( "The remote host closed the connection" )
[ 2026-08-30 13:39:06,260 ] StartDownload:  QUrl("")
[ 2026-08-30 13:39:06,329 ] Disconnected from gameserver
[ 2026-08-30 13:39:06,399 ] Didn't send news query with params (HighPotential: true Returner: true MaxKnownEditDate: 1590979202 ) (URL: QUrl("http://127.0.0.1/login.php") ) due to too many retries.
[ 2026-08-30 13:39:07,301 ] Didn't send news query with params (HighPotential: true Returner: true MaxKnownEditDate: 1590979202 ) (URL: QUrl("http://127.0.0.1/login.php") ) due to too many retries.
[ 2026-08-30 13:39:07,395 ] Request connection to gameserver  "tcp://127.0.0.1:7172"  (unprotected:  "tcp://127.0.0.1:7172" )  requested (Charakter "Henrique" )
[ 2026-08-30 13:39:07,400 ] Request connection to gameserver  "tcp://127.0.0.1:7172" "Global"
[ 2026-08-30 13:39:07,423 ] Connected to gameserver  "tcp://127.0.0.1:7172" "Global"
[ 2026-08-30 13:41:56,392 ] "updateOrCreateCreatureFromProtobuf: no creature with id 1342264668 found"
[ 2026-08-30 13:41:56,392 ] "updateOrCreateCreatureFromProtobuf: no creature with id 1342264668 found"
[ 2026-08-30 13:41:57,156 ] "updateOrCreateCreatureFromProtobuf: no creature with id 1342264634 found"
[ 2026-08-30 13:41:57,486 ] "updateOrCreateCreatureFromProtobuf: no creature with id 1342264667 found"
[ 2026-08-30 13:41:57,486 ] "updateOrCreateCreatureFromProtobuf: no creature with id 1342201066 found"
[ 2026-08-30 13:41:57,819 ] "updateOrCreateCreatureFromProtobuf: no creature with id 1342264667 found"
[ 2026-08-30 13:41:57,923 ] "updateOrCreateCreatureFromProtobuf: no creature with id 1342264678 found"
[ 2026-08-30 13:41:57,924 ] "updateOrCreateCreatureFromProtobuf: no creature with id 1342264690 found"
[ 2026-08-30 13:41:57,924 ] "updateOrCreateCreatureFromProtobuf: no creature with id 1342264678 found"
[ 2026-08-30 13:41:57,924 ] "updateOrCreateCreatureFromProtobuf: no creature with id 1342264668 found"
[ 2026-08-30 13:41:57,956 ] "updateOrCreateCreatureFromProtobuf: no creature with id 1342201066 found"
[ 2026-08-30 13:41:58,365 ] "updateOrCreateCreatureFromProtobuf: no creature with id 1342264668 found"
[ 2026-08-30 13:41:58,365 ] "updateOrCreateCreatureFromProtobuf: no creature with id 1342264668 found"
[ 2026-08-30 13:41:58,587 ] "updateOrCreateCreatureFromProtobuf: no creature with id 1342264668 found"
[ 2026-08-30 13:41:59,668 ] "updateOrCreateCreatureFromProtobuf: no creature with id 1342201066 found"
[ 2026-08-30 13:41:59,683 ] "updateOrCreateCreatureFromProtobuf: no creature with id 1342201066 found"
[ 2026-08-30 13:41:59,684 ] "updateOrCreateCreatureFromProtobuf: no creature with id 1342264691 found"
[ 2026-08-30 13:41:59,684 ] "updateOrCreateCreatureFromProtobuf: no creature with id 1342264706 found"
[ 2026-08-30 13:41:59,684 ] "updateOrCreateCreatureFromProtobuf: no creature with id 1342201066 found"
[ 2026-08-30 13:41:59,794 ] "updateOrCreateCreatureFromProtobuf: no creature with id 1342264690 found"
[ 2026-08-30 13:41:59,794 ] "updateOrCreateCreatureFromProtobuf: no creature with id 1342264678 found"
[ 2026-08-30 13:42:00,013 ] "updateOrCreateCreatureFromProtobuf: no creature with id 1342201066 found"
[ 2026-08-30 13:42:00,121 ] "updateOrCreateCreatureFromProtobuf: no creature with id 1342264678 found"
[ 2026-08-30 13:42:00,121 ] "updateOrCreateCreatureFromProtobuf: no creature with id 1342264678 found"
[ 2026-08-30 13:42:00,121 ] "updateOrCreateCreatureFromProtobuf: no creature with id 1342264668 found"
[ 2026-08-30 13:42:00,186 ] "updateOrCreateCreatureFromProtobuf: no creature with id 1342264708 found"
[ 2026-08-30 13:42:00,562 ] "updateOrCreateCreatureFromProtobuf: no creature with id 1342264668 found"
[ 2026-08-30 13:42:00,774 ] "updateOrCreateCreatureFromProtobuf: no creature with id 1342264668 found"
[ 2026-08-30 13:42:01,538 ] "updateOrCreateCreatureFromProtobuf: no creature with id 1342264634 found"
[ 2026-08-30 13:42:01,539 ] "updateOrCreateCreatureFromProtobuf: no creature with id 1342264634 found"
[ 2026-08-30 13:42:01,647 ] "updateOrCreateCreatureFromProtobuf: no creature with id 1342264690 found"
[ 2026-08-30 13:42:01,754 ] "updateOrCreateCreatureFromProtobuf: no creature with id 1342201066 found"
[ 2026-08-30 13:42:01,754 ] "updateOrCreateCreatureFromProtobuf: no creature with id 1342201066 found"
[ 2026-08-30 13:42:01,863 ] "updateOrCreateCreatureFromProtobuf: no creature with id 1342201066 found"
[ 2026-08-30 13:42:02,193 ] "updateOrCreateCreatureFromProtobuf: no creature with id 1342201066 found"
[ 2026-08-30 13:42:02,193 ] "updateOrCreateCreatureFromProtobuf: no creature with id 1342264706 found"
[ 2026-08-30 13:42:02,193 ] "updateOrCreateCreatureFromProtobuf: no creature with id 1342201066 found"
[ 2026-08-30 13:42:02,193 ] "updateOrCreateCreatureFromProtobuf: no creature with id 1342264634 found"
[ 2026-08-30 13:42:02,306 ] "updateOrCreateCreatureFromProtobuf: no creature with id 1342264678 found"
[ 2026-08-30 13:42:02,306 ] "updateOrCreateCreatureFromProtobuf: no creature with id 1342264678 found"
[ 2026-08-30 13:42:02,306 ] "updateOrCreateCreatureFromProtobuf: no creature with id 1342264690 found"
[ 2026-08-30 13:42:02,306 ] "updateOrCreateCreatureFromProtobuf: no creature with id 1342264691 found"
[ 2026-08-30 13:42:02,306 ] "updateOrCreateCreatureFromProtobuf: no creature with id 1342264678 found"
[ 2026-08-30 13:42:02,306 ] "updateOrCreateCreatureFromProtobuf: no creature with id 1342264668 found"
[ 2026-08-30 13:42:03,586 ] "updateOrCreateCreatureFromProtobuf: no creature with id 1342264708 found"
[ 2026-08-30 13:42:03,728 ] "updateOrCreateCreatureFromProtobuf: no creature with id 1342264634 found"
[ 2026-08-30 13:42:03,729 ] "updateOrCreateCreatureFromProtobuf: no creature with id 1342264708 found"
[ 2026-08-30 13:42:03,980 ] "updateOrCreateCreatureFromProtobuf: no creature with id 1342201066 found"
[ 2026-08-30 13:42:04,058 ] "updateOrCreateCreatureFromProtobuf: no creature with id 1342264708 found"
[ 2026-08-30 13:42:04,059 ] "updateOrCreateCreatureFromProtobuf: no creature with id 1342201066 found"
[ 2026-08-30 13:42:04,294 ] "updateOrCreateCreatureFromProtobuf: no creature with id 1342264708 found"
[ 2026-08-30 13:42:04,393 ] "updateOrCreateCreatureFromProtobuf: no creature with id 1342264634 found"
[ 2026-08-30 13:42:04,717 ] "updateOrCreateCreatureFromProtobuf: no creature with id 1342264716 found"
[ 2026-08-30 13:42:04,718 ] "updateOrCreateCreatureFromProtobuf: no creature with id 1342264708 found"
[ 2026-08-30 13:42:04,811 ] "updateOrCreateCreatureFromProtobuf: no creature with id 1342264708 found"
[ 2026-08-30 13:42:05,116 ] "updateOrCreateCreatureFromProtobuf: no creature with id 1342264717 found"
[ 2026-08-30 13:42:05,116 ] "updateOrCreateCreatureFromProtobuf: no creature with id 1342264717 found"
[ 2026-08-30 13:42:05,117 ] "updateOrCreateCreatureFromProtobuf: no creature with id 1342264705 found"
[ 2026-08-30 13:42:05,284 ] "updateOrCreateCreatureFromProtobuf: no creature with id 1342264717 found"
[ 2026-08-30 13:42:05,485 ] "updateOrCreateCreatureFromProtobuf: no creature with id 1342264717 found"
[ 2026-08-30 13:42:05,925 ] "updateOrCreateCreatureFromProtobuf: no creature with id 1342264708 found"
[ 2026-08-30 13:42:06,032 ] "updateOrCreateCreatureFromProtobuf: no creature with id 1342264708 found"
[ 2026-08-30 13:42:06,143 ] "updateOrCreateCreatureFromProtobuf: no creature with id 1342264717 found"
[ 2026-08-30 13:42:06,250 ] "updateOrCreateCreatureFromProtobuf: no creature with id 1342264708 found"
[ 2026-08-30 13:42:06,250 ] "updateOrCreateCreatureFromProtobuf: no creature with id 1342264706 found"
[ 2026-08-30 13:42:06,251 ] "updateOrCreateCreatureFromProtobuf: no creature with id 1342264717 found"
[ 2026-08-30 13:42:06,361 ] "updateOrCreateCreatureFromProtobuf: no creature with id 1342264708 found"
[ 2026-08-30 13:42:06,362 ] "updateOrCreateCreatureFromProtobuf: no creature with id 1342264708 found"
[ 2026-08-30 13:42:06,580 ] "updateOrCreateCreatureFromProtobuf: no creature with id 1342264707 found"
[ 2026-08-30 13:42:07,680 ] "updateOrCreateCreatureFromProtobuf: no creature with id 1342264717 found"
[ 2026-08-30 13:42:08,337 ] "updateOrCreateCreatureFromProtobuf: no creature with id 1342264717 found"
[ 2026-08-30 13:42:08,439 ] "updateOrCreateCreatureFromProtobuf: no creature with id 1342264706 found"
[ 2026-08-30 13:42:08,555 ] "updateOrCreateCreatureFromProtobuf: no creature with id 1342264678 found"
[ 2026-08-30 13:42:08,555 ] "updateOrCreateCreatureFromProtobuf: no creature with id 1342264720 found"
[ 2026-08-30 13:42:08,556 ] "updateOrCreateCreatureFromProtobuf: no creature with id 1342264720 found"
[ 2026-08-30 13:42:08,602 ] "updateOrCreateCreatureFromProtobuf: no creature with id 1342264717 found"
[ 2026-08-30 13:42:08,771 ] "updateOrCreateCreatureFromProtobuf: no creature with id 1342264707 found"
[ 2026-08-30 13:42:09,412 ] "updateOrCreateCreatureFromProtobuf: no creature with id 1342264708 found"
[ 2026-08-30 13:42:10,386 ] "updateOrCreateCreatureFromProtobuf: no creature with id 1342264708 found"
[ 2026-08-30 13:42:10,603 ] "updateOrCreateCreatureFromProtobuf: no creature with id 1342264708 found"
[ 2026-08-30 13:42:10,716 ] "updateOrCreateCreatureFromProtobuf: no creature with id 1342264667 found"
[ 2026-08-30 13:42:10,717 ] "updateOrCreateCreatureFromProtobuf: no creature with id 1342264678 found"
[ 2026-08-30 13:42:10,717 ] "updateOrCreateCreatureFromProtobuf: no creature with id 1342264691 found"
[ 2026-08-30 13:42:10,719 ] "updateOrCreateCreatureFromProtobuf: no creature with id 1342264708 found"
[ 2026-08-30 13:42:11,598 ] "updateOrCreateCreatureFromProtobuf: no creature with id 1342264708 found"
[ 2026-08-30 13:42:11,599 ] "updateOrCreateCreatureFromProtobuf: no creature with id 1342264708 found"
[ 2026-08-30 13:42:12,475 ] "updateOrCreateCreatureFromProtobuf: no creature with id 1342264708 found"
[ 2026-08-30 13:42:12,585 ] "updateOrCreateCreatureFromProtobuf: no creature with id 1342264708 found"
[ 2026-08-30 13:42:12,804 ] "updateOrCreateCreatureFromProtobuf: no creature with id 1342264708 found"
[ 2026-08-30 13:42:12,806 ] "updateOrCreateCreatureFromProtobuf: no creature with id 1342264708 found"
[ 2026-08-30 13:42:12,808 ] "updateOrCreateCreatureFromProtobuf: no creature with id 1342264708 found"
[ 2026-08-30 13:42:12,916 ] "updateOrCreateCreatureFromProtobuf: no creature with id 1342264708 found"
[ 2026-08-30 13:42:13,242 ] "updateOrCreateCreatureFromProtobuf: no creature with id 1342264708 found"
[ 2026-08-30 13:42:13,760 ] "updateOrCreateCreatureFromProtobuf: no creature with id 1342264708 found"
[ 2026-08-30 13:42:15,050 ] "updateOrCreateCreatureFromProtobuf: no creature with id 1342264678 found"
[ 2026-08-30 13:42:15,051 ] "updateOrCreateCreatureFromProtobuf: no creature with id 1342264667 found"
[ 2026-08-30 13:42:21,878 ] "updateOrCreateCreatureFromProtobuf: no creature with id 1342264738 found"
[ 2026-08-30 13:42:23,029 ] "updateOrCreateCreatureFromProtobuf: no creature with id 1342264738 found"
[ 2026-08-30 13:42:25,190 ] "updateOrCreateCreatureFromProtobuf: no creature with id 1342264738 found"
[ 2026-08-30 13:42:31,454 ] "updateOrCreateCreatureFromProtobuf: no creature with id 1342217023 found"
[ 2026-08-30 13:42:31,454 ] "updateOrCreateCreatureFromProtobuf: no creature with id 1342204990 found"
[ 2026-08-30 13:42:31,455 ] "updateOrCreateCreatureFromProtobuf: no creature with id 1342204991 found"
[ 2026-08-30 13:42:31,455 ] "updateOrCreateCreatureFromProtobuf: no creature with id 1342205035 found"
[ 2026-08-30 13:42:31,456 ] "updateOrCreateCreatureFromProtobuf: no creature with id 1342205036 found"
[ 2026-08-30 13:42:31,456 ] "updateOrCreateCreatureFromProtobuf: no creature with id 1342205037 found"
[ 2026-08-30 13:42:31,456 ] "updateOrCreateCreatureFromProtobuf: no creature with id 1342205045 found"
[ 2026-08-30 13:42:31,457 ] "updateOrCreateCreatureFromProtobuf: no creature with id 1342205083 found"
[ 2026-08-30 13:42:31,457 ] "updateOrCreateCreatureFromProtobuf: no creature with id 1342217084 found"
[ 2026-08-30 13:42:31,458 ] "updateOrCreateCreatureFromProtobuf: no creature with id 1342217085 found"
[ 2026-08-30 13:42:31,458 ] "updateOrCreateCreatureFromProtobuf: no creature with id 1342205038 found"
[ 2026-08-30 13:42:31,459 ] "updateOrCreateCreatureFromProtobuf: no creature with id 1342205039 found"
[ 2026-08-30 13:42:31,459 ] "updateOrCreateCreatureFromProtobuf: no creature with id 1342205093 found"
[ 2026-08-30 13:42:31,459 ] "updateOrCreateCreatureFromProtobuf: no creature with id 1342205094 found"
[ 2026-08-30 13:42:31,733 ] "updateOrCreateCreatureFromProtobuf: no creature with id 1342217023 found"
[ 2026-08-30 13:42:31,733 ] "updateOrCreateCreatureFromProtobuf: no creature with id 1342204990 found"
[ 2026-08-30 13:42:31,734 ] "updateOrCreateCreatureFromProtobuf: no creature with id 1342204991 found"
[ 2026-08-30 13:42:31,734 ] "updateOrCreateCreatureFromProtobuf: no creature with id 1342205035 found"
[ 2026-08-30 13:42:31,734 ] "updateOrCreateCreatureFromProtobuf: no creature with id 1342205036 found"
[ 2026-08-30 13:42:31,735 ] "updateOrCreateCreatureFromProtobuf: no creature with id 1342205037 found"
[ 2026-08-30 13:42:31,735 ] "updateOrCreateCreatureFromProtobuf: no creature with id 1342205045 found"
[ 2026-08-30 13:42:31,736 ] "updateOrCreateCreatureFromProtobuf: no creature with id 1342205083 found"
[ 2026-08-30 13:42:31,736 ] "updateOrCreateCreatureFromProtobuf: no creature with id 1342217084 found"
[ 2026-08-30 13:42:31,736 ] "updateOrCreateCreatureFromProtobuf: no creature with id 1342217085 found"
[ 2026-08-30 13:42:31,737 ] "updateOrCreateCreatureFromProtobuf: no creature with id 1342205038 found"
[ 2026-08-30 13:42:31,737 ] "updateOrCreateCreatureFromProtobuf: no creature with id 1342205039 found"
[ 2026-08-30 13:42:31,738 ] "updateOrCreateCreatureFromProtobuf: no creature with id 1342205093 found"
[ 2026-08-30 13:42:31,738 ] "updateOrCreateCreatureFromProtobuf: no creature with id 1342205094 found"
[ 2026-08-30 13:42:35,778 ] StartDownload:  QUrl("http://127.0.0.1/images/store/13/Category_PremiumTime.png")
[ 2026-08-30 13:42:35,790 ] StartDownload:  QUrl("http://127.0.0.1/images/store/13/Category_Consumables.png")
[ 2026-08-30 13:42:35,805 ] StartDownload:  QUrl("http://127.0.0.1/images/store/13/Category_Cosmetics.png")
[ 2026-08-30 13:42:35,820 ] StartDownload:  QUrl("http://127.0.0.1/images/store/13/Category_HouseTools.png")
[ 2026-08-30 13:42:35,830 ] StartDownload:  QUrl("http://127.0.0.1/images/store/13/Category_Boosts.png")
[ 2026-08-30 13:42:35,839 ] StartDownload:  QUrl("http://127.0.0.1/images/store/13/Category_Extras.png")
[ 2026-08-30 13:42:35,906 ] StartDownload:  QUrl("http://127.0.0.1/images/store/13/Category_Tournament.png")
[ 2026-08-30 13:42:35,917 ] StartDownload:  QUrl("http://127.0.0.1/images/store/64/Name_Change.png")
[ 2026-08-30 13:42:37,548 ] StartDownload:  QUrl("http://127.0.0.1/images/store/64/Name_Change.png")
[ 2026-08-30 13:42:37,570 ] StartDownload:  QUrl("http://127.0.0.1/images/store/13/Category_Blessings.png")
[ 2026-08-30 13:42:37,582 ] StartDownload:  QUrl("http://127.0.0.1/images/store/13/Category_Casks.png")
[ 2026-08-30 13:42:37,596 ] StartDownload:  QUrl("http://127.0.0.1/images/store/13/Category_ExerciseWeapons.png")
[ 2026-08-30 13:42:37,610 ] StartDownload:  QUrl("http://127.0.0.1/images/store/13/Category_Kegs.png")
[ 2026-08-30 13:42:37,620 ] StartDownload:  QUrl("http://127.0.0.1/images/store/13/Category_Potions.png")
[ 2026-08-30 13:42:37,636 ] QQuickPixmap: connectFinished() called when not loading.
[ 2026-08-30 13:42:37,636 ] QQuickPixmap: connectFinished() called when not loading.
[ 2026-08-30 13:42:37,637 ] QQuickPixmap: connectFinished() called when not loading.
[ 2026-08-30 13:42:37,721 ] StartDownload:  QUrl("http://127.0.0.1/images/store/13/Category_Runes.png")
[ 2026-08-30 13:42:37,742 ] StartDownload:  QUrl("http://127.0.0.1/images/store/64/All_PvE_Blessings.png")
[ 2026-08-30 13:42:37,757 ] StartDownload:  QUrl("http://127.0.0.1/images/store/64/Blood_of_the_Mountain.png")
[ 2026-08-30 13:42:37,770 ] StartDownload:  QUrl("http://127.0.0.1/images/store/64/Death_Redemption.png")
[ 2026-08-30 13:42:37,780 ] StartDownload:  QUrl("http://127.0.0.1/images/store/64/Heart_of_the_Mountain.png")
[ 2026-08-30 13:42:37,789 ] StartDownload:  QUrl("http://127.0.0.1/images/store/64/Embrace_of_Tibia.png")
[ 2026-08-30 13:42:37,800 ] StartDownload:  QUrl("http://127.0.0.1/images/store/64/Fire_of_the_Suns.png")
[ 2026-08-30 13:42:37,808 ] StartDownload:  QUrl("http://127.0.0.1/images/store/64/Spark_of_the_Phoenix.png")
[ 2026-08-30 13:42:37,816 ] StartDownload:  QUrl("http://127.0.0.1/images/store/64/Spiritual_Shielding.png")
[ 2026-08-30 13:42:37,825 ] StartDownload:  QUrl("http://127.0.0.1/images/store/64/Wisdom_of_Solitude.png")
[ 2026-08-30 13:42:40,640 ] StartDownload:  QUrl("http://127.0.0.1/images/store/13/Category_PremiumTime.png")
[ 2026-08-30 13:42:40,643 ] StartDownload:  QUrl("http://127.0.0.1/images/store/13/Category_Consumables.png")
[ 2026-08-30 13:42:40,647 ] StartDownload:  QUrl("http://127.0.0.1/images/store/13/Category_Blessings.png")
[ 2026-08-30 13:42:40,649 ] StartDownload:  QUrl("http://127.0.0.1/images/store/13/Category_Casks.png")
[ 2026-08-30 13:42:40,652 ] StartDownload:  QUrl("http://127.0.0.1/images/store/13/Category_ExerciseWeapons.png")
[ 2026-08-30 13:42:40,653 ] StartDownload:  QUrl("http://127.0.0.1/images/store/13/Category_Kegs.png")
[ 2026-08-30 13:42:40,678 ] StartDownload:  QUrl("http://127.0.0.1/images/store/13/Category_Potions.png")
[ 2026-08-30 13:42:40,680 ] StartDownload:  QUrl("http://127.0.0.1/images/store/13/Category_Runes.png")
[ 2026-08-30 13:42:40,682 ] StartDownload:  QUrl("http://127.0.0.1/images/store/13/Category_Cosmetics.png")
[ 2026-08-30 13:42:40,684 ] StartDownload:  QUrl("http://127.0.0.1/images/store/13/Category_HouseTools.png")
[ 2026-08-30 13:42:40,686 ] StartDownload:  QUrl("http://127.0.0.1/images/store/13/Category_Boosts.png")
[ 2026-08-30 13:42:40,687 ] StartDownload:  QUrl("http://127.0.0.1/images/store/13/Category_Extras.png")
[ 2026-08-30 13:42:40,693 ] StartDownload:  QUrl("http://127.0.0.1/images/store/13/Category_Tournament.png")
[ 2026-08-30 13:42:40,695 ] StartDownload:  QUrl("http://127.0.0.1/images/store/64/All_PvE_Blessings.png")
[ 2026-08-30 13:42:40,697 ] StartDownload:  QUrl("http://127.0.0.1/images/store/64/Blood_of_the_Mountain.png")
[ 2026-08-30 13:42:40,699 ] StartDownload:  QUrl("http://127.0.0.1/images/store/64/Death_Redemption.png")
[ 2026-08-30 13:42:40,701 ] StartDownload:  QUrl("http://127.0.0.1/images/store/64/Heart_of_the_Mountain.png")
[ 2026-08-30 13:42:40,703 ] StartDownload:  QUrl("http://127.0.0.1/images/store/64/Embrace_of_Tibia.png")
[ 2026-08-30 13:42:40,708 ] StartDownload:  QUrl("http://127.0.0.1/images/store/64/Fire_of_the_Suns.png")
[ 2026-08-30 13:42:40,710 ] StartDownload:  QUrl("http://127.0.0.1/images/store/64/Spark_of_the_Phoenix.png")
[ 2026-08-30 13:42:40,712 ] StartDownload:  QUrl("http://127.0.0.1/images/store/64/Spiritual_Shielding.png")
[ 2026-08-30 13:42:40,714 ] StartDownload:  QUrl("http://127.0.0.1/images/store/64/Wisdom_of_Solitude.png")
[ 2026-08-30 13:42:42,815 ] StartDownload:  QUrl("http://127.0.0.1/images/store/13/Category_PremiumTime.png")
[ 2026-08-30 13:42:42,819 ] StartDownload:  QUrl("http://127.0.0.1/images/store/13/Category_Consumables.png")
[ 2026-08-30 13:42:42,821 ] StartDownload:  QUrl("http://127.0.0.1/images/store/13/Category_Blessings.png")
[ 2026-08-30 13:42:42,822 ] StartDownload:  QUrl("http://127.0.0.1/images/store/13/Category_Casks.png")
[ 2026-08-30 13:42:42,824 ] StartDownload:  QUrl("http://127.0.0.1/images/store/13/Category_ExerciseWeapons.png")
[ 2026-08-30 13:42:42,825 ] StartDownload:  QUrl("http://127.0.0.1/images/store/13/Category_Kegs.png")
[ 2026-08-30 13:42:42,848 ] StartDownload:  QUrl("http://127.0.0.1/images/store/13/Category_Potions.png")
[ 2026-08-30 13:42:42,851 ] StartDownload:  QUrl("http://127.0.0.1/images/store/13/Category_Runes.png")
[ 2026-08-30 13:42:42,855 ] StartDownload:  QUrl("http://127.0.0.1/images/store/13/Category_Cosmetics.png")
[ 2026-08-30 13:42:42,858 ] StartDownload:  QUrl("http://127.0.0.1/images/store/13/Category_HouseTools.png")
[ 2026-08-30 13:42:42,860 ] StartDownload:  QUrl("http://127.0.0.1/images/store/13/Category_Boosts.png")
[ 2026-08-30 13:42:42,861 ] StartDownload:  QUrl("http://127.0.0.1/images/store/13/Category_Extras.png")
[ 2026-08-30 13:42:42,866 ] StartDownload:  QUrl("http://127.0.0.1/images/store/13/Category_Tournament.png")
[ 2026-08-30 13:42:42,868 ] StartDownload:  QUrl("http://127.0.0.1/images/store/64/All_PvE_Blessings.png")
[ 2026-08-30 13:42:42,870 ] StartDownload:  QUrl("http://127.0.0.1/images/store/64/Blood_of_the_Mountain.png")
[ 2026-08-30 13:42:42,871 ] StartDownload:  QUrl("http://127.0.0.1/images/store/64/Death_Redemption.png")
[ 2026-08-30 13:42:42,873 ] StartDownload:  QUrl("http://127.0.0.1/images/store/64/Heart_of_the_Mountain.png")
[ 2026-08-30 13:42:42,874 ] StartDownload:  QUrl("http://127.0.0.1/images/store/64/Embrace_of_Tibia.png")
[ 2026-08-30 13:42:42,878 ] StartDownload:  QUrl("http://127.0.0.1/images/store/64/Fire_of_the_Suns.png")
[ 2026-08-30 13:42:42,880 ] StartDownload:  QUrl("http://127.0.0.1/images/store/64/Spark_of_the_Phoenix.png")
[ 2026-08-30 13:42:42,882 ] StartDownload:  QUrl("http://127.0.0.1/images/store/64/Spiritual_Shielding.png")
[ 2026-08-30 13:42:42,884 ] StartDownload:  QUrl("http://127.0.0.1/images/store/64/Wisdom_of_Solitude.png")
[ 2026-08-30 13:44:04,966 ] "updateOrCreateCreatureFromProtobuf: no creature with id 1342264844 found"
[ 2026-08-30 13:44:05,529 ] "updateOrCreateCreatureFromProtobuf: no creature with id 1342264844 found"
[ 2026-08-30 13:44:05,810 ] "updateOrCreateCreatureFromProtobuf: no creature with id 1342264840 found"
[ 2026-08-30 13:44:05,825 ] "updateOrCreateCreatureFromProtobuf: no creature with id 1342264840 found"
[ 2026-08-30 13:44:05,985 ] "updateOrCreateCreatureFromProtobuf: no creature with id 1342264844 found"
[ 2026-08-30 13:44:06,815 ] "updateOrCreateCreatureFromProtobuf: no creature with id 1342264844 found"
[ 2026-08-30 13:44:06,921 ] "updateOrCreateCreatureFromProtobuf: no creature with id 1342264844 found"
[ 2026-08-30 13:44:07,473 ] "updateOrCreateCreatureFromProtobuf: no creature with id 1342264823 found"
[ 2026-08-30 13:44:08,020 ] "updateOrCreateCreatureFromProtobuf: no creature with id 1342264840 found"
[ 2026-08-30 13:44:08,020 ] "updateOrCreateCreatureFromProtobuf: no creature with id 1342264840 found"
[ 2026-08-30 13:44:08,349 ] "updateOrCreateCreatureFromProtobuf: no creature with id 1342264840 found"
[ 2026-08-30 13:44:09,002 ] "updateOrCreateCreatureFromProtobuf: no creature with id 1342264844 found"
[ 2026-08-30 13:44:09,114 ] "updateOrCreateCreatureFromProtobuf: no creature with id 1342264844 found"
[ 2026-08-30 13:44:09,114 ] "updateOrCreateCreatureFromProtobuf: no creature with id 1342264840 found"
[ 2026-08-30 13:44:09,114 ] "updateOrCreateCreatureFromProtobuf: no creature with id 1342264844 found"
[ 2026-08-30 13:44:09,114 ] "updateOrCreateCreatureFromProtobuf: no creature with id 1342264840 found"
[ 2026-08-30 13:44:09,114 ] "updateOrCreateCreatureFromProtobuf: no creature with id 1342264840 found"
[ 2026-08-30 13:44:09,115 ] "updateOrCreateCreatureFromProtobuf: no creature with id 1342264840 found"
[ 2026-08-30 13:44:09,115 ] "updateOrCreateCreatureFromProtobuf: no creature with id 1342264840 found"
[ 2026-08-30 13:44:10,205 ] "updateOrCreateCreatureFromProtobuf: no creature with id 1342264841 found"
[ 2026-08-30 13:44:10,205 ] "updateOrCreateCreatureFromProtobuf: no creature with id 1342264797 found"
[ 2026-08-30 13:44:10,205 ] "updateOrCreateCreatureFromProtobuf: no creature with id 1342264840 found"
[ 2026-08-30 13:44:10,536 ] "updateOrCreateCreatureFromProtobuf: no creature with id 1342264840 found"
[ 2026-08-30 13:44:10,645 ] "updateOrCreateCreatureFromProtobuf: no creature with id 1342264796 found"
[ 2026-08-30 13:44:11,175 ] "updateOrCreateCreatureFromProtobuf: no creature with id 1342264844 found"
[ 2026-08-30 13:44:11,284 ] "updateOrCreateCreatureFromProtobuf: no creature with id 1342264844 found"
[ 2026-08-30 13:44:11,285 ] "updateOrCreateCreatureFromProtobuf: no creature with id 1342264840 found"
[ 2026-08-30 13:44:11,285 ] "updateOrCreateCreatureFromProtobuf: no creature with id 1342264840 found"
[ 2026-08-30 13:44:11,426 ] "updateOrCreateCreatureFromProtobuf: no creature with id 1342264840 found"
[ 2026-08-30 13:44:11,506 ] "updateOrCreateCreatureFromProtobuf: no creature with id 1342264796 found"
[ 2026-08-30 13:44:12,374 ] "updateOrCreateCreatureFromProtobuf: no creature with id 1342264840 found"
[ 2026-08-30 13:44:12,486 ] "updateOrCreateCreatureFromProtobuf: no creature with id 1342264827 found"
[ 2026-08-30 13:44:12,486 ] "updateOrCreateCreatureFromProtobuf: no creature with id 1342264827 found"
[ 2026-08-30 13:44:12,486 ] "updateOrCreateCreatureFromProtobuf: no creature with id 1342264815 found"
[ 2026-08-30 13:44:12,705 ] "updateOrCreateCreatureFromProtobuf: no creature with id 1342264840 found"
[ 2026-08-30 13:44:13,361 ] "updateOrCreateCreatureFromProtobuf: no creature with id 1342264840 found"
[ 2026-08-30 13:44:13,361 ] "updateOrCreateCreatureFromProtobuf: no creature with id 1342264844 found"
[ 2026-08-30 13:44:13,469 ] "updateOrCreateCreatureFromProtobuf: no creature with id 1342264844 found"
[ 2026-08-30 13:44:13,469 ] "updateOrCreateCreatureFromProtobuf: no creature with id 1342264844 found"
[ 2026-08-30 13:44:13,469 ] "updateOrCreateCreatureFromProtobuf: no creature with id 1342264844 found"
[ 2026-08-30 13:44:13,687 ] "updateOrCreateCreatureFromProtobuf: no creature with id 1342264796 found"
[ 2026-08-30 13:44:13,687 ] "updateOrCreateCreatureFromProtobuf: no creature with id 1342264826 found"
[ 2026-08-30 13:44:13,687 ] "updateOrCreateCreatureFromProtobuf: no creature with id 1342264796 found"
[ 2026-08-30 13:44:13,904 ] "updateOrCreateCreatureFromProtobuf: no creature with id 1342264827 found"
[ 2026-08-30 13:44:14,022 ] "updateOrCreateCreatureFromProtobuf: no creature with id 1342264823 found"
[ 2026-08-30 13:44:14,559 ] "updateOrCreateCreatureFromProtobuf: no creature with id 1342264840 found"
[ 2026-08-30 13:44:14,559 ] "updateOrCreateCreatureFromProtobuf: no creature with id 1342264844 found"
[ 2026-08-30 13:44:14,668 ] "updateOrCreateCreatureFromProtobuf: no creature with id 1342264827 found"
[ 2026-08-30 13:44:14,668 ] "updateOrCreateCreatureFromProtobuf: no creature with id 1342264827 found"
[ 2026-08-30 13:44:14,669 ] "updateOrCreateCreatureFromProtobuf: no creature with id 1342264815 found"
[ 2026-08-30 13:44:14,886 ] "updateOrCreateCreatureFromProtobuf: no creature with id 1342264840 found"
[ 2026-08-30 13:44:14,887 ] "updateOrCreateCreatureFromProtobuf: no creature with id 1342264840 found"
[ 2026-08-30 13:44:14,888 ] "updateOrCreateCreatureFromProtobuf: no creature with id 1342264844 found"
[ 2026-08-30 13:44:14,997 ] "updateOrCreateCreatureFromProtobuf: no creature with id 1342264796 found"
[ 2026-08-30 13:44:15,541 ] "updateOrCreateCreatureFromProtobuf: no creature with id 1342264840 found"
[ 2026-08-30 13:44:15,542 ] "updateOrCreateCreatureFromProtobuf: no creature with id 1342264844 found"
[ 2026-08-30 13:44:15,542 ] "updateOrCreateCreatureFromProtobuf: no creature with id 1342264844 found"
[ 2026-08-30 13:44:15,653 ] "updateOrCreateCreatureFromProtobuf: no creature with id 1342264844 found"
[ 2026-08-30 13:44:15,654 ] "updateOrCreateCreatureFromProtobuf: no creature with id 1342264840 found"
[ 2026-08-30 13:44:15,654 ] "updateOrCreateCreatureFromProtobuf: no creature with id 1342264841 found"
[ 2026-08-30 13:44:15,867 ] "updateOrCreateCreatureFromProtobuf: no creature with id 1342264796 found"
[ 2026-08-30 13:44:16,092 ] "updateOrCreateCreatureFromProtobuf: no creature with id 1342264827 found"
[ 2026-08-30 13:44:16,092 ] "updateOrCreateCreatureFromProtobuf: no creature with id 1342264827 found"
[ 2026-08-30 13:44:16,093 ] "updateOrCreateCreatureFromProtobuf: no creature with id 1342264815 found"
[ 2026-08-30 13:44:16,529 ] "updateOrCreateCreatureFromProtobuf: no creature with id 1342264796 found"
[ 2026-08-30 13:44:16,861 ] "updateOrCreateCreatureFromProtobuf: no creature with id 1342264827 found"
[ 2026-08-30 13:44:16,861 ] "updateOrCreateCreatureFromProtobuf: no creature with id 1342264827 found"
[ 2026-08-30 13:44:16,862 ] "updateOrCreateCreatureFromProtobuf: no creature with id 1342264827 found"
[ 2026-08-30 13:44:17,822 ] "updateOrCreateCreatureFromProtobuf: no creature with id 1342264844 found"
[ 2026-08-30 13:44:17,822 ] "updateOrCreateCreatureFromProtobuf: no creature with id 1342264841 found"
[ 2026-08-30 13:44:17,823 ] "updateOrCreateCreatureFromProtobuf: no creature with id 1342264797 found"
[ 2026-08-30 13:44:18,047 ] "updateOrCreateCreatureFromProtobuf: no creature with id 1342264826 found"
[ 2026-08-30 13:44:19,017 ] "updateOrCreateCreatureFromProtobuf: no creature with id 1342264827 found"
[ 2026-08-30 13:44:19,017 ] "updateOrCreateCreatureFromProtobuf: no creature with id 1342264827 found"
[ 2026-08-30 13:44:19,017 ] "updateOrCreateCreatureFromProtobuf: no creature with id 1342264815 found"
[ 2026-08-30 13:44:19,550 ] "updateOrCreateCreatureFromProtobuf: no creature with id 1342264826 found"
[ 2026-08-30 13:44:20,204 ] "updateOrCreateCreatureFromProtobuf: no creature with id 1342264826 found"
[ 2026-08-30 13:44:20,424 ] "updateOrCreateCreatureFromProtobuf: no creature with id 1342264826 found"
[ 2026-08-30 13:44:20,425 ] "updateOrCreateCreatureFromProtobuf: no creature with id 1342264826 found"
[ 2026-08-30 13:44:21,190 ] "updateOrCreateCreatureFromProtobuf: no creature with id 1342264827 found"
[ 2026-08-30 13:44:21,190 ] "updateOrCreateCreatureFromProtobuf: no creature with id 1342264815 found"
[ 2026-08-30 13:44:21,191 ] "updateOrCreateCreatureFromProtobuf: no creature with id 1342264827 found"
[ 2026-08-30 13:44:21,192 ] "updateOrCreateCreatureFromProtobuf: no creature with id 1342264815 found"
[ 2026-08-30 13:44:21,192 ] "updateOrCreateCreatureFromProtobuf: no creature with id 1342264818 found"
[ 2026-08-30 13:44:21,545 ] "updateOrCreateCreatureFromProtobuf: no creature with id 1342264818 found"
[ 2026-08-30 13:44:21,732 ] "updateOrCreateCreatureFromProtobuf: no creature with id 1342264826 found"
[ 2026-08-30 13:44:22,387 ] "updateOrCreateCreatureFromProtobuf: no creature with id 1342264826 found"
[ 2026-08-30 13:44:22,388 ] "updateOrCreateCreatureFromProtobuf: no creature with id 1342264868 found"
[ 2026-08-30 13:44:22,607 ] "updateOrCreateCreatureFromProtobuf: no creature with id 1342264826 found"
[ 2026-08-30 13:44:22,608 ] "updateOrCreateCreatureFromProtobuf: no creature with id 1342264826 found"
[ 2026-08-30 13:44:23,259 ] "updateOrCreateCreatureFromProtobuf: no creature with id 1342264818 found"
[ 2026-08-30 13:44:23,367 ] "updateOrCreateCreatureFromProtobuf: no creature with id 1342264827 found"
[ 2026-08-30 13:44:23,921 ] "updateOrCreateCreatureFromProtobuf: no creature with id 1342264826 found"
[ 2026-08-30 13:44:24,122 ] "updateOrCreateCreatureFromProtobuf: no creature with id 1342264844 found"
[ 2026-08-30 13:44:24,355 ] "updateOrCreateCreatureFromProtobuf: no creature with id 1342264844 found"
[ 2026-08-30 13:44:24,561 ] "updateOrCreateCreatureFromProtobuf: no creature with id 1342264826 found"
[ 2026-08-30 13:44:24,779 ] "updateOrCreateCreatureFromProtobuf: no creature with id 1342264826 found"
[ 2026-08-30 13:44:24,780 ] "updateOrCreateCreatureFromProtobuf: no creature with id 1342264826 found"
[ 2026-08-30 13:44:25,324 ] "updateOrCreateCreatureFromProtobuf: no creature with id 1342264844 found"
[ 2026-08-30 13:44:25,325 ] "updateOrCreateCreatureFromProtobuf: no creature with id 1342264844 found"
[ 2026-08-30 13:44:25,325 ] "updateOrCreateCreatureFromProtobuf: no creature with id 1342264844 found"
[ 2026-08-30 13:44:25,434 ] "updateOrCreateCreatureFromProtobuf: no creature with id 1342264844 found"
[ 2026-08-30 13:44:36,341 ] "updateOrCreateCreatureFromProtobuf: no creature with id 1342264866 found"
[ 2026-08-30 13:44:40,724 ] "updateOrCreateCreatureFromProtobuf: no creature with id 1342264866 found"
[ 2026-08-30 13:44:40,725 ] "updateOrCreateCreatureFromProtobuf: no creature with id 1342264866 found"
[ 2026-08-30 13:44:40,725 ] "updateOrCreateCreatureFromProtobuf: no creature with id 1342264815 found"
[ 2026-08-30 13:44:41,822 ] "updateOrCreateCreatureFromProtobuf: no creature with id 1342264888 found"
[ 2026-08-30 13:44:41,965 ] "updateOrCreateCreatureFromProtobuf: no creature with id 1342264888 found"
[ 2026-08-30 13:44:42,741 ] "updateOrCreateCreatureFromProtobuf: no creature with id 1342264888 found"
[ 2026-08-30 13:44:42,900 ] "updateOrCreateCreatureFromProtobuf: no creature with id 1342264866 found"
[ 2026-08-30 13:44:42,908 ] "updateOrCreateCreatureFromProtobuf: no creature with id 1342264866 found"
[ 2026-08-30 13:44:42,908 ] "updateOrCreateCreatureFromProtobuf: no creature with id 1342264866 found"
[ 2026-08-30 13:44:42,909 ] "updateOrCreateCreatureFromProtobuf: no creature with id 1342264815 found"
[ 2026-08-30 13:44:42,909 ] "updateOrCreateCreatureFromProtobuf: no creature with id 1342264866 found"
[ 2026-08-30 13:44:43,681 ] "updateOrCreateCreatureFromProtobuf: no creature with id 1342264888 found"
[ 2026-08-30 13:44:43,898 ] "updateOrCreateCreatureFromProtobuf: no creature with id 1342264888 found"
[ 2026-08-30 13:44:43,899 ] "updateOrCreateCreatureFromProtobuf: no creature with id 1342264887 found"
[ 2026-08-30 13:44:44,011 ] "updateOrCreateCreatureFromProtobuf: no creature with id 1342264888 found"
[ 2026-08-30 13:44:44,012 ] "updateOrCreateCreatureFromProtobuf: no creature with id 1342264888 found"
[ 2026-08-30 13:44:44,014 ] "updateOrCreateCreatureFromProtobuf: no creature with id 1342264879 found"
[ 2026-08-30 13:44:44,320 ] "updateOrCreateCreatureFromProtobuf: no creature with id 1342264866 found"
[ 2026-08-30 13:44:45,084 ] "updateOrCreateCreatureFromProtobuf: no creature with id 1342264866 found"
[ 2026-08-30 13:44:45,085 ] "updateOrCreateCreatureFromProtobuf: no creature with id 1342264866 found"
[ 2026-08-30 13:44:45,085 ] "updateOrCreateCreatureFromProtobuf: no creature with id 1342264815 found"
[ 2026-08-30 13:44:46,057 ] "updateOrCreateCreatureFromProtobuf: no creature with id 1342264887 found"
[ 2026-08-30 13:44:49,443 ] "updateOrCreateCreatureFromProtobuf: no creature with id 1342264887 found"
[ 2026-08-30 13:44:52,595 ] "updateOrCreateCreatureFromProtobuf: no creature with id 1342264887 found"
[ 2026-08-30 13:44:52,595 ] "updateOrCreateCreatureFromProtobuf: no creature with id 1342264887 found"
[ 2026-08-30 13:44:54,766 ] "updateOrCreateCreatureFromProtobuf: no creature with id 1342264887 found"
[ 2026-08-30 13:44:56,941 ] "updateOrCreateCreatureFromProtobuf: no creature with id 1342264887 found"
[ 2026-08-30 13:44:59,146 ] "updateOrCreateCreatureFromProtobuf: no creature with id 1342264887 found"
[ 2026-08-30 13:45:01,359 ] "updateOrCreateCreatureFromProtobuf: no creature with id 1342264887 found"
[ 2026-08-30 13:45:02,986 ] "updateOrCreateCreatureFromProtobuf: no creature with id 1342264896 found"
[ 2026-08-30 13:45:03,973 ] "updateOrCreateCreatureFromProtobuf: no creature with id 1342264887 found"
[ 2026-08-30 13:45:03,974 ] "updateOrCreateCreatureFromProtobuf: no creature with id 1342264887 found"
[ 2026-08-30 13:45:05,701 ] "updateOrCreateCreatureFromProtobuf: no creature with id 1342264887 found"
[ 2026-08-30 13:45:05,733 ] "updateOrCreateCreatureFromProtobuf: no creature with id 1342264887 found"
[ 2026-08-30 13:45:06,171 ] "updateOrCreateCreatureFromProtobuf: no creature with id 1342264908 found"
[ 2026-08-30 13:45:06,609 ] "updateOrCreateCreatureFromProtobuf: no creature with id 1342264887 found"
[ 2026-08-30 13:45:07,918 ] "updateOrCreateCreatureFromProtobuf: no creature with id 1342264887 found"
[ 2026-08-30 13:45:08,356 ] "updateOrCreateCreatureFromProtobuf: no creature with id 1342264887 found"
[ 2026-08-30 13:45:08,357 ] "updateOrCreateCreatureFromProtobuf: no creature with id 1342264887 found"
[ 2026-08-30 13:45:08,799 ] "updateOrCreateCreatureFromProtobuf: no creature with id 1342264887 found"
[ 2026-08-30 13:45:10,118 ] "updateOrCreateCreatureFromProtobuf: no creature with id 1342264887 found"
[ 2026-08-30 13:45:10,564 ] "updateOrCreateCreatureFromProtobuf: no creature with id 1342264887 found"
[ 2026-08-30 13:45:10,565 ] "updateOrCreateCreatureFromProtobuf: no creature with id 1342264887 found"
[ 2026-08-30 13:45:11,000 ] "updateOrCreateCreatureFromProtobuf: no creature with id 1342264887 found"
[ 2026-08-30 13:45:11,228 ] "updateOrCreateCreatureFromProtobuf: no creature with id 1342264907 found"
[ 2026-08-30 13:45:13,188 ] "updateOrCreateCreatureFromProtobuf: no creature with id 1342264887 found"
[ 2026-08-30 13:45:13,408 ] "updateOrCreateCreatureFromProtobuf: no creature with id 1342264907 found"
[ 2026-08-30 13:45:13,516 ] "updateOrCreateCreatureFromProtobuf: no creature with id 1342264887 found"
[ 2026-08-30 13:45:13,614 ] "updateOrCreateCreatureFromProtobuf: no creature with id 1342264887 found"
[ 2026-08-30 13:45:14,034 ] "updateOrCreateCreatureFromProtobuf: no creature with id 1342264887 found"
[ 2026-08-30 13:45:14,925 ] "updateOrCreateCreatureFromProtobuf: no creature with id 1342264918 found"
[ 2026-08-30 13:45:14,936 ] "updateOrCreateCreatureFromProtobuf: no creature with id 1342264887 found"
[ 2026-08-30 13:45:15,378 ] "updateOrCreateCreatureFromProtobuf: no creature with id 1342264887 found"
[ 2026-08-30 13:45:15,492 ] "updateOrCreateCreatureFromProtobuf: no creature with id 1342264918 found"
[ 2026-08-30 13:45:15,493 ] "updateOrCreateCreatureFromProtobuf: no creature with id 1342264918 found"
[ 2026-08-30 13:45:15,600 ] "updateOrCreateCreatureFromProtobuf: no creature with id 1342264887 found"
[ 2026-08-30 13:45:15,601 ] "updateOrCreateCreatureFromProtobuf: no creature with id 1342264887 found"
[ 2026-08-30 13:45:15,709 ] "updateOrCreateCreatureFromProtobuf: no creature with id 1342264887 found"
[ 2026-08-30 13:45:17,115 ] "updateOrCreateCreatureFromProtobuf: no creature with id 1342264908 found"
[ 2026-08-30 13:45:17,115 ] "updateOrCreateCreatureFromProtobuf: no creature with id 1342264887 found"
[ 2026-08-30 13:45:17,555 ] "updateOrCreateCreatureFromProtobuf: no creature with id 1342264887 found"
[ 2026-08-30 13:45:17,773 ] "updateOrCreateCreatureFromProtobuf: no creature with id 1342264887 found"
[ 2026-08-30 13:45:17,882 ] "updateOrCreateCreatureFromProtobuf: no creature with id 1342264887 found"
[ 2026-08-30 13:45:17,883 ] "updateOrCreateCreatureFromProtobuf: no creature with id 1342264887 found"
[ 2026-08-30 13:45:17,883 ] "updateOrCreateCreatureFromProtobuf: no creature with id 1342264918 found"
[ 2026-08-30 13:45:18,293 ] "updateOrCreateCreatureFromProtobuf: no creature with id 1342264907 found"
[ 2026-08-30 13:45:18,325 ] "updateOrCreateCreatureFromProtobuf: no creature with id 1342264907 found"
[ 2026-08-30 13:45:18,405 ] "updateOrCreateCreatureFromProtobuf: no creature with id 1342264924 found"
[ 2026-08-30 13:45:18,406 ] "updateOrCreateCreatureFromProtobuf: no creature with id 1342264918 found"
[ 2026-08-30 13:45:19,310 ] "updateOrCreateCreatureFromProtobuf: no creature with id 1342264907 found"
[ 2026-08-30 13:45:19,311 ] "updateOrCreateCreatureFromProtobuf: no creature with id 1342264887 found"
[ 2026-08-30 13:45:19,400 ] "updateOrCreateCreatureFromProtobuf: no creature with id 1342264918 found"
[ 2026-08-30 13:45:19,744 ] "updateOrCreateCreatureFromProtobuf: no creature with id 1342264887 found"
[ 2026-08-30 13:45:19,854 ] "updateOrCreateCreatureFromProtobuf: no creature with id 1342264918 found"
[ 2026-08-30 13:45:20,087 ] "updateOrCreateCreatureFromProtobuf: no creature with id 1342264887 found"
[ 2026-08-30 13:45:20,088 ] "updateOrCreateCreatureFromProtobuf: no creature with id 1342264887 found"
[ 2026-08-30 13:45:20,089 ] "updateOrCreateCreatureFromProtobuf: no creature with id 1342264918 found"
[ 2026-08-30 13:45:20,530 ] "updateOrCreateCreatureFromProtobuf: no creature with id 1342264924 found"
[ 2026-08-30 13:45:21,382 ] "updateOrCreateCreatureFromProtobuf: no creature with id 1342264918 found"
[ 2026-08-30 13:45:22,035 ] "updateOrCreateCreatureFromProtobuf: no creature with id 1342264918 found"
[ 2026-08-30 13:45:22,255 ] "updateOrCreateCreatureFromProtobuf: no creature with id 1342264918 found"
[ 2026-08-30 13:45:22,676 ] "updateOrCreateCreatureFromProtobuf: no creature with id 1342264924 found"
[ 2026-08-30 13:45:23,550 ] "updateOrCreateCreatureFromProtobuf: no creature with id 1342264918 found"
[ 2026-08-30 13:45:24,206 ] "updateOrCreateCreatureFromProtobuf: no creature with id 1342264918 found"
[ 2026-08-30 13:45:24,426 ] "updateOrCreateCreatureFromProtobuf: no creature with id 1342264918 found"
[ 2026-08-30 13:45:24,863 ] "updateOrCreateCreatureFromProtobuf: no creature with id 1342264907 found"
[ 2026-08-30 13:45:25,742 ] "updateOrCreateCreatureFromProtobuf: no creature with id 1342264918 found"
[ 2026-08-30 13:45:26,384 ] "updateOrCreateCreatureFromProtobuf: no creature with id 1342264918 found"
[ 2026-08-30 13:45:26,604 ] "updateOrCreateCreatureFromProtobuf: no creature with id 1342264918 found"
[ 2026-08-30 13:45:27,041 ] "updateOrCreateCreatureFromProtobuf: no creature with id 1342264924 found"
[ 2026-08-30 13:45:27,386 ] "updateOrCreateCreatureFromProtobuf: no creature with id 1342264918 found"
[ 2026-08-30 13:45:27,916 ] "updateOrCreateCreatureFromProtobuf: no creature with id 1342264918 found"
[ 2026-08-30 13:46:26,484 ] "updateOrCreateCreatureFromProtobuf: no creature with id 1342217023 found"
[ 2026-08-30 13:46:26,484 ] "updateOrCreateCreatureFromProtobuf: no creature with id 1342204990 found"
[ 2026-08-30 13:46:26,484 ] "updateOrCreateCreatureFromProtobuf: no creature with id 1342204991 found"
[ 2026-08-30 13:46:26,484 ] "updateOrCreateCreatureFromProtobuf: no creature with id 1342205036 found"
[ 2026-08-30 13:46:26,484 ] "updateOrCreateCreatureFromProtobuf: no creature with id 1342205037 found"
[ 2026-08-30 13:46:26,484 ] "updateOrCreateCreatureFromProtobuf: no creature with id 1342205045 found"
[ 2026-08-30 13:46:26,485 ] "updateOrCreateCreatureFromProtobuf: no creature with id 1342205083 found"
[ 2026-08-30 13:46:26,485 ] "updateOrCreateCreatureFromProtobuf: no creature with id 1342217084 found"
[ 2026-08-30 13:46:26,485 ] "updateOrCreateCreatureFromProtobuf: no creature with id 1342217085 found"
[ 2026-08-30 13:46:26,485 ] "updateOrCreateCreatureFromProtobuf: no creature with id 1342205035 found"
[ 2026-08-30 13:46:26,485 ] "updateOrCreateCreatureFromProtobuf: no creature with id 1342205039 found"
[ 2026-08-30 13:46:26,485 ] "updateOrCreateCreatureFromProtobuf: no creature with id 1342205093 found"
[ 2026-08-30 13:46:26,485 ] "updateOrCreateCreatureFromProtobuf: no creature with id 1342205094 found"
[ 2026-08-30 13:46:26,485 ] "updateOrCreateCreatureFromProtobuf: no creature with id 1342205038 found"
[ 2026-08-30 13:46:26,766 ] "updateOrCreateCreatureFromProtobuf: no creature with id 1342217023 found"
[ 2026-08-30 13:46:26,766 ] "updateOrCreateCreatureFromProtobuf: no creature with id 1342204990 found"
[ 2026-08-30 13:46:26,766 ] "updateOrCreateCreatureFromProtobuf: no creature with id 1342204991 found"
[ 2026-08-30 13:46:26,767 ] "updateOrCreateCreatureFromProtobuf: no creature with id 1342205036 found"
[ 2026-08-30 13:46:26,767 ] "updateOrCreateCreatureFromProtobuf: no creature with id 1342205037 found"
[ 2026-08-30 13:46:26,767 ] "updateOrCreateCreatureFromProtobuf: no creature with id 1342205045 found"
[ 2026-08-30 13:46:26,767 ] "updateOrCreateCreatureFromProtobuf: no creature with id 1342205083 found"
[ 2026-08-30 13:46:26,767 ] "updateOrCreateCreatureFromProtobuf: no creature with id 1342217084 found"
[ 2026-08-30 13:46:26,767 ] "updateOrCreateCreatureFromProtobuf: no creature with id 1342217085 found"
[ 2026-08-30 13:46:26,767 ] "updateOrCreateCreatureFromProtobuf: no creature with id 1342205035 found"
[ 2026-08-30 13:46:26,767 ] "updateOrCreateCreatureFromProtobuf: no creature with id 1342205039 found"
[ 2026-08-30 13:46:26,768 ] "updateOrCreateCreatureFromProtobuf: no creature with id 1342205093 found"
[ 2026-08-30 13:46:26,768 ] "updateOrCreateCreatureFromProtobuf: no creature with id 1342205094 found"
[ 2026-08-30 13:46:26,768 ] "updateOrCreateCreatureFromProtobuf: no creature with id 1342205038 found"
[ 2026-08-30 13:46:51,256 ] Connection to gameserver  "tcp://127.0.0.1:7172" "Global"  was disconnected ( "The remote host closed the connection" )
[ 2026-08-30 13:46:51,263 ] StartDownload:  QUrl("")
[ 2026-08-30 13:46:51,325 ] Disconnected from gameserver
[ 2026-08-31 14:32:05,133 ] Using spritesheet cache size of 910
[ 2026-08-31 14:32:05,219 ] Sound engine initialized with default sound device "Alto-falantes (Realtek High Definition Audio(SST))"
[ 2026-08-31 14:32:05,224 ] Switch used audio device to "Alto-falantes (Realtek High Definition Audio(SST))"
[ 2026-08-31 14:32:16,362 ] Asset loading complete
[ 2026-08-31 14:32:16,651 ] StartDownload:  QUrl("")
[ 2026-08-31 14:33:42,842 ] News query failed: "Unrecognized event news."
[ 2026-08-31 14:33:44,843 ] BattlEye: "Initialized (v1.249)"
[ 2026-08-31 14:33:44,843 ] BattlEye: "Restarting client is necessary, service isn't running properly"
[ 2026-08-31 14:33:44,843 ] BattlEye: "Restarting client is necessary, update required"
[ 2026-08-31 14:33:44,843 ] BattlEye: "Config entry: GameID tibia"
[ 2026-08-31 14:33:44,843 ] BattlEye: "Config entry: MasterPort 7171"
[ 2026-08-31 14:33:44,962 ] Request connection to gameserver  "tcp://127.0.0.1:7172"  (unprotected:  "tcp://127.0.0.1:7172" )  requested (Charakter "Guerreiro" )
[ 2026-08-31 14:33:44,968 ] Request connection to gameserver  "tcp://127.0.0.1:7172" "Global"
[ 2026-08-31 14:33:44,976 ] Connected to gameserver  "tcp://127.0.0.1:7172" "Global"
[ 2026-08-31 14:33:45,022 ] News query failed: "Unrecognized event news."
[ 2026-08-31 14:34:04,218 ] Connection to gameserver  "tcp://127.0.0.1:7172" "Global"  was disconnected ( "The remote host closed the connection" )
[ 2026-08-31 14:34:04,218 ] StartDownload:  QUrl("")
[ 2026-08-31 14:34:04,267 ] Disconnected from gameserver
[ 2026-08-31 14:34:04,665 ] News query failed: "Unrecognized event news."
[ 2026-08-31 14:34:07,952 ] Didn't send news query with params (HighPotential: true Returner: true MaxKnownEditDate: 1590979202 ) (URL: QUrl("http://127.0.0.1/login.php") ) due to too many retries.
[ 2026-08-31 14:34:09,146 ] Didn't send news query with params (HighPotential: true Returner: true MaxKnownEditDate: 1590979202 ) (URL: QUrl("http://127.0.0.1/login.php") ) due to too many retries.
[ 2026-08-31 14:34:09,211 ] Request connection to gameserver  "tcp://127.0.0.1:7172"  (unprotected:  "tcp://127.0.0.1:7172" )  requested (Charakter "Guerreiro" )
[ 2026-08-31 14:34:09,213 ] Request connection to gameserver  "tcp://127.0.0.1:7172" "Global"
[ 2026-08-31 14:34:09,228 ] Connected to gameserver  "tcp://127.0.0.1:7172" "Global"
[ 2026-08-31 14:34:09,410 ] "updateOrCreateCreatureFromProtobuf: no creature with id 1342198913 found"
[ 2026-08-31 14:34:09,410 ] "updateOrCreateCreatureFromProtobuf: no creature with id 1342198914 found"
[ 2026-08-31 14:34:09,411 ] "updateOrCreateCreatureFromProtobuf: no creature with id 1342198915 found"
[ 2026-08-31 14:34:09,411 ] "updateOrCreateCreatureFromProtobuf: no creature with id 1342198916 found"
[ 2026-08-31 14:34:09,411 ] "updateOrCreateCreatureFromProtobuf: no creature with id 1342198917 found"
[ 2026-08-31 14:34:09,411 ] "updateOrCreateCreatureFromProtobuf: no creature with id 1342198918 found"
[ 2026-08-31 14:34:09,411 ] "updateOrCreateCreatureFromProtobuf: no creature with id 1342198919 found"
[ 2026-08-31 14:34:09,411 ] "updateOrCreateCreatureFromProtobuf: no creature with id 1342198920 found"
[ 2026-08-31 14:34:12,418 ] Connection to gameserver  "tcp://127.0.0.1:7172" "Global"  was disconnected ( "The remote host closed the connection" )
[ 2026-08-31 14:34:12,418 ] StartDownload:  QUrl("")
[ 2026-08-31 14:34:12,466 ] Disconnected from gameserver
[ 2026-08-31 14:34:12,509 ] Didn't send news query with params (HighPotential: true Returner: true MaxKnownEditDate: 1590979202 ) (URL: QUrl("http://127.0.0.1/login.php") ) due to too many retries.
[ 2026-08-31 14:36:57,750 ] Didn't send news query with params (HighPotential: true Returner: true MaxKnownEditDate: 1590979202 ) (URL: QUrl("http://127.0.0.1/login.php") ) due to too many retries.
[ 2026-08-31 14:36:59,447 ] Didn't send news query with params (HighPotential: true Returner: true MaxKnownEditDate: 1590979202 ) (URL: QUrl("http://127.0.0.1/login.php") ) due to too many retries.
[ 2026-08-31 14:36:59,511 ] Request connection to gameserver  "tcp://127.0.0.1:7172"  (unprotected:  "tcp://127.0.0.1:7172" )  requested (Charakter "Guerreiro" )
[ 2026-08-31 14:36:59,516 ] Request connection to gameserver  "tcp://127.0.0.1:7172" "Global"
[ 2026-08-31 14:36:59,531 ] Connected to gameserver  "tcp://127.0.0.1:7172" "Global"
[ 2026-08-31 14:36:59,769 ] "updateOrCreateCreatureFromProtobuf: no creature with id 1342198913 found"
[ 2026-08-31 14:36:59,769 ] "updateOrCreateCreatureFromProtobuf: no creature with id 1342198914 found"
[ 2026-08-31 14:36:59,769 ] "updateOrCreateCreatureFromProtobuf: no creature with id 1342198915 found"
[ 2026-08-31 14:36:59,769 ] "updateOrCreateCreatureFromProtobuf: no creature with id 1342198916 found"
[ 2026-08-31 14:36:59,769 ] "updateOrCreateCreatureFromProtobuf: no creature with id 1342198917 found"
[ 2026-08-31 14:36:59,769 ] "updateOrCreateCreatureFromProtobuf: no creature with id 1342198918 found"
[ 2026-08-31 14:36:59,769 ] "updateOrCreateCreatureFromProtobuf: no creature with id 1342198919 found"
[ 2026-08-31 14:36:59,769 ] "updateOrCreateCreatureFromProtobuf: no creature with id 1342198920 found"
[ 2026-08-31 14:37:06,168 ] Connection to gameserver  "tcp://127.0.0.1:7172" "Global"  was disconnected ( "The remote host closed the connection" )
[ 2026-08-31 14:37:06,168 ] StartDownload:  QUrl("")
[ 2026-08-31 14:37:06,215 ] Disconnected from gameserver
[ 2026-08-31 14:37:06,260 ] Didn't send news query with params (HighPotential: true Returner: true MaxKnownEditDate: 1590979202 ) (URL: QUrl("http://127.0.0.1/login.php") ) due to too many retries.
[ 2026-08-31 14:38:11,878 ] Didn't send news query with params (HighPotential: true Returner: true MaxKnownEditDate: 1590979202 ) (URL: QUrl("http://127.0.0.1/login.php") ) due to too many retries.
[ 2026-08-31 14:38:13,112 ] Didn't send news query with params (HighPotential: true Returner: true MaxKnownEditDate: 1590979202 ) (URL: QUrl("http://127.0.0.1/login.php") ) due to too many retries.
[ 2026-08-31 14:38:13,177 ] Request connection to gameserver  "tcp://127.0.0.1:7172"  (unprotected:  "tcp://127.0.0.1:7172" )  requested (Charakter "Guerreiro" )
[ 2026-08-31 14:38:13,180 ] Request connection to gameserver  "tcp://127.0.0.1:7172" "Global"
[ 2026-08-31 14:38:13,195 ] Connected to gameserver  "tcp://127.0.0.1:7172" "Global"
[ 2026-08-31 14:38:13,369 ] "updateOrCreateCreatureFromProtobuf: no creature with id 1342198913 found"
[ 2026-08-31 14:38:13,369 ] "updateOrCreateCreatureFromProtobuf: no creature with id 1342198914 found"
[ 2026-08-31 14:38:13,369 ] "updateOrCreateCreatureFromProtobuf: no creature with id 1342198915 found"
[ 2026-08-31 14:38:13,369 ] "updateOrCreateCreatureFromProtobuf: no creature with id 1342198916 found"
[ 2026-08-31 14:38:13,369 ] "updateOrCreateCreatureFromProtobuf: no creature with id 1342198917 found"
[ 2026-08-31 14:38:13,369 ] "updateOrCreateCreatureFromProtobuf: no creature with id 1342198918 found"
[ 2026-08-31 14:38:13,369 ] "updateOrCreateCreatureFromProtobuf: no creature with id 1342198919 found"
[ 2026-08-31 14:38:13,369 ] "updateOrCreateCreatureFromProtobuf: no creature with id 1342198920 found"
[ 2026-08-31 14:38:21,318 ] Connection to gameserver  "tcp://127.0.0.1:7172" "Global"  was disconnected ( "The remote host closed the connection" )
[ 2026-08-31 14:38:21,318 ] StartDownload:  QUrl("")
[ 2026-08-31 14:38:21,367 ] Disconnected from gameserver
[ 2026-08-31 14:38:21,417 ] Didn't send news query with params (HighPotential: true Returner: true MaxKnownEditDate: 1590979202 ) (URL: QUrl("http://127.0.0.1/login.php") ) due to too many retries.
[ 2026-08-31 14:38:22,343 ] Didn't send news query with params (HighPotential: true Returner: true MaxKnownEditDate: 1590979202 ) (URL: QUrl("http://127.0.0.1/login.php") ) due to too many retries.
[ 2026-08-31 14:38:22,406 ] Request connection to gameserver  "tcp://127.0.0.1:7172"  (unprotected:  "tcp://127.0.0.1:7172" )  requested (Charakter "Henrique" )
[ 2026-08-31 14:38:22,409 ] Request connection to gameserver  "tcp://127.0.0.1:7172" "Global"
[ 2026-08-31 14:38:22,423 ] Connected to gameserver  "tcp://127.0.0.1:7172" "Global"
[ 2026-08-31 14:38:22,642 ] "updateOrCreateCreatureFromProtobuf: no creature with id 1342217053 found"
[ 2026-08-31 14:38:22,642 ] "updateOrCreateCreatureFromProtobuf: no creature with id 1342205020 found"
[ 2026-08-31 14:38:22,642 ] "updateOrCreateCreatureFromProtobuf: no creature with id 1342205021 found"
[ 2026-08-31 14:38:22,642 ] "updateOrCreateCreatureFromProtobuf: no creature with id 1342205065 found"
[ 2026-08-31 14:38:22,642 ] "updateOrCreateCreatureFromProtobuf: no creature with id 1342205066 found"
[ 2026-08-31 14:38:22,642 ] "updateOrCreateCreatureFromProtobuf: no creature with id 1342205067 found"
[ 2026-08-31 14:38:22,642 ] "updateOrCreateCreatureFromProtobuf: no creature with id 1342205075 found"
[ 2026-08-31 14:38:22,642 ] "updateOrCreateCreatureFromProtobuf: no creature with id 1342205113 found"
[ 2026-08-31 14:38:22,642 ] "updateOrCreateCreatureFromProtobuf: no creature with id 1342217114 found"
[ 2026-08-31 14:38:22,643 ] "updateOrCreateCreatureFromProtobuf: no creature with id 1342217115 found"
[ 2026-08-31 14:38:22,643 ] "updateOrCreateCreatureFromProtobuf: no creature with id 1342205068 found"
[ 2026-08-31 14:38:22,643 ] "updateOrCreateCreatureFromProtobuf: no creature with id 1342205069 found"
[ 2026-08-31 14:38:22,643 ] "updateOrCreateCreatureFromProtobuf: no creature with id 1342205123 found"
[ 2026-08-31 14:38:22,643 ] "updateOrCreateCreatureFromProtobuf: no creature with id 1342205124 found"
[ 2026-08-31 14:38:47,518 ] Connection to gameserver  "tcp://127.0.0.1:7172" "Global"  was disconnected ( "The remote host closed the connection" )
[ 2026-08-31 14:38:47,519 ] StartDownload:  QUrl("")
[ 2026-08-31 14:38:47,575 ] Disconnected from gameserver
[ 2026-08-31 14:38:47,622 ] Didn't send news query with params (HighPotential: true Returner: true MaxKnownEditDate: 1590979202 ) (URL: QUrl("http://127.0.0.1/login.php") ) due to too many retries.
[ 2026-08-31 14:41:12,914 ] Didn't send news query with params (HighPotential: true Returner: true MaxKnownEditDate: 1590979202 ) (URL: QUrl("http://127.0.0.1/login.php") ) due to too many retries.
[ 2026-08-31 14:41:14,446 ] Didn't send news query with params (HighPotential: true Returner: true MaxKnownEditDate: 1590979202 ) (URL: QUrl("http://127.0.0.1/login.php") ) due to too many retries.
[ 2026-08-31 14:41:14,533 ] Request connection to gameserver  "tcp://127.0.0.1:7172"  (unprotected:  "tcp://127.0.0.1:7172" )  requested (Charakter "Henrique" )
[ 2026-08-31 14:41:14,538 ] Request connection to gameserver  "tcp://127.0.0.1:7172" "Global"
[ 2026-08-31 14:41:14,559 ] Connected to gameserver  "tcp://127.0.0.1:7172" "Global"
[ 2026-08-31 14:41:14,867 ] "updateOrCreateCreatureFromProtobuf: no creature with id 1342217053 found"
[ 2026-08-31 14:41:14,867 ] "updateOrCreateCreatureFromProtobuf: no creature with id 1342205020 found"
[ 2026-08-31 14:41:14,867 ] "updateOrCreateCreatureFromProtobuf: no creature with id 1342205021 found"
[ 2026-08-31 14:41:14,867 ] "updateOrCreateCreatureFromProtobuf: no creature with id 1342205065 found"
[ 2026-08-31 14:41:14,867 ] "updateOrCreateCreatureFromProtobuf: no creature with id 1342205066 found"
[ 2026-08-31 14:41:14,867 ] "updateOrCreateCreatureFromProtobuf: no creature with id 1342205067 found"
[ 2026-08-31 14:41:14,867 ] "updateOrCreateCreatureFromProtobuf: no creature with id 1342205075 found"
[ 2026-08-31 14:41:14,867 ] "updateOrCreateCreatureFromProtobuf: no creature with id 1342205113 found"
[ 2026-08-31 14:41:14,867 ] "updateOrCreateCreatureFromProtobuf: no creature with id 1342217114 found"
[ 2026-08-31 14:41:14,867 ] "updateOrCreateCreatureFromProtobuf: no creature with id 1342217115 found"
[ 2026-08-31 14:41:14,867 ] "updateOrCreateCreatureFromProtobuf: no creature with id 1342205068 found"
[ 2026-08-31 14:41:14,867 ] "updateOrCreateCreatureFromProtobuf: no creature with id 1342205069 found"
[ 2026-08-31 14:41:14,868 ] "updateOrCreateCreatureFromProtobuf: no creature with id 1342205123 found"
[ 2026-08-31 14:41:14,868 ] "updateOrCreateCreatureFromProtobuf: no creature with id 1342205124 found"
[ 2026-08-31 14:41:50,220 ] Connection to gameserver  "tcp://127.0.0.1:7172" "Global"  was disconnected ( "The remote host closed the connection" )
[ 2026-08-31 14:41:50,220 ] StartDownload:  QUrl("")
[ 2026-08-31 14:41:50,283 ] Disconnected from gameserver
[ 2026-08-31 14:41:50,356 ] Didn't send news query with params (HighPotential: true Returner: true MaxKnownEditDate: 1590979202 ) (URL: QUrl("http://127.0.0.1/login.php") ) due to too many retries.
[ 2026-09-01 13:02:23,193 ] Using spritesheet cache size of 910
[ 2026-09-01 13:02:23,250 ] Sound engine initialized with default sound device "Alto-falantes (Realtek High Definition Audio(SST))"
[ 2026-09-01 13:02:23,254 ] Switch used audio device to "Alto-falantes (Realtek High Definition Audio(SST))"
[ 2026-09-01 13:02:34,379 ] Asset loading complete
[ 2026-09-01 13:02:34,845 ] StartDownload:  QUrl("")
[ 2026-09-01 13:03:18,829 ] News query failed: "Unrecognized event news."
[ 2026-09-01 13:03:22,399 ] BattlEye: "Initialized (v1.249)"
[ 2026-09-01 13:03:22,399 ] BattlEye: "Restarting client is necessary, service isn't running properly"
[ 2026-09-01 13:03:22,399 ] BattlEye: "Restarting client is necessary, update required"
[ 2026-09-01 13:03:22,399 ] BattlEye: "Config entry: GameID tibia"
[ 2026-09-01 13:03:22,399 ] BattlEye: "Config entry: MasterPort 7171"
[ 2026-09-01 13:03:22,580 ] Request connection to gameserver  "tcp://127.0.0.1:7172"  (unprotected:  "tcp://127.0.0.1:7172" )  requested (Charakter "Guerreiro" )
[ 2026-09-01 13:03:22,591 ] Request connection to gameserver  "tcp://127.0.0.1:7172" "Global"
[ 2026-09-01 13:03:22,609 ] Connected to gameserver  "tcp://127.0.0.1:7172" "Global"
[ 2026-09-01 13:03:22,674 ] News query failed: "Unrecognized event news."
[ 2026-09-01 13:03:28,879 ] Connection to gameserver  "tcp://127.0.0.1:7172" "Global"  was disconnected ( "The remote host closed the connection" )
[ 2026-09-01 13:03:28,879 ] StartDownload:  QUrl("")
[ 2026-09-01 13:03:28,956 ] Disconnected from gameserver
[ 2026-09-01 13:03:29,530 ] News query failed: "Unrecognized event news."
[ 2026-09-01 13:03:30,095 ] Didn't send news query with params (HighPotential: true Returner: true MaxKnownEditDate: 1590979202 ) (URL: QUrl("http://127.0.0.1/login.php") ) due to too many retries.
[ 2026-09-01 13:03:30,201 ] Request connection to gameserver  "tcp://127.0.0.1:7172"  (unprotected:  "tcp://127.0.0.1:7172" )  requested (Charakter "Henrique" )
[ 2026-09-01 13:03:30,209 ] Request connection to gameserver  "tcp://127.0.0.1:7172" "Global"
[ 2026-09-01 13:03:30,228 ] Connected to gameserver  "tcp://127.0.0.1:7172" "Global"
[ 2026-09-01 13:03:54,277 ] "updateOrCreateCreatureFromProtobuf: no creature with id 1342217025 found"
[ 2026-09-01 13:03:54,278 ] "updateOrCreateCreatureFromProtobuf: no creature with id 1342204992 found"
[ 2026-09-01 13:03:54,278 ] "updateOrCreateCreatureFromProtobuf: no creature with id 1342204993 found"
[ 2026-09-01 13:03:54,278 ] "updateOrCreateCreatureFromProtobuf: no creature with id 1342205037 found"
[ 2026-09-01 13:03:54,278 ] "updateOrCreateCreatureFromProtobuf: no creature with id 1342205038 found"
[ 2026-09-01 13:03:54,278 ] "updateOrCreateCreatureFromProtobuf: no creature with id 1342205039 found"
[ 2026-09-01 13:03:54,278 ] "updateOrCreateCreatureFromProtobuf: no creature with id 1342205047 found"
[ 2026-09-01 13:03:54,279 ] "updateOrCreateCreatureFromProtobuf: no creature with id 1342205085 found"
[ 2026-09-01 13:03:54,279 ] "updateOrCreateCreatureFromProtobuf: no creature with id 1342217086 found"
[ 2026-09-01 13:03:54,279 ] "updateOrCreateCreatureFromProtobuf: no creature with id 1342217087 found"
[ 2026-09-01 13:03:54,279 ] "updateOrCreateCreatureFromProtobuf: no creature with id 1342205040 found"
[ 2026-09-01 13:03:54,279 ] "updateOrCreateCreatureFromProtobuf: no creature with id 1342205041 found"
[ 2026-09-01 13:03:54,280 ] "updateOrCreateCreatureFromProtobuf: no creature with id 1342205095 found"
[ 2026-09-01 13:03:54,280 ] "updateOrCreateCreatureFromProtobuf: no creature with id 1342205096 found"
[ 2026-09-01 13:03:54,813 ] "updateOrCreateCreatureFromProtobuf: no creature with id 1342217025 found"
[ 2026-09-01 13:03:54,813 ] "updateOrCreateCreatureFromProtobuf: no creature with id 1342204992 found"
[ 2026-09-01 13:03:54,814 ] "updateOrCreateCreatureFromProtobuf: no creature with id 1342204993 found"
[ 2026-09-01 13:03:54,814 ] "updateOrCreateCreatureFromProtobuf: no creature with id 1342205037 found"
[ 2026-09-01 13:03:54,814 ] "updateOrCreateCreatureFromProtobuf: no creature with id 1342205038 found"
[ 2026-09-01 13:03:54,814 ] "updateOrCreateCreatureFromProtobuf: no creature with id 1342205039 found"
[ 2026-09-01 13:03:54,815 ] "updateOrCreateCreatureFromProtobuf: no creature with id 1342205047 found"
[ 2026-09-01 13:03:54,815 ] "updateOrCreateCreatureFromProtobuf: no creature with id 1342205085 found"
[ 2026-09-01 13:03:54,815 ] "updateOrCreateCreatureFromProtobuf: no creature with id 1342217086 found"
[ 2026-09-01 13:03:54,815 ] "updateOrCreateCreatureFromProtobuf: no creature with id 1342217087 found"
[ 2026-09-01 13:03:54,815 ] "updateOrCreateCreatureFromProtobuf: no creature with id 1342205040 found"
[ 2026-09-01 13:03:54,816 ] "updateOrCreateCreatureFromProtobuf: no creature with id 1342205041 found"
[ 2026-09-01 13:03:54,816 ] "updateOrCreateCreatureFromProtobuf: no creature with id 1342205095 found"
[ 2026-09-01 13:03:54,816 ] "updateOrCreateCreatureFromProtobuf: no creature with id 1342205096 found"
[ 2026-09-01 13:05:31,229 ] Connection to gameserver  "tcp://127.0.0.1:7172" "Global"  was disconnected ( "The remote host closed the connection" )
[ 2026-09-01 13:05:31,237 ] StartDownload:  QUrl("")
[ 2026-09-01 13:05:31,310 ] Disconnected from gameserver
[ 2026-09-01 13:07:22,118 ] Didn't send news query with params (HighPotential: true Returner: true MaxKnownEditDate: 1590979202 ) (URL: QUrl("http://127.0.0.1/login.php") ) due to too many retries.
[ 2026-09-01 13:07:22,998 ] Didn't send news query with params (HighPotential: true Returner: true MaxKnownEditDate: 1590979202 ) (URL: QUrl("http://127.0.0.1/login.php") ) due to too many retries.
[ 2026-09-01 13:07:23,137 ] Request connection to gameserver  "tcp://127.0.0.1:7172"  (unprotected:  "tcp://127.0.0.1:7172" )  requested (Charakter "Henrique" )
[ 2026-09-01 13:07:23,150 ] Request connection to gameserver  "tcp://127.0.0.1:7172" "Global"
[ 2026-09-01 13:07:23,170 ] Connected to gameserver  "tcp://127.0.0.1:7172" "Global"
[ 2026-09-01 13:08:35,552 ] "updateOrCreateCreatureFromProtobuf: no creature with id 1342217025 found"
[ 2026-09-01 13:08:35,552 ] "updateOrCreateCreatureFromProtobuf: no creature with id 1342204992 found"
[ 2026-09-01 13:08:35,552 ] "updateOrCreateCreatureFromProtobuf: no creature with id 1342204993 found"
[ 2026-09-01 13:08:35,552 ] "updateOrCreateCreatureFromProtobuf: no creature with id 1342205037 found"
[ 2026-09-01 13:08:35,553 ] "updateOrCreateCreatureFromProtobuf: no creature with id 1342205038 found"
[ 2026-09-01 13:08:35,553 ] "updateOrCreateCreatureFromProtobuf: no creature with id 1342205039 found"
[ 2026-09-01 13:08:35,553 ] "updateOrCreateCreatureFromProtobuf: no creature with id 1342205047 found"
[ 2026-09-01 13:08:35,553 ] "updateOrCreateCreatureFromProtobuf: no creature with id 1342205085 found"
[ 2026-09-01 13:08:35,553 ] "updateOrCreateCreatureFromProtobuf: no creature with id 1342217086 found"
[ 2026-09-01 13:08:35,553 ] "updateOrCreateCreatureFromProtobuf: no creature with id 1342217087 found"
[ 2026-09-01 13:08:35,553 ] "updateOrCreateCreatureFromProtobuf: no creature with id 1342205040 found"
[ 2026-09-01 13:08:35,553 ] "updateOrCreateCreatureFromProtobuf: no creature with id 1342205041 found"
[ 2026-09-01 13:08:35,553 ] "updateOrCreateCreatureFromProtobuf: no creature with id 1342205095 found"
[ 2026-09-01 13:08:35,553 ] "updateOrCreateCreatureFromProtobuf: no creature with id 1342205096 found"
[ 2026-09-01 13:08:35,830 ] "updateOrCreateCreatureFromProtobuf: no creature with id 1342217025 found"
[ 2026-09-01 13:08:35,830 ] "updateOrCreateCreatureFromProtobuf: no creature with id 1342204992 found"
[ 2026-09-01 13:08:35,830 ] "updateOrCreateCreatureFromProtobuf: no creature with id 1342204993 found"
[ 2026-09-01 13:08:35,831 ] "updateOrCreateCreatureFromProtobuf: no creature with id 1342205037 found"
[ 2026-09-01 13:08:35,831 ] "updateOrCreateCreatureFromProtobuf: no creature with id 1342205038 found"
[ 2026-09-01 13:08:35,831 ] "updateOrCreateCreatureFromProtobuf: no creature with id 1342205039 found"
[ 2026-09-01 13:08:35,831 ] "updateOrCreateCreatureFromProtobuf: no creature with id 1342205047 found"
[ 2026-09-01 13:08:35,831 ] "updateOrCreateCreatureFromProtobuf: no creature with id 1342205085 found"
[ 2026-09-01 13:08:35,831 ] "updateOrCreateCreatureFromProtobuf: no creature with id 1342217086 found"
[ 2026-09-01 13:08:35,832 ] "updateOrCreateCreatureFromProtobuf: no creature with id 1342217087 found"
[ 2026-09-01 13:08:35,832 ] "updateOrCreateCreatureFromProtobuf: no creature with id 1342205040 found"
[ 2026-09-01 13:08:35,832 ] "updateOrCreateCreatureFromProtobuf: no creature with id 1342205041 found"
[ 2026-09-01 13:08:35,832 ] "updateOrCreateCreatureFromProtobuf: no creature with id 1342205095 found"
[ 2026-09-01 13:08:35,832 ] "updateOrCreateCreatureFromProtobuf: no creature with id 1342205096 found"
[ 2026-09-01 13:09:03,831 ] Connection to gameserver  "tcp://127.0.0.1:7172" "Global"  was disconnected ( "The remote host closed the connection" )
[ 2026-09-01 13:09:03,832 ] StartDownload:  QUrl("")
[ 2026-09-01 13:09:03,907 ] Disconnected from gameserver
[ 2026-09-01 13:09:03,973 ] Didn't send news query with params (HighPotential: true Returner: true MaxKnownEditDate: 1590979202 ) (URL: QUrl("http://127.0.0.1/login.php") ) due to too many retries.
[ 2026-09-01 13:09:04,996 ] Didn't send news query with params (HighPotential: true Returner: true MaxKnownEditDate: 1590979202 ) (URL: QUrl("http://127.0.0.1/login.php") ) due to too many retries.
[ 2026-09-01 13:09:05,082 ] Request connection to gameserver  "tcp://127.0.0.1:7172"  (unprotected:  "tcp://127.0.0.1:7172" )  requested (Charakter "Guerreiro" )
[ 2026-09-01 13:09:05,083 ] Request connection to gameserver  "tcp://127.0.0.1:7172" "Global"
[ 2026-09-01 13:09:05,093 ] Connected to gameserver  "tcp://127.0.0.1:7172" "Global"
[ 2026-09-01 13:21:49,050 ] Connection to gameserver  "tcp://127.0.0.1:7172" "Global"  was disconnected ( "The remote host closed the connection" )
[ 2026-09-01 13:21:49,070 ] StartDownload:  QUrl("")
[ 2026-09-01 13:21:49,306 ] Disconnected from gameserver
[ 2026-09-01 13:31:56,560 ] Using spritesheet cache size of 910
[ 2026-09-01 13:31:56,596 ] Sound engine initialized with default sound device "Alto-falantes (Realtek High Definition Audio(SST))"
[ 2026-09-01 13:31:56,602 ] Switch used audio device to "Alto-falantes (Realtek High Definition Audio(SST))"
[ 2026-09-01 13:32:05,287 ] Asset loading complete
[ 2026-09-01 13:32:05,426 ] StartDownload:  QUrl("")
[ 2026-09-01 13:33:22,108 ] News query failed: "Unrecognized event news."
[ 2026-09-01 13:33:23,472 ] BattlEye: "Initialized (v1.249)"
[ 2026-09-01 13:33:23,472 ] BattlEye: "Restarting client is necessary, service isn't running properly"
[ 2026-09-01 13:33:23,472 ] BattlEye: "Restarting client is necessary, update required"
[ 2026-09-01 13:33:23,472 ] BattlEye: "Config entry: GameID tibia"
[ 2026-09-01 13:33:23,473 ] BattlEye: "Config entry: MasterPort 7171"
[ 2026-09-01 13:33:23,658 ] Request connection to gameserver  "tcp://127.0.0.1:7172"  (unprotected:  "tcp://127.0.0.1:7172" )  requested (Charakter "Guerreiro" )
[ 2026-09-01 13:33:23,662 ] Request connection to gameserver  "tcp://127.0.0.1:7172" "Global"
[ 2026-09-01 13:33:23,675 ] Connected to gameserver  "tcp://127.0.0.1:7172" "Global"
[ 2026-09-01 13:33:23,725 ] News query failed: "Unrecognized event news."
[ 2026-09-01 13:34:33,515 ] Connection to gameserver  "tcp://127.0.0.1:7172" "Global"  was disconnected ( "The remote host closed the connection" )
[ 2026-09-01 13:34:33,515 ] StartDownload:  QUrl("")
[ 2026-09-01 13:34:33,550 ] Disconnected from gameserver
[ 2026-09-01 13:34:33,901 ] News query failed: "Unrecognized event news."
[ 2026-09-01 13:34:34,586 ] Didn't send news query with params (HighPotential: true Returner: true MaxKnownEditDate: 1590979202 ) (URL: QUrl("http://127.0.0.1/login.php") ) due to too many retries.
[ 2026-09-01 13:34:34,632 ] Request connection to gameserver  "tcp://127.0.0.1:7172"  (unprotected:  "tcp://127.0.0.1:7172" )  requested (Charakter "Guerreiro" )
[ 2026-09-01 13:34:34,634 ] Request connection to gameserver  "tcp://127.0.0.1:7172" "Global"
[ 2026-09-01 13:34:34,647 ] Connected to gameserver  "tcp://127.0.0.1:7172" "Global"
[ 2026-09-01 13:34:34,815 ] "updateOrCreateCreatureFromProtobuf: no creature with id 1342217026 found"
[ 2026-09-01 13:34:34,815 ] "updateOrCreateCreatureFromProtobuf: no creature with id 1342204993 found"
[ 2026-09-01 13:34:34,816 ] "updateOrCreateCreatureFromProtobuf: no creature with id 1342204994 found"
[ 2026-09-01 13:34:34,816 ] "updateOrCreateCreatureFromProtobuf: no creature with id 1342205038 found"
[ 2026-09-01 13:34:34,816 ] "updateOrCreateCreatureFromProtobuf: no creature with id 1342205039 found"
[ 2026-09-01 13:34:34,816 ] "updateOrCreateCreatureFromProtobuf: no creature with id 1342205040 found"
[ 2026-09-01 13:34:34,816 ] "updateOrCreateCreatureFromProtobuf: no creature with id 1342205048 found"
[ 2026-09-01 13:34:34,816 ] "updateOrCreateCreatureFromProtobuf: no creature with id 1342205086 found"
[ 2026-09-01 13:34:34,816 ] "updateOrCreateCreatureFromProtobuf: no creature with id 1342217087 found"
[ 2026-09-01 13:34:34,816 ] "updateOrCreateCreatureFromProtobuf: no creature with id 1342217088 found"
[ 2026-09-01 13:34:34,816 ] "updateOrCreateCreatureFromProtobuf: no creature with id 1342205041 found"
[ 2026-09-01 13:34:34,816 ] "updateOrCreateCreatureFromProtobuf: no creature with id 1342205042 found"
[ 2026-09-01 13:34:34,817 ] "updateOrCreateCreatureFromProtobuf: no creature with id 1342205096 found"
[ 2026-09-01 13:34:34,817 ] "updateOrCreateCreatureFromProtobuf: no creature with id 1342205097 found"
[ 2026-09-01 13:35:03,615 ] Connection to gameserver  "tcp://127.0.0.1:7172" "Global"  was disconnected ( "The remote host closed the connection" )
[ 2026-09-01 13:35:03,615 ] StartDownload:  QUrl("")
[ 2026-09-01 13:35:03,645 ] Disconnected from gameserver
[ 2026-09-01 13:35:03,676 ] Didn't send news query with params (HighPotential: true Returner: true MaxKnownEditDate: 1590979202 ) (URL: QUrl("http://127.0.0.1/login.php") ) due to too many retries.
[ 2026-09-01 13:35:04,798 ] Didn't send news query with params (HighPotential: true Returner: true MaxKnownEditDate: 1590979202 ) (URL: QUrl("http://127.0.0.1/login.php") ) due to too many retries.
[ 2026-09-01 13:35:04,838 ] Request connection to gameserver  "tcp://127.0.0.1:7172"  (unprotected:  "tcp://127.0.0.1:7172" )  requested (Charakter "Guerreiro" )
[ 2026-09-01 13:35:04,840 ] Request connection to gameserver  "tcp://127.0.0.1:7172" "Global"
[ 2026-09-01 13:35:04,854 ] Connected to gameserver  "tcp://127.0.0.1:7172" "Global"
[ 2026-09-01 13:35:04,961 ] "updateOrCreateCreatureFromProtobuf: no creature with id 1342217026 found"
[ 2026-09-01 13:35:04,961 ] "updateOrCreateCreatureFromProtobuf: no creature with id 1342204993 found"
[ 2026-09-01 13:35:04,961 ] "updateOrCreateCreatureFromProtobuf: no creature with id 1342204994 found"
[ 2026-09-01 13:35:04,961 ] "updateOrCreateCreatureFromProtobuf: no creature with id 1342205038 found"
[ 2026-09-01 13:35:04,962 ] "updateOrCreateCreatureFromProtobuf: no creature with id 1342205039 found"
[ 2026-09-01 13:35:04,962 ] "updateOrCreateCreatureFromProtobuf: no creature with id 1342205040 found"
[ 2026-09-01 13:35:04,962 ] "updateOrCreateCreatureFromProtobuf: no creature with id 1342205048 found"
[ 2026-09-01 13:35:04,962 ] "updateOrCreateCreatureFromProtobuf: no creature with id 1342205086 found"
[ 2026-09-01 13:35:04,962 ] "updateOrCreateCreatureFromProtobuf: no creature with id 1342217087 found"
[ 2026-09-01 13:35:04,962 ] "updateOrCreateCreatureFromProtobuf: no creature with id 1342217088 found"
[ 2026-09-01 13:35:04,962 ] "updateOrCreateCreatureFromProtobuf: no creature with id 1342205041 found"
[ 2026-09-01 13:35:04,962 ] "updateOrCreateCreatureFromProtobuf: no creature with id 1342205096 found"
[ 2026-09-01 13:35:04,962 ] "updateOrCreateCreatureFromProtobuf: no creature with id 1342205097 found"
[ 2026-09-01 13:35:04,962 ] "updateOrCreateCreatureFromProtobuf: no creature with id 1342205042 found"
[ 2026-09-01 13:35:09,616 ] Connection to gameserver  "tcp://127.0.0.1:7172" "Global"  was disconnected ( "The remote host closed the connection" )
[ 2026-09-01 13:35:09,616 ] StartDownload:  QUrl("")
[ 2026-09-01 13:35:09,651 ] Disconnected from gameserver
[ 2026-09-01 13:35:09,684 ] Didn't send news query with params (HighPotential: true Returner: true MaxKnownEditDate: 1590979202 ) (URL: QUrl("http://127.0.0.1/login.php") ) due to too many retries.
[ 2026-09-01 13:35:10,657 ] Didn't send news query with params (HighPotential: true Returner: true MaxKnownEditDate: 1590979202 ) (URL: QUrl("http://127.0.0.1/login.php") ) due to too many retries.
[ 2026-09-01 13:35:10,697 ] Request connection to gameserver  "tcp://127.0.0.1:7172"  (unprotected:  "tcp://127.0.0.1:7172" )  requested (Charakter "Guerreiro" )
[ 2026-09-01 13:35:10,699 ] Request connection to gameserver  "tcp://127.0.0.1:7172" "Global"
[ 2026-09-01 13:35:10,712 ] Connected to gameserver  "tcp://127.0.0.1:7172" "Global"
[ 2026-09-01 13:36:21,865 ] Connection to gameserver  "tcp://127.0.0.1:7172" "Global"  was disconnected ( "The remote host closed the connection" )
[ 2026-09-01 13:36:21,865 ] StartDownload:  QUrl("")
[ 2026-09-01 13:36:21,894 ] Disconnected from gameserver
[ 2026-09-01 13:36:21,931 ] Didn't send news query with params (HighPotential: true Returner: true MaxKnownEditDate: 1590979202 ) (URL: QUrl("http://127.0.0.1/login.php") ) due to too many retries.
[ 2026-09-01 13:36:23,137 ] Didn't send news query with params (HighPotential: true Returner: true MaxKnownEditDate: 1590979202 ) (URL: QUrl("http://127.0.0.1/login.php") ) due to too many retries.
[ 2026-09-01 13:36:23,175 ] Request connection to gameserver  "tcp://127.0.0.1:7172"  (unprotected:  "tcp://127.0.0.1:7172" )  requested (Charakter "Guerreiro" )
[ 2026-09-01 13:36:23,178 ] Request connection to gameserver  "tcp://127.0.0.1:7172" "Global"
[ 2026-09-01 13:36:23,191 ] Connected to gameserver  "tcp://127.0.0.1:7172" "Global"
[ 2026-09-01 13:36:23,298 ] "updateOrCreateCreatureFromProtobuf: no creature with id 1342217026 found"
[ 2026-09-01 13:36:23,298 ] "updateOrCreateCreatureFromProtobuf: no creature with id 1342204993 found"
[ 2026-09-01 13:36:23,298 ] "updateOrCreateCreatureFromProtobuf: no creature with id 1342204994 found"
[ 2026-09-01 13:36:23,298 ] "updateOrCreateCreatureFromProtobuf: no creature with id 1342205038 found"
[ 2026-09-01 13:36:23,298 ] "updateOrCreateCreatureFromProtobuf: no creature with id 1342205039 found"
[ 2026-09-01 13:36:23,298 ] "updateOrCreateCreatureFromProtobuf: no creature with id 1342205040 found"
[ 2026-09-01 13:36:23,298 ] "updateOrCreateCreatureFromProtobuf: no creature with id 1342205048 found"
[ 2026-09-01 13:36:23,298 ] "updateOrCreateCreatureFromProtobuf: no creature with id 1342205086 found"
[ 2026-09-01 13:36:23,298 ] "updateOrCreateCreatureFromProtobuf: no creature with id 1342217087 found"
[ 2026-09-01 13:36:23,298 ] "updateOrCreateCreatureFromProtobuf: no creature with id 1342217088 found"
[ 2026-09-01 13:36:23,299 ] "updateOrCreateCreatureFromProtobuf: no creature with id 1342205042 found"
[ 2026-09-01 13:36:23,299 ] "updateOrCreateCreatureFromProtobuf: no creature with id 1342205096 found"
[ 2026-09-01 13:36:23,299 ] "updateOrCreateCreatureFromProtobuf: no creature with id 1342205097 found"
[ 2026-09-01 13:36:23,299 ] "updateOrCreateCreatureFromProtobuf: no creature with id 1342205041 found"
[ 2026-09-01 13:36:24,765 ] Connection to gameserver  "tcp://127.0.0.1:7172" "Global"  was disconnected ( "The remote host closed the connection" )
[ 2026-09-01 13:36:24,765 ] StartDownload:  QUrl("")
[ 2026-09-01 13:36:24,795 ] Disconnected from gameserver
[ 2026-09-01 13:36:24,832 ] Didn't send news query with params (HighPotential: true Returner: true MaxKnownEditDate: 1590979202 ) (URL: QUrl("http://127.0.0.1/login.php") ) due to too many retries.
[ 2026-09-01 14:43:58,880 ] Using spritesheet cache size of 910
[ 2026-09-01 14:43:58,918 ] Sound engine initialized with default sound device "Alto-falantes (Realtek High Definition Audio(SST))"
[ 2026-09-01 14:43:58,923 ] Switch used audio device to "Alto-falantes (Realtek High Definition Audio(SST))"
[ 2026-09-01 14:44:00,274 ] StartDownload:  QUrl("")
[ 2026-09-01 14:44:01,173 ] Asset loading complete
[ 2026-09-01 14:45:52,059 ] News query failed: "Unrecognized event news."
[ 2026-09-01 14:45:53,634 ] BattlEye: "Initialized (v1.249)"
[ 2026-09-01 14:45:53,634 ] BattlEye: "Restarting client is necessary, service isn't running properly"
[ 2026-09-01 14:45:53,634 ] BattlEye: "Restarting client is necessary, update required"
[ 2026-09-01 14:45:53,634 ] BattlEye: "Config entry: GameID tibia"
[ 2026-09-01 14:45:53,634 ] BattlEye: "Config entry: MasterPort 7171"
[ 2026-09-01 14:45:53,760 ] Request connection to gameserver  "tcp://127.0.0.1:7172"  (unprotected:  "tcp://127.0.0.1:7172" )  requested (Charakter "Guerreiro" )
[ 2026-09-01 14:45:53,765 ] Request connection to gameserver  "tcp://127.0.0.1:7172" "Global"
[ 2026-09-01 14:45:53,781 ] Connected to gameserver  "tcp://127.0.0.1:7172" "Global"
[ 2026-09-01 14:45:53,835 ] News query failed: "Unrecognized event news."
[ 2026-09-01 14:45:53,994 ] "updateOrCreateCreatureFromProtobuf: no creature with id 1342217040 found"
[ 2026-09-01 14:45:53,995 ] "updateOrCreateCreatureFromProtobuf: no creature with id 1342205008 found"
[ 2026-09-01 14:45:53,995 ] "updateOrCreateCreatureFromProtobuf: no creature with id 1342205009 found"
[ 2026-09-01 14:45:53,995 ] "updateOrCreateCreatureFromProtobuf: no creature with id 1342205053 found"
[ 2026-09-01 14:45:53,995 ] "updateOrCreateCreatureFromProtobuf: no creature with id 1342205054 found"
[ 2026-09-01 14:45:53,995 ] "updateOrCreateCreatureFromProtobuf: no creature with id 1342205055 found"
[ 2026-09-01 14:45:53,995 ] "updateOrCreateCreatureFromProtobuf: no creature with id 1342205063 found"
[ 2026-09-01 14:45:53,995 ] "updateOrCreateCreatureFromProtobuf: no creature with id 1342205101 found"
[ 2026-09-01 14:45:53,996 ] "updateOrCreateCreatureFromProtobuf: no creature with id 1342217101 found"
[ 2026-09-01 14:45:53,996 ] "updateOrCreateCreatureFromProtobuf: no creature with id 1342217102 found"
[ 2026-09-01 14:45:53,996 ] "updateOrCreateCreatureFromProtobuf: no creature with id 1342205056 found"
[ 2026-09-01 14:45:53,996 ] "updateOrCreateCreatureFromProtobuf: no creature with id 1342205057 found"
[ 2026-09-01 14:45:53,996 ] "updateOrCreateCreatureFromProtobuf: no creature with id 1342205111 found"
[ 2026-09-01 14:45:53,997 ] "updateOrCreateCreatureFromProtobuf: no creature with id 1342205112 found"
[ 2026-09-01 17:09:26,718 ] Connection to gameserver  "tcp://127.0.0.1:7172" "Global"  was disconnected ( "The remote host closed the connection" )
[ 2026-09-01 17:09:26,727 ] StartDownload:  QUrl("")
[ 2026-09-01 17:09:26,820 ] Disconnected from gameserver
[ 2026-09-01 21:08:49,141 ] Using spritesheet cache size of 910
[ 2026-09-01 21:08:49,176 ] Sound engine initialized with default sound device "Alto-falantes (Realtek High Definition Audio(SST))"
[ 2026-09-01 21:08:49,180 ] Switch used audio device to "Alto-falantes (Realtek High Definition Audio(SST))"
[ 2026-09-01 21:08:50,879 ] Asset loading complete
[ 2026-09-01 21:08:50,941 ] StartDownload:  QUrl("")
[ 2026-09-01 21:12:09,904 ] News query failed: "Unrecognized event news."
[ 2026-09-01 21:12:11,921 ] BattlEye: "Initialized (v1.249)"
[ 2026-09-01 21:12:11,921 ] BattlEye: "Restarting client is necessary, service isn't running properly"
[ 2026-09-01 21:12:11,921 ] BattlEye: "Restarting client is necessary, update required"
[ 2026-09-01 21:12:11,921 ] BattlEye: "Config entry: GameID tibia"
[ 2026-09-01 21:12:11,921 ] BattlEye: "Config entry: MasterPort 7171"
[ 2026-09-01 21:12:12,082 ] Request connection to gameserver  "tcp://127.0.0.1:7172"  (unprotected:  "tcp://127.0.0.1:7172" )  requested (Charakter "Guerreiro" )
[ 2026-09-01 21:12:12,091 ] Request connection to gameserver  "tcp://127.0.0.1:7172" "Global"
[ 2026-09-01 21:12:12,096 ] Connected to gameserver  "tcp://127.0.0.1:7172" "Global"
[ 2026-09-01 21:12:12,155 ] News query failed: "Unrecognized event news."
[ 2026-09-01 21:12:12,401 ] "updateOrCreateCreatureFromProtobuf: no creature with id 1342217040 found"
[ 2026-09-01 21:12:12,402 ] "updateOrCreateCreatureFromProtobuf: no creature with id 1342205008 found"
[ 2026-09-01 21:12:12,402 ] "updateOrCreateCreatureFromProtobuf: no creature with id 1342205009 found"
[ 2026-09-01 21:12:12,402 ] "updateOrCreateCreatureFromProtobuf: no creature with id 1342205053 found"
[ 2026-09-01 21:12:12,402 ] "updateOrCreateCreatureFromProtobuf: no creature with id 1342205054 found"
[ 2026-09-01 21:12:12,402 ] "updateOrCreateCreatureFromProtobuf: no creature with id 1342205055 found"
[ 2026-09-01 21:12:12,402 ] "updateOrCreateCreatureFromProtobuf: no creature with id 1342205063 found"
[ 2026-09-01 21:12:12,402 ] "updateOrCreateCreatureFromProtobuf: no creature with id 1342205101 found"
[ 2026-09-01 21:12:12,402 ] "updateOrCreateCreatureFromProtobuf: no creature with id 1342217101 found"
[ 2026-09-01 21:12:12,402 ] "updateOrCreateCreatureFromProtobuf: no creature with id 1342217102 found"
[ 2026-09-01 21:12:12,402 ] "updateOrCreateCreatureFromProtobuf: no creature with id 1342205056 found"
[ 2026-09-01 21:12:12,402 ] "updateOrCreateCreatureFromProtobuf: no creature with id 1342205057 found"
[ 2026-09-01 21:12:12,402 ] "updateOrCreateCreatureFromProtobuf: no creature with id 1342205111 found"
[ 2026-09-01 21:12:12,402 ] "updateOrCreateCreatureFromProtobuf: no creature with id 1342205112 found"
[ 2026-09-01 21:13:04,784 ] Connection to gameserver  "tcp://127.0.0.1:7172" "Global"  was disconnected ( "The remote host closed the connection" )
[ 2026-09-01 21:13:04,784 ] StartDownload:  QUrl("")
[ 2026-09-01 21:13:04,831 ] Disconnected from gameserver
[ 2026-09-01 21:13:05,357 ] News query failed: "Unrecognized event news."
[ 2026-09-01 22:24:22,480 ] Using spritesheet cache size of 910
[ 2026-09-01 22:24:22,559 ] Sound engine initialized with default sound device "Alto-falantes (Realtek High Definition Audio(SST))"
[ 2026-09-01 22:24:22,568 ] Switch used audio device to "Alto-falantes (Realtek High Definition Audio(SST))"
[ 2026-09-01 22:24:24,269 ] Asset loading complete
[ 2026-09-01 22:24:24,629 ] StartDownload:  QUrl("")
[ 2026-09-01 22:24:54,398 ] News query failed: "Unrecognized event news."
[ 2026-09-01 22:24:56,531 ] BattlEye: "Initialized (v1.249)"
[ 2026-09-01 22:24:56,531 ] BattlEye: "Restarting client is necessary, service isn't running properly"
[ 2026-09-01 22:24:56,531 ] BattlEye: "Restarting client is necessary, update required"
[ 2026-09-01 22:24:56,531 ] BattlEye: "Config entry: GameID tibia"
[ 2026-09-01 22:24:56,531 ] BattlEye: "Config entry: MasterPort 7171"
[ 2026-09-01 22:24:56,759 ] Request connection to gameserver  "tcp://127.0.0.1:7172"  (unprotected:  "tcp://127.0.0.1:7172" )  requested (Charakter "Guerreiro" )
[ 2026-09-01 22:24:56,769 ] Request connection to gameserver  "tcp://127.0.0.1:7172" "Global"
[ 2026-09-01 22:24:56,785 ] Connected to gameserver  "tcp://127.0.0.1:7172" "Global"
[ 2026-09-01 22:24:56,850 ] News query failed: "Unrecognized event news."
[ 2026-09-01 22:24:57,043 ] "updateOrCreateCreatureFromProtobuf: no creature with id 1342198940 found"
[ 2026-09-01 22:24:57,043 ] "updateOrCreateCreatureFromProtobuf: no creature with id 1342198941 found"
[ 2026-09-01 22:24:57,043 ] "updateOrCreateCreatureFromProtobuf: no creature with id 1342198942 found"
[ 2026-09-01 22:24:57,043 ] "updateOrCreateCreatureFromProtobuf: no creature with id 1342198943 found"
[ 2026-09-01 22:24:57,043 ] "updateOrCreateCreatureFromProtobuf: no creature with id 1342198944 found"
[ 2026-09-01 22:24:57,044 ] "updateOrCreateCreatureFromProtobuf: no creature with id 1342198945 found"
[ 2026-09-01 22:24:57,044 ] "updateOrCreateCreatureFromProtobuf: no creature with id 1342198946 found"
[ 2026-09-01 22:24:57,044 ] "updateOrCreateCreatureFromProtobuf: no creature with id 1342198947 found"
[ 2026-09-01 22:25:10,470 ] "updateOrCreateCreatureFromProtobuf: no creature with id 1342185921 found"
[ 2026-09-01 22:25:11,561 ] "updateOrCreateCreatureFromProtobuf: no creature with id 1342185918 found"
[ 2026-09-01 22:25:12,211 ] "updateOrCreateCreatureFromProtobuf: no creature with id 1342185924 found"
[ 2026-09-01 22:26:20,868 ] "updateOrCreateCreatureFromProtobuf: no creature with id 1342198947 found"
[ 2026-09-01 22:26:38,309 ] Connection to gameserver  "tcp://127.0.0.1:7172" "Global"  was disconnected ( "The remote host closed the connection" )
[ 2026-09-01 22:26:38,320 ] StartDownload:  QUrl("")
[ 2026-09-01 22:26:38,397 ] Disconnected from gameserver
[ 2026-09-01 22:30:00,179 ] Using spritesheet cache size of 910
[ 2026-09-01 22:30:00,254 ] Sound engine initialized with default sound device "Alto-falantes (Realtek High Definition Audio(SST))"
[ 2026-09-01 22:30:00,266 ] Switch used audio device to "Alto-falantes (Realtek High Definition Audio(SST))"
[ 2026-09-01 22:30:05,018 ] Asset loading complete
[ 2026-09-01 22:30:05,724 ] StartDownload:  QUrl("")
[ 2026-09-01 22:30:12,249 ] News query failed: "Unrecognized event news."
[ 2026-09-01 22:30:14,007 ] BattlEye: "Initialized (v1.249)"
[ 2026-09-01 22:30:14,007 ] BattlEye: "Restarting client is necessary, service isn't running properly"
[ 2026-09-01 22:30:14,007 ] BattlEye: "Restarting client is necessary, update required"
[ 2026-09-01 22:30:14,007 ] BattlEye: "Config entry: GameID tibia"
[ 2026-09-01 22:30:14,008 ] BattlEye: "Config entry: MasterPort 7171"
[ 2026-09-01 22:30:14,444 ] Request connection to gameserver  "tcp://127.0.0.1:7172"  (unprotected:  "tcp://127.0.0.1:7172" )  requested (Charakter "Guerreiro" )
[ 2026-09-01 22:30:14,481 ] Request connection to gameserver  "tcp://127.0.0.1:7172" "Global"
[ 2026-09-01 22:30:14,509 ] Connected to gameserver  "tcp://127.0.0.1:7172" "Global"
[ 2026-09-01 22:30:14,614 ] News query failed: "Unrecognized event news."
[ 2026-09-01 22:30:15,177 ] "updateOrCreateCreatureFromProtobuf: no creature with id 1342217080 found"
[ 2026-09-01 22:30:15,177 ] "updateOrCreateCreatureFromProtobuf: no creature with id 1342205048 found"
[ 2026-09-01 22:30:15,177 ] "updateOrCreateCreatureFromProtobuf: no creature with id 1342205049 found"
[ 2026-09-01 22:30:15,190 ] "updateOrCreateCreatureFromProtobuf: no creature with id 1342205093 found"
[ 2026-09-01 22:30:15,190 ] "updateOrCreateCreatureFromProtobuf: no creature with id 1342205094 found"
[ 2026-09-01 22:30:15,190 ] "updateOrCreateCreatureFromProtobuf: no creature with id 1342205095 found"
[ 2026-09-01 22:30:15,190 ] "updateOrCreateCreatureFromProtobuf: no creature with id 1342205103 found"
[ 2026-09-01 22:30:15,190 ] "updateOrCreateCreatureFromProtobuf: no creature with id 1342205141 found"
[ 2026-09-01 22:30:15,190 ] "updateOrCreateCreatureFromProtobuf: no creature with id 1342217141 found"
[ 2026-09-01 22:30:15,191 ] "updateOrCreateCreatureFromProtobuf: no creature with id 1342217142 found"
[ 2026-09-01 22:30:15,191 ] "updateOrCreateCreatureFromProtobuf: no creature with id 1342205096 found"
[ 2026-09-01 22:30:15,191 ] "updateOrCreateCreatureFromProtobuf: no creature with id 1342205097 found"
[ 2026-09-01 22:30:15,191 ] "updateOrCreateCreatureFromProtobuf: no creature with id 1342205151 found"
[ 2026-09-01 22:30:15,191 ] "updateOrCreateCreatureFromProtobuf: no creature with id 1342205152 found"
[ 2026-09-01 22:30:28,583 ] "updateOrCreateCreatureFromProtobuf: no creature with id 1342185924 found"
[ 2026-09-01 22:34:57,295 ] Connection to gameserver  "tcp://127.0.0.1:7172" "Global"  was disconnected ( "The remote host closed the connection" )
[ 2026-09-01 22:34:57,397 ] StartDownload:  QUrl("")
[ 2026-09-01 22:34:57,521 ] Disconnected from gameserver
[ 2026-09-01 22:35:22,259 ] News query failed: "Unrecognized event news."
[ 2026-09-01 22:35:23,317 ] Didn't send news query with params (HighPotential: true Returner: true MaxKnownEditDate: 1590979202 ) (URL: QUrl("http://127.0.0.1/login.php") ) due to too many retries.
[ 2026-09-01 22:35:23,433 ] Request connection to gameserver  "tcp://127.0.0.1:7172"  (unprotected:  "tcp://127.0.0.1:7172" )  requested (Charakter "Guerreiro" )
[ 2026-09-01 22:35:23,438 ] Request connection to gameserver  "tcp://127.0.0.1:7172" "Global"
[ 2026-09-01 22:35:25,989 ] Connected to gameserver  "tcp://127.0.0.1:7172" "Global"
[ 2026-09-01 22:35:26,551 ] "updateOrCreateCreatureFromProtobuf: no creature with id 1342217051 found"
[ 2026-09-01 22:35:26,551 ] "updateOrCreateCreatureFromProtobuf: no creature with id 1342205019 found"
[ 2026-09-01 22:35:26,551 ] "updateOrCreateCreatureFromProtobuf: no creature with id 1342205020 found"
[ 2026-09-01 22:35:26,551 ] "updateOrCreateCreatureFromProtobuf: no creature with id 1342205064 found"
[ 2026-09-01 22:35:26,552 ] "updateOrCreateCreatureFromProtobuf: no creature with id 1342205065 found"
[ 2026-09-01 22:35:26,552 ] "updateOrCreateCreatureFromProtobuf: no creature with id 1342205066 found"
[ 2026-09-01 22:35:26,552 ] "updateOrCreateCreatureFromProtobuf: no creature with id 1342205074 found"
[ 2026-09-01 22:35:26,552 ] "updateOrCreateCreatureFromProtobuf: no creature with id 1342205112 found"
[ 2026-09-01 22:35:26,552 ] "updateOrCreateCreatureFromProtobuf: no creature with id 1342217112 found"
[ 2026-09-01 22:35:26,552 ] "updateOrCreateCreatureFromProtobuf: no creature with id 1342217113 found"
[ 2026-09-01 22:35:26,552 ] "updateOrCreateCreatureFromProtobuf: no creature with id 1342205067 found"
[ 2026-09-01 22:35:26,553 ] "updateOrCreateCreatureFromProtobuf: no creature with id 1342205068 found"
[ 2026-09-01 22:35:26,553 ] "updateOrCreateCreatureFromProtobuf: no creature with id 1342205122 found"
[ 2026-09-01 22:35:26,553 ] "updateOrCreateCreatureFromProtobuf: no creature with id 1342205123 found"
[ 2026-09-01 22:36:06,969 ] "updateOrCreateCreatureFromProtobuf: no creature with id 1342198915 found"
[ 2026-09-01 22:36:09,122 ] "updateOrCreateCreatureFromProtobuf: no creature with id 1342198918 found"
[ 2026-09-01 22:36:14,622 ] "updateOrCreateCreatureFromProtobuf: no creature with id 1342198918 found"
[ 2026-09-01 22:36:21,131 ] StartDownload:  QUrl("http://127.0.0.1/images/store/13/Category_PremiumTime.png")
[ 2026-09-01 22:36:21,175 ] StartDownload:  QUrl("http://127.0.0.1/images/store/13/Category_Consumables.png")
[ 2026-09-01 22:36:21,208 ] StartDownload:  QUrl("http://127.0.0.1/images/store/13/Category_Cosmetics.png")
[ 2026-09-01 22:36:21,225 ] StartDownload:  QUrl("http://127.0.0.1/images/store/13/Category_HouseTools.png")
[ 2026-09-01 22:36:21,240 ] StartDownload:  QUrl("http://127.0.0.1/images/store/13/Category_Boosts.png")
[ 2026-09-01 22:36:21,255 ] StartDownload:  QUrl("http://127.0.0.1/images/store/13/Category_Extras.png")
[ 2026-09-01 22:36:21,371 ] StartDownload:  QUrl("http://127.0.0.1/images/store/13/Category_Tournament.png")
[ 2026-09-01 22:36:21,388 ] StartDownload:  QUrl("http://127.0.0.1/images/store/64/Name_Change.png")
[ 2026-09-01 22:36:22,589 ] StartDownload:  QUrl("http://127.0.0.1/images/store/64/Name_Change.png")
[ 2026-09-01 22:36:22,624 ] StartDownload:  QUrl("http://127.0.0.1/images/store/13/Category_Mounts.png")
[ 2026-09-01 22:36:22,642 ] StartDownload:  QUrl("http://127.0.0.1/images/store/13/Category_Outfits.png")
[ 2026-09-01 22:36:22,659 ] QQuickPixmap: connectFinished() called when not loading.
[ 2026-09-01 22:36:22,660 ] QQuickPixmap: connectFinished() called when not loading.
[ 2026-09-01 22:36:23,006 ] QQuickPixmap: connectFinished() called when not loading.
[ 2026-09-01 22:36:23,006 ] QQuickPixmap: connectFinished() called when not loading.
[ 2026-09-01 22:36:23,036 ] StartDownload:  QUrl("http://127.0.0.1/images/store/13/Category_Blessings.png")
[ 2026-09-01 22:36:23,054 ] StartDownload:  QUrl("http://127.0.0.1/images/store/13/Category_Casks.png")
[ 2026-09-01 22:36:23,074 ] StartDownload:  QUrl("http://127.0.0.1/images/store/13/Category_ExerciseWeapons.png")
[ 2026-09-01 22:36:23,110 ] StartDownload:  QUrl("http://127.0.0.1/images/store/13/Category_Kegs.png")
[ 2026-09-01 22:36:23,130 ] StartDownload:  QUrl("http://127.0.0.1/images/store/13/Category_Potions.png")
[ 2026-09-01 22:36:23,148 ] StartDownload:  QUrl("http://127.0.0.1/images/store/13/Category_Runes.png")
[ 2026-09-01 22:36:23,167 ] QQuickPixmap: connectFinished() called when not loading.
[ 2026-09-01 22:36:23,168 ] QQuickPixmap: connectFinished() called when not loading.
[ 2026-09-01 22:36:23,274 ] StartDownload:  QUrl("http://127.0.0.1/images/store/64/All_PvE_Blessings.png")
[ 2026-09-01 22:36:23,294 ] StartDownload:  QUrl("http://127.0.0.1/images/store/64/Blood_of_the_Mountain.png")
[ 2026-09-01 22:36:23,310 ] StartDownload:  QUrl("http://127.0.0.1/images/store/64/Death_Redemption.png")
[ 2026-09-01 22:36:23,324 ] StartDownload:  QUrl("http://127.0.0.1/images/store/64/Heart_of_the_Mountain.png")
[ 2026-09-01 22:36:23,341 ] StartDownload:  QUrl("http://127.0.0.1/images/store/64/Embrace_of_Tibia.png")
[ 2026-09-01 22:36:23,355 ] StartDownload:  QUrl("http://127.0.0.1/images/store/64/Fire_of_the_Suns.png")
[ 2026-09-01 22:36:23,374 ] StartDownload:  QUrl("http://127.0.0.1/images/store/64/Spark_of_the_Phoenix.png")
[ 2026-09-01 22:36:23,391 ] StartDownload:  QUrl("http://127.0.0.1/images/store/64/Spiritual_Shielding.png")
[ 2026-09-01 22:36:23,405 ] StartDownload:  QUrl("http://127.0.0.1/images/store/64/Wisdom_of_Solitude.png")
[ 2026-09-01 22:36:24,377 ] StartDownload:  QUrl("http://127.0.0.1/images/store/13/Category_ExerciseWeapons.png")
[ 2026-09-01 22:36:24,457 ] StartDownload:  QUrl("http://127.0.0.1/images/store/13/Category_ExerciseWeapons.png")
[ 2026-09-01 22:36:24,643 ] QQuickPixmap: connectFinished() called when not loading.
[ 2026-09-01 22:36:24,644 ] QQuickPixmap: connectFinished() called when not loading.
[ 2026-09-01 22:36:24,644 ] QQuickPixmap: connectFinished() called when not loading.
[ 2026-09-01 22:36:24,656 ] StartDownload:  QUrl("http://127.0.0.1/images/store/64/All_PvE_Blessings.png")
[ 2026-09-01 22:36:24,670 ] StartDownload:  QUrl("http://127.0.0.1/images/store/64/Blood_of_the_Mountain.png")
[ 2026-09-01 22:36:24,675 ] StartDownload:  QUrl("http://127.0.0.1/images/store/64/Death_Redemption.png")
[ 2026-09-01 22:36:24,679 ] StartDownload:  QUrl("http://127.0.0.1/images/store/64/Heart_of_the_Mountain.png")
[ 2026-09-01 22:36:24,687 ] StartDownload:  QUrl("http://127.0.0.1/images/store/64/Embrace_of_Tibia.png")
[ 2026-09-01 22:36:24,690 ] StartDownload:  QUrl("http://127.0.0.1/images/store/13/Category_Blessings.png")
[ 2026-09-01 22:36:24,693 ] QQuickPixmap: connectFinished() called when not loading.
[ 2026-09-01 22:36:24,759 ] StartDownload:  QUrl("http://127.0.0.1/images/store/13/Category_ExerciseWeapons.png")
[ 2026-09-01 22:36:34,292 ] StartDownload:  QUrl("http://127.0.0.1/images/store/13/Category_PremiumTime.png")
[ 2026-09-01 22:36:34,296 ] StartDownload:  QUrl("http://127.0.0.1/images/store/13/Category_Consumables.png")
[ 2026-09-01 22:36:34,299 ] StartDownload:  QUrl("http://127.0.0.1/images/store/13/Category_Blessings.png")
[ 2026-09-01 22:36:34,302 ] StartDownload:  QUrl("http://127.0.0.1/images/store/13/Category_Casks.png")
[ 2026-09-01 22:36:34,305 ] StartDownload:  QUrl("http://127.0.0.1/images/store/13/Category_ExerciseWeapons.png")
[ 2026-09-01 22:36:34,309 ] StartDownload:  QUrl("http://127.0.0.1/images/store/13/Category_Kegs.png")
[ 2026-09-01 22:36:34,383 ] StartDownload:  QUrl("http://127.0.0.1/images/store/13/Category_Potions.png")
[ 2026-09-01 22:36:34,387 ] StartDownload:  QUrl("http://127.0.0.1/images/store/13/Category_Runes.png")
[ 2026-09-01 22:36:34,389 ] StartDownload:  QUrl("http://127.0.0.1/images/store/13/Category_Cosmetics.png")
[ 2026-09-01 22:36:34,390 ] StartDownload:  QUrl("http://127.0.0.1/images/store/13/Category_HouseTools.png")
[ 2026-09-01 22:36:34,396 ] StartDownload:  QUrl("http://127.0.0.1/images/store/13/Category_Boosts.png")
[ 2026-09-01 22:36:34,398 ] StartDownload:  QUrl("http://127.0.0.1/images/store/13/Category_Extras.png")
[ 2026-09-01 22:36:34,401 ] StartDownload:  QUrl("http://127.0.0.1/images/store/13/Category_Tournament.png")
[ 2026-09-01 22:36:35,359 ] StartDownload:  QUrl("http://127.0.0.1/images/store/13/Category_PremiumTime.png")
[ 2026-09-01 22:36:35,363 ] StartDownload:  QUrl("http://127.0.0.1/images/store/13/Category_Consumables.png")
[ 2026-09-01 22:36:35,367 ] StartDownload:  QUrl("http://127.0.0.1/images/store/13/Category_Blessings.png")
[ 2026-09-01 22:36:35,370 ] StartDownload:  QUrl("http://127.0.0.1/images/store/13/Category_Casks.png")
[ 2026-09-01 22:36:35,373 ] StartDownload:  QUrl("http://127.0.0.1/images/store/13/Category_ExerciseWeapons.png")
[ 2026-09-01 22:36:35,379 ] StartDownload:  QUrl("http://127.0.0.1/images/store/13/Category_Kegs.png")
[ 2026-09-01 22:36:35,392 ] StartDownload:  QUrl("http://127.0.0.1/images/store/13/Category_Potions.png")
[ 2026-09-01 22:36:35,397 ] StartDownload:  QUrl("http://127.0.0.1/images/store/13/Category_Runes.png")
[ 2026-09-01 22:36:35,398 ] StartDownload:  QUrl("http://127.0.0.1/images/store/13/Category_Cosmetics.png")
[ 2026-09-01 22:36:35,400 ] StartDownload:  QUrl("http://127.0.0.1/images/store/13/Category_HouseTools.png")
[ 2026-09-01 22:36:35,401 ] StartDownload:  QUrl("http://127.0.0.1/images/store/13/Category_Boosts.png")
[ 2026-09-01 22:36:35,403 ] StartDownload:  QUrl("http://127.0.0.1/images/store/13/Category_Extras.png")
[ 2026-09-01 22:36:35,409 ] StartDownload:  QUrl("http://127.0.0.1/images/store/13/Category_Tournament.png")
[ 2026-09-01 22:43:21,986 ] Connection to gameserver  "tcp://127.0.0.1:7172" "Global"  was disconnected ( "The remote host closed the connection" )
[ 2026-09-01 22:43:21,995 ] StartDownload:  QUrl("")
[ 2026-09-01 22:43:22,096 ] Disconnected from gameserver
[ 2026-09-01 22:43:53,381 ] Didn't send news query with params (HighPotential: true Returner: true MaxKnownEditDate: 1590979202 ) (URL: QUrl("http://127.0.0.1/login.php") ) due to too many retries.
[ 2026-09-01 22:43:54,331 ] Didn't send news query with params (HighPotential: true Returner: true MaxKnownEditDate: 1590979202 ) (URL: QUrl("http://127.0.0.1/login.php") ) due to too many retries.
[ 2026-09-01 22:43:54,418 ] Request connection to gameserver  "tcp://127.0.0.1:7172"  (unprotected:  "tcp://127.0.0.1:7172" )  requested (Charakter "Guerreiro" )
[ 2026-09-01 22:43:54,422 ] Request connection to gameserver  "tcp://127.0.0.1:7172" "Global"
[ 2026-09-01 22:43:54,444 ] Connected to gameserver  "tcp://127.0.0.1:7172" "Global"
[ 2026-09-01 22:43:54,852 ] "updateOrCreateCreatureFromProtobuf: no creature with id 1342217051 found"
[ 2026-09-01 22:43:54,852 ] "updateOrCreateCreatureFromProtobuf: no creature with id 1342205019 found"
[ 2026-09-01 22:43:54,853 ] "updateOrCreateCreatureFromProtobuf: no creature with id 1342205020 found"
[ 2026-09-01 22:43:54,853 ] "updateOrCreateCreatureFromProtobuf: no creature with id 1342205064 found"
[ 2026-09-01 22:43:54,853 ] "updateOrCreateCreatureFromProtobuf: no creature with id 1342205065 found"
[ 2026-09-01 22:43:54,853 ] "updateOrCreateCreatureFromProtobuf: no creature with id 1342205066 found"
[ 2026-09-01 22:43:54,853 ] "updateOrCreateCreatureFromProtobuf: no creature with id 1342205074 found"
[ 2026-09-01 22:43:54,853 ] "updateOrCreateCreatureFromProtobuf: no creature with id 1342205112 found"
[ 2026-09-01 22:43:54,853 ] "updateOrCreateCreatureFromProtobuf: no creature with id 1342217112 found"
[ 2026-09-01 22:43:54,853 ] "updateOrCreateCreatureFromProtobuf: no creature with id 1342217113 found"
[ 2026-09-01 22:43:54,853 ] "updateOrCreateCreatureFromProtobuf: no creature with id 1342205067 found"
[ 2026-09-01 22:43:54,853 ] "updateOrCreateCreatureFromProtobuf: no creature with id 1342205068 found"
[ 2026-09-01 22:43:54,853 ] "updateOrCreateCreatureFromProtobuf: no creature with id 1342205122 found"
[ 2026-09-01 22:43:54,854 ] "updateOrCreateCreatureFromProtobuf: no creature with id 1342205123 found"
[ 2026-09-01 22:45:48,137 ] Connection to gameserver  "tcp://127.0.0.1:7172" "Global"  was disconnected ( "The remote host closed the connection" )
[ 2026-09-01 22:45:48,145 ] StartDownload:  QUrl("")
[ 2026-09-01 22:45:48,212 ] Disconnected from gameserver
[ 2026-09-01 22:46:07,272 ] Didn't send news query with params (HighPotential: true Returner: true MaxKnownEditDate: 1590979202 ) (URL: QUrl("http://127.0.0.1/login.php") ) due to too many retries.
[ 2026-09-01 22:46:08,070 ] Didn't send news query with params (HighPotential: true Returner: true MaxKnownEditDate: 1590979202 ) (URL: QUrl("http://127.0.0.1/login.php") ) due to too many retries.
[ 2026-09-01 22:46:08,155 ] Request connection to gameserver  "tcp://127.0.0.1:7172"  (unprotected:  "tcp://127.0.0.1:7172" )  requested (Charakter "Guerreiro" )
[ 2026-09-01 22:46:08,165 ] Request connection to gameserver  "tcp://127.0.0.1:7172" "Global"
[ 2026-09-01 22:46:08,184 ] Connected to gameserver  "tcp://127.0.0.1:7172" "Global"
[ 2026-09-01 22:46:08,467 ] "updateOrCreateCreatureFromProtobuf: no creature with id 1342217051 found"
[ 2026-09-01 22:46:08,467 ] "updateOrCreateCreatureFromProtobuf: no creature with id 1342205019 found"
[ 2026-09-01 22:46:08,467 ] "updateOrCreateCreatureFromProtobuf: no creature with id 1342205020 found"
[ 2026-09-01 22:46:08,467 ] "updateOrCreateCreatureFromProtobuf: no creature with id 1342205064 found"
[ 2026-09-01 22:46:08,467 ] "updateOrCreateCreatureFromProtobuf: no creature with id 1342205065 found"
[ 2026-09-01 22:46:08,467 ] "updateOrCreateCreatureFromProtobuf: no creature with id 1342205066 found"
[ 2026-09-01 22:46:08,467 ] "updateOrCreateCreatureFromProtobuf: no creature with id 1342205074 found"
[ 2026-09-01 22:46:08,467 ] "updateOrCreateCreatureFromProtobuf: no creature with id 1342205112 found"
[ 2026-09-01 22:46:08,468 ] "updateOrCreateCreatureFromProtobuf: no creature with id 1342217112 found"
[ 2026-09-01 22:46:08,468 ] "updateOrCreateCreatureFromProtobuf: no creature with id 1342217113 found"
[ 2026-09-01 22:46:08,468 ] "updateOrCreateCreatureFromProtobuf: no creature with id 1342205067 found"
[ 2026-09-01 22:46:08,468 ] "updateOrCreateCreatureFromProtobuf: no creature with id 1342205068 found"
[ 2026-09-01 22:46:08,468 ] "updateOrCreateCreatureFromProtobuf: no creature with id 1342205122 found"
[ 2026-09-01 22:46:08,468 ] "updateOrCreateCreatureFromProtobuf: no creature with id 1342205123 found"
[ 2026-09-01 22:46:54,040 ] Connection to gameserver  "tcp://127.0.0.1:7172" "Global"  was disconnected ( "The remote host closed the connection" )
[ 2026-09-01 22:46:54,049 ] StartDownload:  QUrl("")
[ 2026-09-01 22:46:54,140 ] Disconnected from gameserver
[ 2026-09-05 22:03:07,078 ] Using spritesheet cache size of 910
[ 2026-09-05 22:03:07,109 ] Sound engine initialized with default sound device "Alto-falantes (Realtek High Definition Audio(SST))"
[ 2026-09-05 22:03:07,113 ] Switch used audio device to "Alto-falantes (Realtek High Definition Audio(SST))"
[ 2026-09-05 22:03:12,302 ] Asset loading complete
[ 2026-09-05 22:03:12,361 ] StartDownload:  QUrl("")
[ 2026-09-05 22:04:49,234 ] News query failed: "Unrecognized event news."
[ 2026-09-05 22:04:50,886 ] BattlEye: "Initialized (v1.249)"
[ 2026-09-05 22:04:50,887 ] BattlEye: "Restarting client is necessary, service isn't running properly"
[ 2026-09-05 22:04:50,887 ] BattlEye: "Restarting client is necessary, update required"
[ 2026-09-05 22:04:50,887 ] BattlEye: "Config entry: GameID tibia"
[ 2026-09-05 22:04:50,887 ] BattlEye: "Config entry: MasterPort 7171"
[ 2026-09-05 22:04:50,976 ] Request connection to gameserver  "tcp://warzudo.com:7172"  (unprotected:  "tcp://warzudo.com:7172" )  requested (Charakter "Henrique" )
[ 2026-09-05 22:04:50,981 ] Request connection to gameserver  "tcp://warzudo.com:7172" "Global"
[ 2026-09-05 22:04:51,059 ] News query failed: "Unrecognized event news."
[ 2026-09-05 22:05:33,106 ] Connection to gameserver  "tcp://warzudo.com:7172" "Global"  was disconnected ( "Connection timed out" )
[ 2026-09-05 22:05:34,106 ] Request connection to gameserver  "tcp://warzudo.com:7172" "Global"
[ 2026-09-05 22:06:16,206 ] Connection to gameserver  "tcp://warzudo.com:7172" "Global"  was disconnected ( "Connection timed out" )
[ 2026-09-05 22:06:16,218 ] StartDownload:  QUrl("")
[ 2026-09-05 22:06:16,220 ] Disconnected from gameserver
[ 2026-09-05 22:06:17,516 ] Request connection to gameserver  "tcp://warzudo.com:7172"  (unprotected:  "tcp://warzudo.com:7172" )  requested (Charakter "Henrique" )
[ 2026-09-05 22:06:17,517 ] Request connection to gameserver  "tcp://warzudo.com:7172" "Global"
[ 2026-09-05 22:06:17,609 ] News query failed: "Unrecognized event news."
[ 2026-09-05 22:06:59,606 ] Connection to gameserver  "tcp://warzudo.com:7172" "Global"  was disconnected ( "Connection timed out" )
[ 2026-09-05 22:07:00,606 ] Request connection to gameserver  "tcp://warzudo.com:7172" "Global"
[ 2026-09-05 22:07:12,871 ] Didn't send news query with params (HighPotential: true Returner: true MaxKnownEditDate: 1590979202 ) (URL: QUrl("http://127.0.0.1/login.php") ) due to too many retries.
[ 2026-09-05 22:07:25,735 ] Didn't send news query with params (HighPotential: true Returner: true MaxKnownEditDate: 1590979202 ) (URL: QUrl("http://127.0.0.1/login.php") ) due to too many retries.
[ 2026-09-05 22:07:26,730 ] Didn't send news query with params (HighPotential: true Returner: true MaxKnownEditDate: 1590979202 ) (URL: QUrl("http://127.0.0.1/login.php") ) due to too many retries.
[ 2026-09-05 22:07:26,767 ] Request connection to gameserver  "tcp://warzudo.com:7172"  (unprotected:  "tcp://warzudo.com:7172" )  requested (Charakter "Henrique" )
[ 2026-09-05 22:07:26,768 ] Request connection to gameserver  "tcp://warzudo.com:7172" "Global"
[ 2026-09-05 22:08:08,855 ] Connection to gameserver  "tcp://warzudo.com:7172" "Global"  was disconnected ( "Connection timed out" )
[ 2026-09-05 22:08:09,856 ] Request connection to gameserver  "tcp://warzudo.com:7172" "Global"
[ 2026-09-05 22:08:42,693 ] Didn't send news query with params (HighPotential: true Returner: true MaxKnownEditDate: 1590979202 ) (URL: QUrl("http://127.0.0.1/login.php") ) due to too many retries.
[ 2026-09-05 22:11:08,018 ] Didn't send news query with params (HighPotential: true Returner: true MaxKnownEditDate: 1590979202 ) (URL: QUrl("http://127.0.0.1/login.php") ) due to too many retries.
[ 2026-09-05 22:11:09,461 ] Didn't send news query with params (HighPotential: true Returner: true MaxKnownEditDate: 1590979202 ) (URL: QUrl("http://127.0.0.1/login.php") ) due to too many retries.
[ 2026-09-05 22:11:09,501 ] Request connection to gameserver  "tcp://warzudo.com:7172"  (unprotected:  "tcp://warzudo.com:7172" )  requested (Charakter "Henrique" )
[ 2026-09-05 22:11:09,503 ] Request connection to gameserver  "tcp://warzudo.com:7172" "Global"
[ 2026-09-05 22:11:09,511 ] Connected to gameserver  "tcp://warzudo.com:7172" "Global"
[ 2026-09-05 22:11:09,948 ] "updateOrCreateCreatureFromProtobuf: no creature with id 1342217062 found"
[ 2026-09-05 22:11:09,948 ] "updateOrCreateCreatureFromProtobuf: no creature with id 1342205030 found"
[ 2026-09-05 22:11:09,948 ] "updateOrCreateCreatureFromProtobuf: no creature with id 1342205031 found"
[ 2026-09-05 22:11:09,948 ] "updateOrCreateCreatureFromProtobuf: no creature with id 1342205075 found"
[ 2026-09-05 22:11:09,948 ] "updateOrCreateCreatureFromProtobuf: no creature with id 1342205076 found"
[ 2026-09-05 22:11:09,948 ] "updateOrCreateCreatureFromProtobuf: no creature with id 1342205077 found"
[ 2026-09-05 22:11:09,948 ] "updateOrCreateCreatureFromProtobuf: no creature with id 1342205085 found"
[ 2026-09-05 22:11:09,948 ] "updateOrCreateCreatureFromProtobuf: no creature with id 1342205123 found"
[ 2026-09-05 22:11:09,948 ] "updateOrCreateCreatureFromProtobuf: no creature with id 1342217123 found"
[ 2026-09-05 22:11:09,948 ] "updateOrCreateCreatureFromProtobuf: no creature with id 1342217124 found"
[ 2026-09-05 22:11:09,949 ] "updateOrCreateCreatureFromProtobuf: no creature with id 1342205078 found"
[ 2026-09-05 22:11:09,949 ] "updateOrCreateCreatureFromProtobuf: no creature with id 1342205079 found"
[ 2026-09-05 22:11:09,949 ] "updateOrCreateCreatureFromProtobuf: no creature with id 1342205133 found"
[ 2026-09-05 22:11:09,949 ] "updateOrCreateCreatureFromProtobuf: no creature with id 1342205134 found"
[ 2026-09-05 22:12:23,212 ] "updateOrCreateCreatureFromProtobuf: no creature with id 1342235334 found"
[ 2026-09-05 22:12:33,538 ] "updateOrCreateCreatureFromProtobuf: no creature with id 1342217062 found"
[ 2026-09-05 22:12:33,538 ] "updateOrCreateCreatureFromProtobuf: no creature with id 1342205030 found"
[ 2026-09-05 22:12:33,538 ] "updateOrCreateCreatureFromProtobuf: no creature with id 1342205031 found"
[ 2026-09-05 22:12:33,538 ] "updateOrCreateCreatureFromProtobuf: no creature with id 1342205076 found"
[ 2026-09-05 22:12:33,538 ] "updateOrCreateCreatureFromProtobuf: no creature with id 1342205077 found"
[ 2026-09-05 22:12:33,538 ] "updateOrCreateCreatureFromProtobuf: no creature with id 1342205085 found"
[ 2026-09-05 22:12:33,538 ] "updateOrCreateCreatureFromProtobuf: no creature with id 1342205123 found"
[ 2026-09-05 22:12:33,538 ] "updateOrCreateCreatureFromProtobuf: no creature with id 1342217123 found"
[ 2026-09-05 22:12:33,538 ] "updateOrCreateCreatureFromProtobuf: no creature with id 1342217124 found"
[ 2026-09-05 22:12:33,538 ] "updateOrCreateCreatureFromProtobuf: no creature with id 1342205075 found"
[ 2026-09-05 22:12:33,538 ] "updateOrCreateCreatureFromProtobuf: no creature with id 1342205078 found"
[ 2026-09-05 22:12:33,538 ] "updateOrCreateCreatureFromProtobuf: no creature with id 1342205134 found"
[ 2026-09-05 22:12:33,538 ] "updateOrCreateCreatureFromProtobuf: no creature with id 1342205133 found"
[ 2026-09-05 22:12:33,538 ] "updateOrCreateCreatureFromProtobuf: no creature with id 1342205079 found"
[ 2026-09-05 22:12:33,657 ] "updateOrCreateCreatureFromProtobuf: no creature with id 1342217062 found"
[ 2026-09-05 22:12:33,657 ] "updateOrCreateCreatureFromProtobuf: no creature with id 1342205030 found"
[ 2026-09-05 22:12:33,658 ] "updateOrCreateCreatureFromProtobuf: no creature with id 1342205031 found"
[ 2026-09-05 22:12:33,658 ] "updateOrCreateCreatureFromProtobuf: no creature with id 1342205076 found"
[ 2026-09-05 22:12:33,658 ] "updateOrCreateCreatureFromProtobuf: no creature with id 1342205077 found"
[ 2026-09-05 22:12:33,658 ] "updateOrCreateCreatureFromProtobuf: no creature with id 1342205085 found"
[ 2026-09-05 22:12:33,658 ] "updateOrCreateCreatureFromProtobuf: no creature with id 1342205123 found"
[ 2026-09-05 22:12:33,658 ] "updateOrCreateCreatureFromProtobuf: no creature with id 1342217123 found"
[ 2026-09-05 22:12:33,658 ] "updateOrCreateCreatureFromProtobuf: no creature with id 1342217124 found"
[ 2026-09-05 22:12:33,658 ] "updateOrCreateCreatureFromProtobuf: no creature with id 1342205075 found"
[ 2026-09-05 22:12:33,658 ] "updateOrCreateCreatureFromProtobuf: no creature with id 1342205078 found"
[ 2026-09-05 22:12:33,658 ] "updateOrCreateCreatureFromProtobuf: no creature with id 1342205134 found"
[ 2026-09-05 22:12:33,658 ] "updateOrCreateCreatureFromProtobuf: no creature with id 1342205133 found"
[ 2026-09-05 22:12:33,658 ] "updateOrCreateCreatureFromProtobuf: no creature with id 1342205079 found"
[ 2026-09-05 22:12:41,258 ] Connection to gameserver  "tcp://warzudo.com:7172" "Global"  was disconnected ( "The remote host closed the connection" )
[ 2026-09-05 22:12:41,258 ] StartDownload:  QUrl("")
[ 2026-09-05 22:12:41,287 ] Disconnected from gameserver
[ 2026-09-05 22:12:41,328 ] Didn't send news query with params (HighPotential: true Returner: true MaxKnownEditDate: 1590979202 ) (URL: QUrl("http://127.0.0.1/login.php") ) due to too many retries.
